# Real weather, not measured by a sensor in the field: 2026-05-01 to 2026-10-03, hourly, UTC. Source: Open-Meteo Historical Weather API (reanalysis), https://open-meteo.com, CC BY 4.0. Alerts: the crop rules of sensors-alerts. Written by make_sample.py.
parcelId,timestamp,temperatureC,humidityPct,precipitationMm
6401307.101,2026-04-30T21:00:00Z,5.0,59,0
6401307.101,2026-04-30T22:00:00Z,4.0,63,0
6401307.101,2026-04-30T23:00:00Z,2.6,69,0
6401307.101,2026-05-01T00:00:00Z,3.5,63,0
6401307.101,2026-05-01T01:00:00Z,2.6,66,0
6401307.101,2026-05-01T02:00:00Z,1.5,69,0
6401307.101,2026-05-01T03:00:00Z,1.1,72,0
6401307.101,2026-05-01T04:00:00Z,3.0,67,0
6401307.101,2026-05-01T05:00:00Z,5.5,62,0
6401307.101,2026-05-01T06:00:00Z,7.8,47,0
6401307.101,2026-05-01T07:00:00Z,8.9,37,0
6401307.101,2026-05-01T08:00:00Z,8.7,40,0
6401307.101,2026-05-01T09:00:00Z,9.7,40,0.1
6401307.101,2026-05-01T10:00:00Z,9.9,38,0
6401307.101,2026-05-01T11:00:00Z,9.9,40,0
6401307.101,2026-05-01T12:00:00Z,11.2,35,0
6401307.101,2026-05-01T13:00:00Z,11.4,34,0
6401307.101,2026-05-01T14:00:00Z,11.2,35,0
6401307.101,2026-05-01T15:00:00Z,10.8,38,0
6401307.101,2026-05-01T16:00:00Z,10.3,44,0
6401307.101,2026-05-01T17:00:00Z,9.4,48,0
6401307.101,2026-05-01T18:00:00Z,7.8,57,0
6401307.101,2026-05-01T19:00:00Z,8.3,62,0
6401307.101,2026-05-01T20:00:00Z,8.2,63,0
6401307.101,2026-05-01T21:00:00Z,6.9,71,0
6401307.101,2026-05-01T22:00:00Z,5.1,80,0
6401307.101,2026-05-01T23:00:00Z,4.9,82,0
6401307.101,2026-05-02T00:00:00Z,5.2,88,0
6401307.101,2026-05-02T01:00:00Z,6.7,80,0
6401307.101,2026-05-02T02:00:00Z,6.6,80,0
6401307.101,2026-05-02T03:00:00Z,6.1,80,0
6401307.101,2026-05-02T04:00:00Z,6.6,74,0
6401307.101,2026-05-02T05:00:00Z,7.8,67,0
6401307.101,2026-05-02T06:00:00Z,9.7,50,0
6401307.101,2026-05-02T07:00:00Z,10.5,37,0
6401307.101,2026-05-02T08:00:00Z,11.6,34,0
6401307.101,2026-05-02T09:00:00Z,11.6,34,0
6401307.101,2026-05-02T10:00:00Z,12.0,34,0
6401307.101,2026-05-02T11:00:00Z,12.4,34,0
6401307.101,2026-05-02T12:00:00Z,11.9,36,0
6401307.101,2026-05-02T13:00:00Z,12.0,35,0
6401307.101,2026-05-02T14:00:00Z,11.8,36,0
6401307.101,2026-05-02T15:00:00Z,11.7,35,0
6401307.101,2026-05-02T16:00:00Z,11.1,40,0
6401307.101,2026-05-02T17:00:00Z,9.4,50,0
6401307.101,2026-05-02T18:00:00Z,7.8,51,0
6401307.101,2026-05-02T19:00:00Z,7.8,53,0
6401307.101,2026-05-02T20:00:00Z,7.1,55,0
6401307.101,2026-05-02T21:00:00Z,6.5,57,0
6401307.101,2026-05-02T22:00:00Z,5.8,59,0
6401307.101,2026-05-02T23:00:00Z,4.2,67,0
6401307.101,2026-05-03T00:00:00Z,3.4,64,0
6401307.101,2026-05-03T01:00:00Z,2.3,67,0
6401307.101,2026-05-03T02:00:00Z,1.7,68,0
6401307.101,2026-05-03T03:00:00Z,1.4,69,0
6401307.101,2026-05-03T04:00:00Z,3.3,66,0
6401307.101,2026-05-03T05:00:00Z,6.6,63,0
6401307.101,2026-05-03T06:00:00Z,9.6,50,0
6401307.101,2026-05-03T07:00:00Z,11.8,41,0
6401307.101,2026-05-03T08:00:00Z,12.9,37,0
6401307.101,2026-05-03T09:00:00Z,13.8,37,0
6401307.101,2026-05-03T10:00:00Z,14.6,36,0
6401307.101,2026-05-03T11:00:00Z,15.3,36,0
6401307.101,2026-05-03T12:00:00Z,16.4,33,0
6401307.101,2026-05-03T13:00:00Z,16.7,33,0
6401307.101,2026-05-03T14:00:00Z,17.0,34,0
6401307.101,2026-05-03T15:00:00Z,16.7,35,0
6401307.101,2026-05-03T16:00:00Z,14.9,45,0
6401307.101,2026-05-03T17:00:00Z,13.1,51,0
6401307.101,2026-05-03T18:00:00Z,10.6,58,0
6401307.101,2026-05-03T19:00:00Z,11.0,60,0
6401307.101,2026-05-03T20:00:00Z,11.4,55,0
6401307.101,2026-05-03T21:00:00Z,9.4,63,0
6401307.101,2026-05-03T22:00:00Z,8.2,67,0
6401307.101,2026-05-03T23:00:00Z,7.5,69,0
6401307.101,2026-05-04T00:00:00Z,6.0,73,0
6401307.101,2026-05-04T01:00:00Z,5.9,72,0
6401307.101,2026-05-04T02:00:00Z,5.9,72,0
6401307.101,2026-05-04T03:00:00Z,5.7,72,0
6401307.101,2026-05-04T04:00:00Z,7.6,66,0
6401307.101,2026-05-04T05:00:00Z,10.3,65,0
6401307.101,2026-05-04T06:00:00Z,13.3,54,0
6401307.101,2026-05-04T07:00:00Z,15.8,47,0
6401307.101,2026-05-04T08:00:00Z,17.7,43,0
6401307.101,2026-05-04T09:00:00Z,19.1,39,0
6401307.101,2026-05-04T10:00:00Z,20.2,39,0
6401307.101,2026-05-04T11:00:00Z,20.8,39,0
6401307.101,2026-05-04T12:00:00Z,21.9,34,0
6401307.101,2026-05-04T13:00:00Z,22.1,33,0
6401307.101,2026-05-04T14:00:00Z,22.1,32,0
6401307.101,2026-05-04T15:00:00Z,21.5,31,0
6401307.101,2026-05-04T16:00:00Z,19.7,44,0
6401307.101,2026-05-04T17:00:00Z,16.2,54,0
6401307.101,2026-05-04T18:00:00Z,14.6,50,0
6401307.101,2026-05-04T19:00:00Z,14.2,50,0
6401307.101,2026-05-04T20:00:00Z,13.9,51,0
6401307.101,2026-05-04T21:00:00Z,13.2,52,0
6401307.101,2026-05-04T22:00:00Z,11.9,57,0
6401307.101,2026-05-04T23:00:00Z,11.4,59,0
6401307.101,2026-05-05T00:00:00Z,10.1,62,0
6401307.101,2026-05-05T01:00:00Z,9.3,64,0
6401307.101,2026-05-05T02:00:00Z,8.8,65,0
6401307.101,2026-05-05T03:00:00Z,8.1,70,0
6401307.101,2026-05-05T04:00:00Z,9.7,70,0
6401307.101,2026-05-05T05:00:00Z,12.4,67,0
6401307.101,2026-05-05T06:00:00Z,15.8,57,0
6401307.101,2026-05-05T07:00:00Z,19.2,48,0
6401307.101,2026-05-05T08:00:00Z,21.5,38,0
6401307.101,2026-05-05T09:00:00Z,22.7,32,0
6401307.101,2026-05-05T10:00:00Z,23.4,30,0
6401307.101,2026-05-05T11:00:00Z,23.8,30,0
6401307.101,2026-05-05T12:00:00Z,24.4,28,0
6401307.101,2026-05-05T13:00:00Z,24.4,28,0
6401307.101,2026-05-05T14:00:00Z,24.0,29,0
6401307.101,2026-05-05T15:00:00Z,23.4,32,0
6401307.101,2026-05-05T16:00:00Z,21.7,40,0
6401307.101,2026-05-05T17:00:00Z,18.9,44,0
6401307.101,2026-05-05T18:00:00Z,17.7,41,0
6401307.101,2026-05-05T19:00:00Z,16.7,44,0
6401307.101,2026-05-05T20:00:00Z,16.3,45,0
6401307.101,2026-05-05T21:00:00Z,15.0,52,0
6401307.101,2026-05-05T22:00:00Z,13.8,57,0
6401307.101,2026-05-05T23:00:00Z,12.6,62,0
6401307.101,2026-05-06T00:00:00Z,11.4,65,0
6401307.101,2026-05-06T01:00:00Z,10.5,67,0
6401307.101,2026-05-06T02:00:00Z,9.9,68,0
6401307.101,2026-05-06T03:00:00Z,10.0,67,0
6401307.101,2026-05-06T04:00:00Z,12.1,63,0
6401307.101,2026-05-06T05:00:00Z,14.2,56,0
6401307.101,2026-05-06T06:00:00Z,16.5,48,0
6401307.101,2026-05-06T07:00:00Z,19.6,45,0
6401307.101,2026-05-06T08:00:00Z,22.4,39,0
6401307.101,2026-05-06T09:00:00Z,23.9,33,0
6401307.101,2026-05-06T10:00:00Z,24.7,31,0
6401307.101,2026-05-06T11:00:00Z,25.2,30,0
6401307.101,2026-05-06T12:00:00Z,25.9,28,0
6401307.101,2026-05-06T13:00:00Z,25.9,28,0
6401307.101,2026-05-06T14:00:00Z,25.7,29,0
6401307.101,2026-05-06T15:00:00Z,24.8,31,0
6401307.101,2026-05-06T16:00:00Z,23.1,36,0
6401307.101,2026-05-06T17:00:00Z,20.8,40,0
6401307.101,2026-05-06T18:00:00Z,19.5,40,0
6401307.101,2026-05-06T19:00:00Z,18.5,41,0
6401307.101,2026-05-06T20:00:00Z,17.0,45,0
6401307.101,2026-05-06T21:00:00Z,15.9,46,0
6401307.101,2026-05-06T22:00:00Z,14.8,48,0
6401307.101,2026-05-06T23:00:00Z,13.4,50,0
6401307.101,2026-05-07T00:00:00Z,12.1,60,0
6401307.101,2026-05-07T01:00:00Z,11.0,63,0
6401307.101,2026-05-07T02:00:00Z,10.6,63,0
6401307.101,2026-05-07T03:00:00Z,10.3,65,0
6401307.101,2026-05-07T04:00:00Z,12.2,61,0
6401307.101,2026-05-07T05:00:00Z,14.5,53,0
6401307.101,2026-05-07T06:00:00Z,16.6,47,0
6401307.101,2026-05-07T07:00:00Z,18.8,41,0
6401307.101,2026-05-07T08:00:00Z,20.5,36,0
6401307.101,2026-05-07T09:00:00Z,21.8,33,0
6401307.101,2026-05-07T10:00:00Z,22.5,32,0
6401307.101,2026-05-07T11:00:00Z,23.0,31,0
6401307.101,2026-05-07T12:00:00Z,23.2,31,0
6401307.101,2026-05-07T13:00:00Z,22.9,33,0
6401307.101,2026-05-07T14:00:00Z,22.5,35,0
6401307.101,2026-05-07T15:00:00Z,21.7,39,0
6401307.101,2026-05-07T16:00:00Z,20.7,46,0
6401307.101,2026-05-07T17:00:00Z,18.8,54,0
6401307.101,2026-05-07T18:00:00Z,17.0,60,0
6401307.101,2026-05-07T19:00:00Z,15.5,68,0
6401307.101,2026-05-07T20:00:00Z,14.1,75,0
6401307.101,2026-05-07T21:00:00Z,13.0,79,0
6401307.101,2026-05-07T22:00:00Z,12.0,82,0
6401307.101,2026-05-07T23:00:00Z,11.0,84,0
6401307.101,2026-05-08T00:00:00Z,10.0,87,0
6401307.101,2026-05-08T01:00:00Z,9.5,89,0
6401307.101,2026-05-08T02:00:00Z,9.0,92,0
6401307.101,2026-05-08T03:00:00Z,9.1,93,0
6401307.101,2026-05-08T04:00:00Z,10.4,86,0
6401307.101,2026-05-08T05:00:00Z,12.0,78,0
6401307.101,2026-05-08T06:00:00Z,12.8,74,0
6401307.101,2026-05-08T07:00:00Z,14.8,66,0
6401307.101,2026-05-08T08:00:00Z,17.0,61,0
6401307.101,2026-05-08T09:00:00Z,18.8,57,0
6401307.101,2026-05-08T10:00:00Z,20.7,54,0
6401307.101,2026-05-08T11:00:00Z,21.5,53,0
6401307.101,2026-05-08T12:00:00Z,20.1,63,0
6401307.101,2026-05-08T13:00:00Z,21.8,55,0
6401307.101,2026-05-08T14:00:00Z,22.6,52,0
6401307.101,2026-05-08T15:00:00Z,21.9,54,0
6401307.101,2026-05-08T16:00:00Z,19.4,67,0.9
6401307.101,2026-05-08T17:00:00Z,17.5,84,0.5
6401307.101,2026-05-08T18:00:00Z,16.1,94,0.5
6401307.101,2026-05-08T19:00:00Z,15.7,93,0
6401307.101,2026-05-08T20:00:00Z,14.7,97,0
6401307.101,2026-05-08T21:00:00Z,14.2,97,0
6401307.101,2026-05-08T22:00:00Z,13.4,96,0
6401307.101,2026-05-08T23:00:00Z,12.7,96,0
6401307.101,2026-05-09T00:00:00Z,12.5,96,0
6401307.101,2026-05-09T01:00:00Z,11.7,97,0
6401307.101,2026-05-09T02:00:00Z,11.3,100,0
6401307.101,2026-05-09T03:00:00Z,11.1,99,0
6401307.101,2026-05-09T04:00:00Z,11.8,98,0
6401307.101,2026-05-09T05:00:00Z,13.0,93,0
6401307.101,2026-05-09T06:00:00Z,13.7,89,0
6401307.101,2026-05-09T07:00:00Z,15.1,84,0
6401307.101,2026-05-09T08:00:00Z,16.9,77,0
6401307.101,2026-05-09T09:00:00Z,18.2,72,0
6401307.101,2026-05-09T10:00:00Z,18.9,68,0
6401307.101,2026-05-09T11:00:00Z,19.6,66,0.1
6401307.101,2026-05-09T12:00:00Z,19.6,65,0
6401307.101,2026-05-09T13:00:00Z,20.1,64,0
6401307.101,2026-05-09T14:00:00Z,19.9,62,0
6401307.101,2026-05-09T15:00:00Z,19.9,54,0
6401307.101,2026-05-09T16:00:00Z,18.3,65,0
6401307.101,2026-05-09T17:00:00Z,16.1,75,0.2
6401307.101,2026-05-09T18:00:00Z,15.5,89,0.1
6401307.101,2026-05-09T19:00:00Z,14.8,92,0
6401307.101,2026-05-09T20:00:00Z,14.3,93,0
6401307.101,2026-05-09T21:00:00Z,14.2,95,0.2
6401307.101,2026-05-09T22:00:00Z,13.8,97,0.5
6401307.101,2026-05-09T23:00:00Z,13.8,97,1.1
6401307.101,2026-05-10T00:00:00Z,13.8,95,0.7
6401307.101,2026-05-10T01:00:00Z,13.6,96,1.6
6401307.101,2026-05-10T02:00:00Z,13.4,96,1.4
6401307.101,2026-05-10T03:00:00Z,13.2,97,1.0
6401307.101,2026-05-10T04:00:00Z,13.4,97,0.5
6401307.101,2026-05-10T05:00:00Z,13.7,96,0.4
6401307.101,2026-05-10T06:00:00Z,13.9,95,0.4
6401307.101,2026-05-10T07:00:00Z,14.1,95,0.5
6401307.101,2026-05-10T08:00:00Z,14.5,96,0.5
6401307.101,2026-05-10T09:00:00Z,14.6,94,0.5
6401307.101,2026-05-10T10:00:00Z,14.6,95,1.3
6401307.101,2026-05-10T11:00:00Z,14.4,97,1.8
6401307.101,2026-05-10T12:00:00Z,14.0,93,2.4
6401307.101,2026-05-10T13:00:00Z,13.8,91,0.6
6401307.101,2026-05-10T14:00:00Z,14.1,93,0.4
6401307.101,2026-05-10T15:00:00Z,14.4,92,0.2
6401307.101,2026-05-10T16:00:00Z,14.2,91,0
6401307.101,2026-05-10T17:00:00Z,13.3,91,0
6401307.101,2026-05-10T18:00:00Z,12.8,94,0
6401307.101,2026-05-10T19:00:00Z,11.6,95,0
6401307.101,2026-05-10T20:00:00Z,10.4,95,0
6401307.101,2026-05-10T21:00:00Z,9.6,96,0
6401307.101,2026-05-10T22:00:00Z,8.9,98,0
6401307.101,2026-05-10T23:00:00Z,8.4,99,0
6401307.101,2026-05-11T00:00:00Z,8.4,99,0
6401307.101,2026-05-11T01:00:00Z,7.4,100,0
6401307.101,2026-05-11T02:00:00Z,7.1,100,0
6401307.101,2026-05-11T03:00:00Z,7.2,100,0
6401307.101,2026-05-11T04:00:00Z,9.5,96,0
6401307.101,2026-05-11T05:00:00Z,12.1,94,0
6401307.101,2026-05-11T06:00:00Z,13.5,88,0
6401307.101,2026-05-11T07:00:00Z,15.7,76,0
6401307.101,2026-05-11T08:00:00Z,17.3,64,0.2
6401307.101,2026-05-11T09:00:00Z,18.3,59,0.1
6401307.101,2026-05-11T10:00:00Z,19.1,55,0
6401307.101,2026-05-11T11:00:00Z,19.9,52,0
6401307.101,2026-05-11T12:00:00Z,20.7,50,0
6401307.101,2026-05-11T13:00:00Z,21.3,47,0
6401307.101,2026-05-11T14:00:00Z,21.6,46,0
6401307.101,2026-05-11T15:00:00Z,21.0,48,0
6401307.101,2026-05-11T16:00:00Z,20.1,57,0
6401307.101,2026-05-11T17:00:00Z,17.5,68,0
6401307.101,2026-05-11T18:00:00Z,17.2,70,0
6401307.101,2026-05-11T19:00:00Z,16.3,79,0
6401307.101,2026-05-11T20:00:00Z,15.2,86,0
6401307.101,2026-05-11T21:00:00Z,14.4,90,0
6401307.101,2026-05-11T22:00:00Z,13.8,92,0
6401307.101,2026-05-11T23:00:00Z,13.5,92,0
6401307.101,2026-05-12T00:00:00Z,13.1,95,0
6401307.101,2026-05-12T01:00:00Z,12.7,96,0
6401307.101,2026-05-12T02:00:00Z,12.4,96,0
6401307.101,2026-05-12T03:00:00Z,12.2,97,0
6401307.101,2026-05-12T04:00:00Z,13.1,93,0
6401307.101,2026-05-12T05:00:00Z,14.6,86,0
6401307.101,2026-05-12T06:00:00Z,15.1,82,5.5
6401307.101,2026-05-12T07:00:00Z,15.2,85,0.5
6401307.101,2026-05-12T08:00:00Z,14.9,91,2.7
6401307.101,2026-05-12T09:00:00Z,14.9,94,1.4
6401307.101,2026-05-12T10:00:00Z,15.4,94,1.7
6401307.101,2026-05-12T11:00:00Z,15.6,94,0.6
6401307.101,2026-05-12T12:00:00Z,17.1,76,0.1
6401307.101,2026-05-12T13:00:00Z,17.3,75,0
6401307.101,2026-05-12T14:00:00Z,17.0,78,0.1
6401307.101,2026-05-12T15:00:00Z,16.6,81,0.3
6401307.101,2026-05-12T16:00:00Z,15.1,95,2.1
6401307.101,2026-05-12T17:00:00Z,14.7,96,0.2
6401307.101,2026-05-12T18:00:00Z,13.2,95,0
6401307.101,2026-05-12T19:00:00Z,13.1,96,0
6401307.101,2026-05-12T20:00:00Z,13.3,97,0
6401307.101,2026-05-12T21:00:00Z,12.4,99,0
6401307.101,2026-05-12T22:00:00Z,12.8,97,0.3
6401307.101,2026-05-12T23:00:00Z,12.1,99,0.2
6401307.101,2026-05-13T00:00:00Z,11.9,99,0
6401307.101,2026-05-13T01:00:00Z,11.2,100,0
6401307.101,2026-05-13T02:00:00Z,11.9,99,0
6401307.101,2026-05-13T03:00:00Z,12.3,98,0
6401307.101,2026-05-13T04:00:00Z,12.3,96,0
6401307.101,2026-05-13T05:00:00Z,12.7,91,0
6401307.101,2026-05-13T06:00:00Z,12.6,87,0
6401307.101,2026-05-13T07:00:00Z,13.5,80,0
6401307.101,2026-05-13T08:00:00Z,14.1,75,0
6401307.101,2026-05-13T09:00:00Z,13.9,74,0
6401307.101,2026-05-13T10:00:00Z,14.2,72,0
6401307.101,2026-05-13T11:00:00Z,14.4,73,0.2
6401307.101,2026-05-13T12:00:00Z,15.0,67,0.1
6401307.101,2026-05-13T13:00:00Z,14.8,67,0
6401307.101,2026-05-13T14:00:00Z,14.4,65,0
6401307.101,2026-05-13T15:00:00Z,13.9,64,0
6401307.101,2026-05-13T16:00:00Z,13.8,64,0
6401307.101,2026-05-13T17:00:00Z,13.4,65,0
6401307.101,2026-05-13T18:00:00Z,13.0,66,0
6401307.101,2026-05-13T19:00:00Z,12.5,67,0
6401307.101,2026-05-13T20:00:00Z,12.2,67,0
6401307.101,2026-05-13T21:00:00Z,11.5,68,0
6401307.101,2026-05-13T22:00:00Z,10.4,73,0
6401307.101,2026-05-13T23:00:00Z,9.7,77,0
6401307.101,2026-05-14T00:00:00Z,10.5,72,0
6401307.101,2026-05-14T01:00:00Z,10.0,73,0
6401307.101,2026-05-14T02:00:00Z,9.6,72,0
6401307.101,2026-05-14T03:00:00Z,9.4,68,0
6401307.101,2026-05-14T04:00:00Z,9.8,67,0
6401307.101,2026-05-14T05:00:00Z,10.5,66,0
6401307.101,2026-05-14T06:00:00Z,11.9,64,0
6401307.101,2026-05-14T07:00:00Z,13.4,58,0
6401307.101,2026-05-14T08:00:00Z,14.6,52,0
6401307.101,2026-05-14T09:00:00Z,15.3,47,0
6401307.101,2026-05-14T10:00:00Z,16.3,40,0
6401307.101,2026-05-14T11:00:00Z,16.4,41,0
6401307.101,2026-05-14T12:00:00Z,16.7,42,0
6401307.101,2026-05-14T13:00:00Z,16.8,43,0
6401307.101,2026-05-14T14:00:00Z,16.9,41,0
6401307.101,2026-05-14T15:00:00Z,16.5,42,0
6401307.101,2026-05-14T16:00:00Z,16.0,53,0
6401307.101,2026-05-14T17:00:00Z,13.8,61,0
6401307.101,2026-05-14T18:00:00Z,12.1,58,0
6401307.101,2026-05-14T19:00:00Z,10.3,66,0
6401307.101,2026-05-14T20:00:00Z,9.5,69,0
6401307.101,2026-05-14T21:00:00Z,9.1,69,0
6401307.101,2026-05-14T22:00:00Z,8.7,68,0
6401307.101,2026-05-14T23:00:00Z,8.0,70,0
6401307.101,2026-05-15T00:00:00Z,6.8,84,0
6401307.101,2026-05-15T01:00:00Z,6.4,85,0
6401307.101,2026-05-15T02:00:00Z,6.1,86,0
6401307.101,2026-05-15T03:00:00Z,6.3,85,0
6401307.101,2026-05-15T04:00:00Z,8.5,78,0
6401307.101,2026-05-15T05:00:00Z,11.0,75,0
6401307.101,2026-05-15T06:00:00Z,13.0,69,0
6401307.101,2026-05-15T07:00:00Z,15.3,59,0
6401307.101,2026-05-15T08:00:00Z,16.8,52,0
6401307.101,2026-05-15T09:00:00Z,17.8,46,0
6401307.101,2026-05-15T10:00:00Z,18.7,42,0
6401307.101,2026-05-15T11:00:00Z,19.2,40,0
6401307.101,2026-05-15T12:00:00Z,20.2,37,0
6401307.101,2026-05-15T13:00:00Z,20.4,38,0
6401307.101,2026-05-15T14:00:00Z,20.3,40,0
6401307.101,2026-05-15T15:00:00Z,19.9,42,0
6401307.101,2026-05-15T16:00:00Z,19.1,54,0
6401307.101,2026-05-15T17:00:00Z,16.3,64,0
6401307.101,2026-05-15T18:00:00Z,14.6,59,0
6401307.101,2026-05-15T19:00:00Z,14.4,58,0
6401307.101,2026-05-15T20:00:00Z,13.3,64,0
6401307.101,2026-05-15T21:00:00Z,12.1,72,0
6401307.101,2026-05-15T22:00:00Z,11.1,77,0
6401307.101,2026-05-15T23:00:00Z,10.2,84,0
6401307.101,2026-05-16T00:00:00Z,9.5,87,0
6401307.101,2026-05-16T01:00:00Z,9.3,87,0
6401307.101,2026-05-16T02:00:00Z,9.1,89,0
6401307.101,2026-05-16T03:00:00Z,9.1,91,0
6401307.101,2026-05-16T04:00:00Z,10.7,87,0
6401307.101,2026-05-16T05:00:00Z,12.8,79,0
6401307.101,2026-05-16T06:00:00Z,14.9,72,0
6401307.101,2026-05-16T07:00:00Z,17.3,64,0
6401307.101,2026-05-16T08:00:00Z,19.2,53,0
6401307.101,2026-05-16T09:00:00Z,20.2,46,0
6401307.101,2026-05-16T10:00:00Z,20.9,44,0
6401307.101,2026-05-16T11:00:00Z,21.3,43,0
6401307.101,2026-05-16T12:00:00Z,22.0,40,0
6401307.101,2026-05-16T13:00:00Z,21.6,42,0
6401307.101,2026-05-16T14:00:00Z,20.8,44,0
6401307.101,2026-05-16T15:00:00Z,19.6,46,0
6401307.101,2026-05-16T16:00:00Z,18.2,51,0
6401307.101,2026-05-16T17:00:00Z,16.2,56,0
6401307.101,2026-05-16T18:00:00Z,14.7,58,0
6401307.101,2026-05-16T19:00:00Z,13.4,64,0
6401307.101,2026-05-16T20:00:00Z,12.2,70,0
6401307.101,2026-05-16T21:00:00Z,11.0,77,0
6401307.101,2026-05-16T22:00:00Z,10.0,81,0
6401307.101,2026-05-16T23:00:00Z,9.2,85,0
6401307.101,2026-05-17T00:00:00Z,8.9,88,0
6401307.101,2026-05-17T01:00:00Z,8.3,89,0
6401307.101,2026-05-17T02:00:00Z,7.8,90,0
6401307.101,2026-05-17T03:00:00Z,7.9,89,0
6401307.101,2026-05-17T04:00:00Z,9.6,84,0
6401307.101,2026-05-17T05:00:00Z,11.9,75,0
6401307.101,2026-05-17T06:00:00Z,14.2,64,0
6401307.101,2026-05-17T07:00:00Z,16.0,54,0
6401307.101,2026-05-17T08:00:00Z,17.6,49,0
6401307.101,2026-05-17T09:00:00Z,18.9,48,0
6401307.101,2026-05-17T10:00:00Z,19.9,48,0
6401307.101,2026-05-17T11:00:00Z,20.7,46,0
6401307.101,2026-05-17T12:00:00Z,20.9,43,0.1
6401307.101,2026-05-17T13:00:00Z,21.3,43,0
6401307.101,2026-05-17T14:00:00Z,21.4,42,0
6401307.101,2026-05-17T15:00:00Z,20.9,44,0
6401307.101,2026-05-17T16:00:00Z,19.1,60,0.1
6401307.101,2026-05-17T17:00:00Z,17.5,74,0
6401307.101,2026-05-17T18:00:00Z,16.4,72,0
6401307.101,2026-05-17T19:00:00Z,15.3,74,0
6401307.101,2026-05-17T20:00:00Z,14.5,76,0
6401307.101,2026-05-17T21:00:00Z,14.2,78,0
6401307.101,2026-05-17T22:00:00Z,13.7,83,0
6401307.101,2026-05-17T23:00:00Z,12.8,88,0
6401307.101,2026-05-18T00:00:00Z,12.8,89,0
6401307.101,2026-05-18T01:00:00Z,13.1,89,0
6401307.101,2026-05-18T02:00:00Z,12.2,92,0
6401307.101,2026-05-18T03:00:00Z,12.5,90,0
6401307.101,2026-05-18T04:00:00Z,13.7,87,0
6401307.101,2026-05-18T05:00:00Z,14.9,82,0
6401307.101,2026-05-18T06:00:00Z,15.0,82,1.0
6401307.101,2026-05-18T07:00:00Z,14.7,86,0.2
6401307.101,2026-05-18T08:00:00Z,16.9,78,0
6401307.101,2026-05-18T09:00:00Z,19.7,65,0
6401307.101,2026-05-18T10:00:00Z,21.1,61,0
6401307.101,2026-05-18T11:00:00Z,21.6,60,0
6401307.101,2026-05-18T12:00:00Z,21.6,56,0.1
6401307.101,2026-05-18T13:00:00Z,21.2,56,0.2
6401307.101,2026-05-18T14:00:00Z,20.9,57,0.1
6401307.101,2026-05-18T15:00:00Z,20.8,58,0.1
6401307.101,2026-05-18T16:00:00Z,19.9,66,0
6401307.101,2026-05-18T17:00:00Z,18.6,72,0
6401307.101,2026-05-18T18:00:00Z,16.3,83,0
6401307.101,2026-05-18T19:00:00Z,15.8,85,0
6401307.101,2026-05-18T20:00:00Z,15.1,86,0
6401307.101,2026-05-18T21:00:00Z,14.4,87,0
6401307.101,2026-05-18T22:00:00Z,13.9,89,0
6401307.101,2026-05-18T23:00:00Z,13.7,90,0
6401307.101,2026-05-19T00:00:00Z,13.0,92,0
6401307.101,2026-05-19T01:00:00Z,12.9,93,0
6401307.101,2026-05-19T02:00:00Z,12.8,94,0
6401307.101,2026-05-19T03:00:00Z,12.8,94,0
6401307.101,2026-05-19T04:00:00Z,14.1,90,0
6401307.101,2026-05-19T05:00:00Z,16.0,83,0
6401307.101,2026-05-19T06:00:00Z,15.6,91,0
6401307.101,2026-05-19T07:00:00Z,16.8,82,0.1
6401307.101,2026-05-19T08:00:00Z,18.1,77,0.1
6401307.101,2026-05-19T09:00:00Z,18.9,75,0.1
6401307.101,2026-05-19T10:00:00Z,20.4,69,0
6401307.101,2026-05-19T11:00:00Z,20.3,69,0.1
6401307.101,2026-05-19T12:00:00Z,21.5,62,0.1
6401307.101,2026-05-19T13:00:00Z,18.8,84,1.6
6401307.101,2026-05-19T14:00:00Z,19.7,78,0.2
6401307.101,2026-05-19T15:00:00Z,18.7,82,0.4
6401307.101,2026-05-19T16:00:00Z,18.8,84,0.1
6401307.101,2026-05-19T17:00:00Z,18.0,86,0
6401307.101,2026-05-19T18:00:00Z,16.6,88,0
6401307.101,2026-05-19T19:00:00Z,16.1,90,0
6401307.101,2026-05-19T20:00:00Z,15.5,90,0
6401307.101,2026-05-19T21:00:00Z,15.0,88,0
6401307.101,2026-05-19T22:00:00Z,14.3,90,0
6401307.101,2026-05-19T23:00:00Z,13.9,89,0
6401307.101,2026-05-20T00:00:00Z,13.8,87,0
6401307.101,2026-05-20T01:00:00Z,13.3,90,0
6401307.101,2026-05-20T02:00:00Z,12.9,91,0
6401307.101,2026-05-20T03:00:00Z,13.2,91,0
6401307.101,2026-05-20T04:00:00Z,14.6,88,0
6401307.101,2026-05-20T05:00:00Z,16.2,84,0
6401307.101,2026-05-20T06:00:00Z,17.6,75,0
6401307.101,2026-05-20T07:00:00Z,19.4,68,0
6401307.101,2026-05-20T08:00:00Z,20.0,70,0.1
6401307.101,2026-05-20T09:00:00Z,21.8,64,0
6401307.101,2026-05-20T10:00:00Z,22.3,64,0
6401307.101,2026-05-20T11:00:00Z,22.5,64,0.1
6401307.101,2026-05-20T12:00:00Z,23.3,62,1.6
6401307.101,2026-05-20T13:00:00Z,19.3,84,3.9
6401307.101,2026-05-20T14:00:00Z,17.1,93,1.7
6401307.101,2026-05-20T15:00:00Z,18.5,89,0.4
6401307.101,2026-05-20T16:00:00Z,18.5,88,0
6401307.101,2026-05-20T17:00:00Z,18.1,86,0
6401307.101,2026-05-20T18:00:00Z,17.9,87,0
6401307.101,2026-05-20T19:00:00Z,17.3,87,0
6401307.101,2026-05-20T20:00:00Z,16.9,87,0
6401307.101,2026-05-20T21:00:00Z,16.6,88,0
6401307.101,2026-05-20T22:00:00Z,16.3,89,0
6401307.101,2026-05-20T23:00:00Z,15.9,90,0
6401307.101,2026-05-21T00:00:00Z,15.0,94,0
6401307.101,2026-05-21T01:00:00Z,14.8,94,0
6401307.101,2026-05-21T02:00:00Z,14.8,94,0
6401307.101,2026-05-21T03:00:00Z,14.8,94,0
6401307.101,2026-05-21T04:00:00Z,16.2,89,0
6401307.101,2026-05-21T05:00:00Z,17.3,87,0.6
6401307.101,2026-05-21T06:00:00Z,18.7,78,3.0
6401307.101,2026-05-21T07:00:00Z,19.9,76,0
6401307.101,2026-05-21T08:00:00Z,21.4,70,0.1
6401307.101,2026-05-21T09:00:00Z,21.9,67,0.4
6401307.101,2026-05-21T10:00:00Z,19.9,84,1.9
6401307.101,2026-05-21T11:00:00Z,19.2,85,2.2
6401307.101,2026-05-21T12:00:00Z,18.5,88,0.1
6401307.101,2026-05-21T13:00:00Z,18.5,91,4.0
6401307.101,2026-05-21T14:00:00Z,18.7,94,1.3
6401307.101,2026-05-21T15:00:00Z,17.8,94,1.3
6401307.101,2026-05-21T16:00:00Z,18.1,92,0
6401307.101,2026-05-21T17:00:00Z,17.4,92,0
6401307.101,2026-05-21T18:00:00Z,16.7,92,0
6401307.101,2026-05-21T19:00:00Z,16.5,93,0
6401307.101,2026-05-21T20:00:00Z,16.1,92,0
6401307.101,2026-05-21T21:00:00Z,15.9,92,0
6401307.101,2026-05-21T22:00:00Z,15.9,92,0
6401307.101,2026-05-21T23:00:00Z,14.6,95,0
6401307.101,2026-05-22T00:00:00Z,15.1,93,0
6401307.101,2026-05-22T01:00:00Z,14.6,93,0
6401307.101,2026-05-22T02:00:00Z,14.3,92,0
6401307.101,2026-05-22T03:00:00Z,14.2,92,0
6401307.101,2026-05-22T04:00:00Z,15.6,90,0
6401307.101,2026-05-22T05:00:00Z,17.4,85,0
6401307.101,2026-05-22T06:00:00Z,19.1,77,0
6401307.101,2026-05-22T07:00:00Z,21.1,69,0
6401307.101,2026-05-22T08:00:00Z,22.7,64,0
6401307.101,2026-05-22T09:00:00Z,24.0,59,0
6401307.101,2026-05-22T10:00:00Z,25.0,55,0
6401307.101,2026-05-22T11:00:00Z,25.6,53,0
6401307.101,2026-05-22T12:00:00Z,26.9,48,0.1
6401307.101,2026-05-22T13:00:00Z,25.0,59,1.1
6401307.101,2026-05-22T14:00:00Z,23.3,70,0.7
6401307.101,2026-05-22T15:00:00Z,22.4,74,0
6401307.101,2026-05-22T16:00:00Z,19.0,88,0
6401307.101,2026-05-22T17:00:00Z,19.2,87,0
6401307.101,2026-05-22T18:00:00Z,18.2,86,0
6401307.101,2026-05-22T19:00:00Z,18.3,82,0
6401307.101,2026-05-22T20:00:00Z,18.5,79,0
6401307.101,2026-05-22T21:00:00Z,18.7,74,0
6401307.101,2026-05-22T22:00:00Z,18.9,71,0
6401307.101,2026-05-22T23:00:00Z,18.8,70,0
6401307.101,2026-05-23T00:00:00Z,16.8,85,0
6401307.101,2026-05-23T01:00:00Z,15.8,89,0
6401307.101,2026-05-23T02:00:00Z,15.6,88,0
6401307.101,2026-05-23T03:00:00Z,15.8,86,0
6401307.101,2026-05-23T04:00:00Z,16.8,82,0
6401307.101,2026-05-23T05:00:00Z,17.9,77,0
6401307.101,2026-05-23T06:00:00Z,18.8,72,0
6401307.101,2026-05-23T07:00:00Z,20.3,67,0
6401307.101,2026-05-23T08:00:00Z,21.8,63,0
6401307.101,2026-05-23T09:00:00Z,22.9,60,0
6401307.101,2026-05-23T10:00:00Z,23.7,58,0
6401307.101,2026-05-23T11:00:00Z,24.1,57,0
6401307.101,2026-05-23T12:00:00Z,23.2,55,0
6401307.101,2026-05-23T13:00:00Z,22.5,60,0.2
6401307.101,2026-05-23T14:00:00Z,22.5,61,0.1
6401307.101,2026-05-23T15:00:00Z,21.9,63,0
6401307.101,2026-05-23T16:00:00Z,21.5,66,0
6401307.101,2026-05-23T17:00:00Z,20.1,72,0
6401307.101,2026-05-23T18:00:00Z,18.8,78,0
6401307.101,2026-05-23T19:00:00Z,17.5,80,0
6401307.101,2026-05-23T20:00:00Z,16.9,76,0
6401307.101,2026-05-23T21:00:00Z,16.4,69,0
6401307.101,2026-05-23T22:00:00Z,16.0,66,0
6401307.101,2026-05-23T23:00:00Z,15.6,66,0
6401307.101,2026-05-24T00:00:00Z,15.1,71,0
6401307.101,2026-05-24T01:00:00Z,14.3,74,0
6401307.101,2026-05-24T02:00:00Z,13.5,76,0
6401307.101,2026-05-24T03:00:00Z,13.4,77,0
6401307.101,2026-05-24T04:00:00Z,14.8,74,0
6401307.101,2026-05-24T05:00:00Z,16.4,70,0
6401307.101,2026-05-24T06:00:00Z,18.2,64,0
6401307.101,2026-05-24T07:00:00Z,20.1,57,0
6401307.101,2026-05-24T08:00:00Z,21.4,46,0
6401307.101,2026-05-24T09:00:00Z,22.2,43,0
6401307.101,2026-05-24T10:00:00Z,22.7,41,0
6401307.101,2026-05-24T11:00:00Z,22.9,39,0
6401307.101,2026-05-24T12:00:00Z,23.6,38,0
6401307.101,2026-05-24T13:00:00Z,23.6,37,0
6401307.101,2026-05-24T14:00:00Z,23.1,39,0
6401307.101,2026-05-24T15:00:00Z,22.6,44,0
6401307.101,2026-05-24T16:00:00Z,21.4,52,0
6401307.101,2026-05-24T17:00:00Z,19.6,57,0
6401307.101,2026-05-24T18:00:00Z,17.2,65,0
6401307.101,2026-05-24T19:00:00Z,16.3,66,0
6401307.101,2026-05-24T20:00:00Z,15.9,59,0
6401307.101,2026-05-24T21:00:00Z,14.6,64,0
6401307.101,2026-05-24T22:00:00Z,13.9,66,0
6401307.101,2026-05-24T23:00:00Z,13.5,67,0
6401307.101,2026-05-25T00:00:00Z,12.8,77,0
6401307.101,2026-05-25T01:00:00Z,12.5,79,0
6401307.101,2026-05-25T02:00:00Z,12.3,82,0
6401307.101,2026-05-25T03:00:00Z,12.6,83,0
6401307.101,2026-05-25T04:00:00Z,14.2,80,0
6401307.101,2026-05-25T05:00:00Z,16.3,76,0
6401307.101,2026-05-25T06:00:00Z,18.2,72,0
6401307.101,2026-05-25T07:00:00Z,20.3,68,0
6401307.101,2026-05-25T08:00:00Z,22.3,64,0
6401307.101,2026-05-25T09:00:00Z,23.7,60,0
6401307.101,2026-05-25T10:00:00Z,23.0,62,0.4
6401307.101,2026-05-25T11:00:00Z,24.1,51,0.1
6401307.101,2026-05-25T12:00:00Z,25.1,43,0
6401307.101,2026-05-25T13:00:00Z,24.8,39,0
6401307.101,2026-05-25T14:00:00Z,24.1,42,0
6401307.101,2026-05-25T15:00:00Z,23.0,45,0
6401307.101,2026-05-25T16:00:00Z,21.9,46,0
6401307.101,2026-05-25T17:00:00Z,20.1,50,0
6401307.101,2026-05-25T18:00:00Z,19.4,49,0
6401307.101,2026-05-25T19:00:00Z,18.2,54,0
6401307.101,2026-05-25T20:00:00Z,17.1,60,0
6401307.101,2026-05-25T21:00:00Z,16.7,61,0
6401307.101,2026-05-25T22:00:00Z,16.3,62,0
6401307.101,2026-05-25T23:00:00Z,15.9,63,0
6401307.101,2026-05-26T00:00:00Z,15.0,66,0
6401307.101,2026-05-26T01:00:00Z,14.1,68,0
6401307.101,2026-05-26T02:00:00Z,13.6,68,0
6401307.101,2026-05-26T03:00:00Z,13.5,71,0
6401307.101,2026-05-26T04:00:00Z,14.8,73,0
6401307.101,2026-05-26T05:00:00Z,16.8,70,0
6401307.101,2026-05-26T06:00:00Z,18.8,64,0
6401307.101,2026-05-26T07:00:00Z,20.4,57,0
6401307.101,2026-05-26T08:00:00Z,21.8,51,0
6401307.101,2026-05-26T09:00:00Z,23.1,47,0
6401307.101,2026-05-26T10:00:00Z,24.1,48,0
6401307.101,2026-05-26T11:00:00Z,25.0,47,0
6401307.101,2026-05-26T12:00:00Z,26.0,44,0
6401307.101,2026-05-26T13:00:00Z,26.2,43,0
6401307.101,2026-05-26T14:00:00Z,26.1,44,0
6401307.101,2026-05-26T15:00:00Z,25.6,45,0
6401307.101,2026-05-26T16:00:00Z,24.2,42,0
6401307.101,2026-05-26T17:00:00Z,22.2,45,0
6401307.101,2026-05-26T18:00:00Z,20.5,47,0
6401307.101,2026-05-26T19:00:00Z,19.6,51,0
6401307.101,2026-05-26T20:00:00Z,18.9,53,0
6401307.101,2026-05-26T21:00:00Z,18.2,56,0
6401307.101,2026-05-26T22:00:00Z,17.5,60,0
6401307.101,2026-05-26T23:00:00Z,16.9,61,0
6401307.101,2026-05-27T00:00:00Z,16.4,65,0
6401307.101,2026-05-27T01:00:00Z,16.0,67,0
6401307.101,2026-05-27T02:00:00Z,15.6,69,0
6401307.101,2026-05-27T03:00:00Z,15.8,70,0
6401307.101,2026-05-27T04:00:00Z,17.1,70,0
6401307.101,2026-05-27T05:00:00Z,19.0,67,0
6401307.101,2026-05-27T06:00:00Z,20.7,62,0
6401307.101,2026-05-27T07:00:00Z,22.5,57,0
6401307.101,2026-05-27T08:00:00Z,24.0,53,0
6401307.101,2026-05-27T09:00:00Z,25.4,48,0
6401307.101,2026-05-27T10:00:00Z,26.2,46,0
6401307.101,2026-05-27T11:00:00Z,27.0,45,0
6401307.101,2026-05-27T12:00:00Z,27.9,37,0
6401307.101,2026-05-27T13:00:00Z,28.2,36,0
6401307.101,2026-05-27T14:00:00Z,23.1,62,0.4
6401307.101,2026-05-27T15:00:00Z,23.7,64,0.1
6401307.101,2026-05-27T16:00:00Z,23.9,56,0
6401307.101,2026-05-27T17:00:00Z,20.1,63,0.1
6401307.101,2026-05-27T18:00:00Z,18.9,70,0
6401307.101,2026-05-27T19:00:00Z,16.8,89,1.1
6401307.101,2026-05-27T20:00:00Z,16.3,92,0
6401307.101,2026-05-27T21:00:00Z,15.3,94,0
6401307.101,2026-05-27T22:00:00Z,14.6,94,0
6401307.101,2026-05-27T23:00:00Z,14.2,94,0
6401307.101,2026-05-28T00:00:00Z,14.8,70,0
6401307.101,2026-05-28T01:00:00Z,13.5,72,0
6401307.101,2026-05-28T02:00:00Z,11.3,78,0
6401307.101,2026-05-28T03:00:00Z,11.9,77,0
6401307.101,2026-05-28T04:00:00Z,13.5,75,0
6401307.101,2026-05-28T05:00:00Z,14.8,66,0
6401307.101,2026-05-28T06:00:00Z,15.9,62,0
6401307.101,2026-05-28T07:00:00Z,17.3,49,0
6401307.101,2026-05-28T08:00:00Z,17.9,41,0
6401307.101,2026-05-28T09:00:00Z,18.2,39,0
6401307.101,2026-05-28T10:00:00Z,18.3,37,0
6401307.101,2026-05-28T11:00:00Z,18.4,36,0
6401307.101,2026-05-28T12:00:00Z,18.4,34,0
6401307.101,2026-05-28T13:00:00Z,18.0,37,0
6401307.101,2026-05-28T14:00:00Z,17.7,37,0
6401307.101,2026-05-28T15:00:00Z,17.3,38,0
6401307.101,2026-05-28T16:00:00Z,16.7,43,0
6401307.101,2026-05-28T17:00:00Z,15.5,43,0
6401307.101,2026-05-28T18:00:00Z,14.2,45,0
6401307.101,2026-05-28T19:00:00Z,12.8,50,0
6401307.101,2026-05-28T20:00:00Z,11.6,55,0
6401307.101,2026-05-28T21:00:00Z,10.5,60,0
6401307.101,2026-05-28T22:00:00Z,10.1,61,0
6401307.101,2026-05-28T23:00:00Z,10.0,60,0
6401307.101,2026-05-29T00:00:00Z,9.1,65,0
6401307.101,2026-05-29T01:00:00Z,8.4,69,0
6401307.101,2026-05-29T02:00:00Z,8.0,72,0
6401307.101,2026-05-29T03:00:00Z,8.3,73,0
6401307.101,2026-05-29T04:00:00Z,9.8,73,0
6401307.101,2026-05-29T05:00:00Z,11.5,69,0
6401307.101,2026-05-29T06:00:00Z,13.1,65,0
6401307.101,2026-05-29T07:00:00Z,14.4,56,0
6401307.101,2026-05-29T08:00:00Z,15.1,48,0.1
6401307.101,2026-05-29T09:00:00Z,16.0,47,0
6401307.101,2026-05-29T10:00:00Z,16.5,47,0.1
6401307.101,2026-05-29T11:00:00Z,16.8,47,0.1
6401307.101,2026-05-29T12:00:00Z,17.2,42,0.1
6401307.101,2026-05-29T13:00:00Z,17.0,39,0
6401307.101,2026-05-29T14:00:00Z,16.9,39,0
6401307.101,2026-05-29T15:00:00Z,16.5,41,0
6401307.101,2026-05-29T16:00:00Z,15.8,44,0
6401307.101,2026-05-29T17:00:00Z,13.9,51,0.1
6401307.101,2026-05-29T18:00:00Z,13.5,47,0
6401307.101,2026-05-29T19:00:00Z,12.4,50,0
6401307.101,2026-05-29T20:00:00Z,12.0,54,0
6401307.101,2026-05-29T21:00:00Z,11.5,56,0
6401307.101,2026-05-29T22:00:00Z,10.5,61,0
6401307.101,2026-05-29T23:00:00Z,9.7,64,0
6401307.101,2026-05-30T00:00:00Z,9.7,65,0
6401307.101,2026-05-30T01:00:00Z,10.5,65,0
6401307.101,2026-05-30T02:00:00Z,10.4,69,0
6401307.101,2026-05-30T03:00:00Z,10.6,73,0.1
6401307.101,2026-05-30T04:00:00Z,10.8,80,0.3
6401307.101,2026-05-30T05:00:00Z,10.5,89,1.0
6401307.101,2026-05-30T06:00:00Z,10.6,89,0.3
6401307.101,2026-05-30T07:00:00Z,11.2,75,0.3
6401307.101,2026-05-30T08:00:00Z,11.5,84,0.5
6401307.101,2026-05-30T09:00:00Z,14.0,67,0.4
6401307.101,2026-05-30T10:00:00Z,10.5,87,3.3
6401307.101,2026-05-30T11:00:00Z,13.6,62,0.2
6401307.101,2026-05-30T12:00:00Z,15.1,56,0.2
6401307.101,2026-05-30T13:00:00Z,15.8,53,0
6401307.101,2026-05-30T14:00:00Z,16.2,48,0
6401307.101,2026-05-30T15:00:00Z,16.1,46,0
6401307.101,2026-05-30T16:00:00Z,15.8,52,0
6401307.101,2026-05-30T17:00:00Z,14.1,62,0
6401307.101,2026-05-30T18:00:00Z,12.5,67,0
6401307.101,2026-05-30T19:00:00Z,12.2,67,0
6401307.101,2026-05-30T20:00:00Z,11.4,72,0
6401307.101,2026-05-30T21:00:00Z,11.6,74,0
6401307.101,2026-05-30T22:00:00Z,11.6,72,0
6401307.101,2026-05-30T23:00:00Z,11.1,74,0
6401307.101,2026-05-31T00:00:00Z,11.5,76,0
6401307.101,2026-05-31T01:00:00Z,10.3,84,0
6401307.101,2026-05-31T02:00:00Z,9.1,90,0
6401307.101,2026-05-31T03:00:00Z,9.4,91,0
6401307.101,2026-05-31T04:00:00Z,11.5,85,0
6401307.101,2026-05-31T05:00:00Z,13.2,80,0
6401307.101,2026-05-31T06:00:00Z,14.4,78,0
6401307.101,2026-05-31T07:00:00Z,16.0,73,0
6401307.101,2026-05-31T08:00:00Z,17.4,65,0.1
6401307.101,2026-05-31T09:00:00Z,17.8,63,0.1
6401307.101,2026-05-31T10:00:00Z,18.0,62,0.1
6401307.101,2026-05-31T11:00:00Z,18.6,57,0.1
6401307.101,2026-05-31T12:00:00Z,18.7,52,0.1
6401307.101,2026-05-31T13:00:00Z,18.9,51,0
6401307.101,2026-05-31T14:00:00Z,19.0,52,0
6401307.101,2026-05-31T15:00:00Z,18.5,51,0
6401307.101,2026-05-31T16:00:00Z,17.6,59,0
6401307.101,2026-05-31T17:00:00Z,16.4,64,0
6401307.101,2026-05-31T18:00:00Z,15.6,74,0
6401307.101,2026-05-31T19:00:00Z,15.1,74,0
6401307.101,2026-05-31T20:00:00Z,14.2,76,0
6401307.101,2026-05-31T21:00:00Z,14.3,79,0
6401307.101,2026-05-31T22:00:00Z,13.9,82,0
6401307.101,2026-05-31T23:00:00Z,13.2,87,0.3
6401307.101,2026-06-01T00:00:00Z,12.9,88,0.5
6401307.101,2026-06-01T01:00:00Z,12.6,91,0.2
6401307.101,2026-06-01T02:00:00Z,12.3,94,0
6401307.101,2026-06-01T03:00:00Z,12.3,95,0
6401307.101,2026-06-01T04:00:00Z,12.9,91,0
6401307.101,2026-06-01T05:00:00Z,13.7,83,0
6401307.101,2026-06-01T06:00:00Z,13.5,87,0
6401307.101,2026-06-01T07:00:00Z,14.2,82,0.1
6401307.101,2026-06-01T08:00:00Z,15.0,79,0.1
6401307.101,2026-06-01T09:00:00Z,16.5,70,0.1
6401307.101,2026-06-01T10:00:00Z,17.5,64,0.2
6401307.101,2026-06-01T11:00:00Z,18.7,57,0
6401307.101,2026-06-01T12:00:00Z,18.9,55,0
6401307.101,2026-06-01T13:00:00Z,19.3,51,0
6401307.101,2026-06-01T14:00:00Z,19.4,50,0
6401307.101,2026-06-01T15:00:00Z,19.5,49,0
6401307.101,2026-06-01T16:00:00Z,18.9,52,0
6401307.101,2026-06-01T17:00:00Z,17.4,64,0
6401307.101,2026-06-01T18:00:00Z,15.8,67,0
6401307.101,2026-06-01T19:00:00Z,14.7,68,0
6401307.101,2026-06-01T20:00:00Z,14.7,68,0
6401307.101,2026-06-01T21:00:00Z,14.2,79,0
6401307.101,2026-06-01T22:00:00Z,13.0,91,0
6401307.101,2026-06-01T23:00:00Z,12.3,95,0
6401307.101,2026-06-02T00:00:00Z,12.1,95,0
6401307.101,2026-06-02T01:00:00Z,11.5,96,0
6401307.101,2026-06-02T02:00:00Z,11.5,95,0
6401307.101,2026-06-02T03:00:00Z,12.0,93,0
6401307.101,2026-06-02T04:00:00Z,12.7,91,0
6401307.101,2026-06-02T05:00:00Z,12.9,90,0
6401307.101,2026-06-02T06:00:00Z,13.5,89,0.2
6401307.101,2026-06-02T07:00:00Z,13.7,91,0.4
6401307.101,2026-06-02T08:00:00Z,14.2,94,0.5
6401307.101,2026-06-02T09:00:00Z,14.0,93,1.2
6401307.101,2026-06-02T10:00:00Z,14.3,93,2.0
6401307.101,2026-06-02T11:00:00Z,14.3,92,1.2
6401307.101,2026-06-02T12:00:00Z,13.8,92,0.5
6401307.101,2026-06-02T13:00:00Z,14.2,93,0.7
6401307.101,2026-06-02T14:00:00Z,13.9,93,0.7
6401307.101,2026-06-02T15:00:00Z,13.8,94,2.2
6401307.101,2026-06-02T16:00:00Z,13.5,94,3.2
6401307.101,2026-06-02T17:00:00Z,13.3,94,5.8
6401307.101,2026-06-02T18:00:00Z,13.2,95,5.2
6401307.101,2026-06-02T19:00:00Z,13.2,96,2.9
6401307.101,2026-06-02T20:00:00Z,13.4,96,2.2
6401307.101,2026-06-02T21:00:00Z,13.5,96,2.2
6401307.101,2026-06-02T22:00:00Z,13.6,97,1.9
6401307.101,2026-06-02T23:00:00Z,13.6,97,3.4
6401307.101,2026-06-03T00:00:00Z,13.5,97,3.5
6401307.101,2026-06-03T01:00:00Z,13.5,97,0.8
6401307.101,2026-06-03T02:00:00Z,13.5,97,0.8
6401307.101,2026-06-03T03:00:00Z,13.4,97,0.9
6401307.101,2026-06-03T04:00:00Z,13.5,97,1.1
6401307.101,2026-06-03T05:00:00Z,13.8,97,0.7
6401307.101,2026-06-03T06:00:00Z,13.1,97,0.5
6401307.101,2026-06-03T07:00:00Z,13.7,93,0.1
6401307.101,2026-06-03T08:00:00Z,14.3,91,0
6401307.101,2026-06-03T09:00:00Z,15.2,87,0
6401307.101,2026-06-03T10:00:00Z,16.3,84,0.1
6401307.101,2026-06-03T11:00:00Z,17.0,80,0
6401307.101,2026-06-03T12:00:00Z,16.9,80,0
6401307.101,2026-06-03T13:00:00Z,17.4,77,0.1
6401307.101,2026-06-03T14:00:00Z,17.8,76,0.1
6401307.101,2026-06-03T15:00:00Z,17.6,76,0
6401307.101,2026-06-03T16:00:00Z,17.5,76,0
6401307.101,2026-06-03T17:00:00Z,17.1,79,0
6401307.101,2026-06-03T18:00:00Z,16.2,85,0
6401307.101,2026-06-03T19:00:00Z,15.3,89,0
6401307.101,2026-06-03T20:00:00Z,14.1,92,0
6401307.101,2026-06-03T21:00:00Z,14.2,92,0
6401307.101,2026-06-03T22:00:00Z,13.6,93,0
6401307.101,2026-06-03T23:00:00Z,13.1,95,0
6401307.101,2026-06-04T00:00:00Z,13.8,96,0
6401307.101,2026-06-04T01:00:00Z,13.7,97,0
6401307.101,2026-06-04T02:00:00Z,13.8,98,0
6401307.101,2026-06-04T03:00:00Z,14.3,99,0
6401307.101,2026-06-04T04:00:00Z,15.2,96,0
6401307.101,2026-06-04T05:00:00Z,15.9,93,0.1
6401307.101,2026-06-04T06:00:00Z,16.3,89,0
6401307.101,2026-06-04T07:00:00Z,17.4,81,0
6401307.101,2026-06-04T08:00:00Z,18.5,78,0.1
6401307.101,2026-06-04T09:00:00Z,19.6,74,0
6401307.101,2026-06-04T10:00:00Z,20.1,72,0.1
6401307.101,2026-06-04T11:00:00Z,20.7,71,0.1
6401307.101,2026-06-04T12:00:00Z,21.8,68,0.1
6401307.101,2026-06-04T13:00:00Z,22.6,66,0
6401307.101,2026-06-04T14:00:00Z,22.6,67,0
6401307.101,2026-06-04T15:00:00Z,22.3,67,0
6401307.101,2026-06-04T16:00:00Z,21.9,68,0
6401307.101,2026-06-04T17:00:00Z,20.5,78,0
6401307.101,2026-06-04T18:00:00Z,18.9,80,0
6401307.101,2026-06-04T19:00:00Z,18.1,83,0
6401307.101,2026-06-04T20:00:00Z,17.1,87,0
6401307.101,2026-06-04T21:00:00Z,16.3,90,0
6401307.101,2026-06-04T22:00:00Z,15.7,92,0
6401307.101,2026-06-04T23:00:00Z,15.0,95,0
6401307.101,2026-06-05T00:00:00Z,14.7,97,0
6401307.101,2026-06-05T01:00:00Z,14.0,99,0
6401307.101,2026-06-05T02:00:00Z,13.5,100,0
6401307.101,2026-06-05T03:00:00Z,14.1,99,0
6401307.101,2026-06-05T04:00:00Z,15.7,96,0
6401307.101,2026-06-05T05:00:00Z,17.6,88,0
6401307.101,2026-06-05T06:00:00Z,19.3,79,0
6401307.101,2026-06-05T07:00:00Z,20.9,71,0
6401307.101,2026-06-05T08:00:00Z,22.2,66,0
6401307.101,2026-06-05T09:00:00Z,23.2,63,0
6401307.101,2026-06-05T10:00:00Z,24.1,58,0
6401307.101,2026-06-05T11:00:00Z,24.5,57,0.1
6401307.101,2026-06-05T12:00:00Z,25.1,52,0
6401307.101,2026-06-05T13:00:00Z,25.2,53,0
6401307.101,2026-06-05T14:00:00Z,25.0,55,0
6401307.101,2026-06-05T15:00:00Z,24.6,57,0
6401307.101,2026-06-05T16:00:00Z,24.0,63,0
6401307.101,2026-06-05T17:00:00Z,22.4,72,0
6401307.101,2026-06-05T18:00:00Z,21.0,76,0
6401307.101,2026-06-05T19:00:00Z,20.0,82,0
6401307.101,2026-06-05T20:00:00Z,19.4,85,0
6401307.101,2026-06-05T21:00:00Z,18.8,87,0
6401307.101,2026-06-05T22:00:00Z,18.3,88,0
6401307.101,2026-06-05T23:00:00Z,17.6,90,0.2
6401307.101,2026-06-06T00:00:00Z,17.5,90,0.2
6401307.101,2026-06-06T01:00:00Z,16.6,94,0
6401307.101,2026-06-06T02:00:00Z,16.1,95,0
6401307.101,2026-06-06T03:00:00Z,16.4,94,0.1
6401307.101,2026-06-06T04:00:00Z,17.6,92,0.1
6401307.101,2026-06-06T05:00:00Z,17.9,94,5.1
6401307.101,2026-06-06T06:00:00Z,19.7,93,1.7
6401307.101,2026-06-06T07:00:00Z,21.1,86,0
6401307.101,2026-06-06T08:00:00Z,22.9,78,0
6401307.101,2026-06-06T09:00:00Z,24.1,73,0
6401307.101,2026-06-06T10:00:00Z,24.9,69,0.1
6401307.101,2026-06-06T11:00:00Z,25.2,65,0.1
6401307.101,2026-06-06T12:00:00Z,24.7,68,0.3
6401307.101,2026-06-06T13:00:00Z,21.2,86,1.7
6401307.101,2026-06-06T14:00:00Z,20.6,93,4.4
6401307.101,2026-06-06T15:00:00Z,20.2,92,0.9
6401307.101,2026-06-06T16:00:00Z,20.3,91,0.3
6401307.101,2026-06-06T17:00:00Z,19.9,95,0
6401307.101,2026-06-06T18:00:00Z,19.5,95,0
6401307.101,2026-06-06T19:00:00Z,18.9,96,0.3
6401307.101,2026-06-06T20:00:00Z,18.4,96,0.1
6401307.101,2026-06-06T21:00:00Z,17.9,98,0.3
6401307.101,2026-06-06T22:00:00Z,17.4,99,0.3
6401307.101,2026-06-06T23:00:00Z,17.0,99,0
6401307.101,2026-06-07T00:00:00Z,17.1,100,0
6401307.101,2026-06-07T01:00:00Z,16.7,99,0
6401307.101,2026-06-07T02:00:00Z,16.5,100,0.1
6401307.101,2026-06-07T03:00:00Z,16.4,99,0.3
6401307.101,2026-06-07T04:00:00Z,16.8,97,0
6401307.101,2026-06-07T05:00:00Z,17.4,94,0
6401307.101,2026-06-07T06:00:00Z,16.7,96,0
6401307.101,2026-06-07T07:00:00Z,17.7,97,1.6
6401307.101,2026-06-07T08:00:00Z,17.6,92,3.0
6401307.101,2026-06-07T09:00:00Z,17.7,95,2.4
6401307.101,2026-06-07T10:00:00Z,17.5,94,1.9
6401307.101,2026-06-07T11:00:00Z,17.7,94,1.6
6401307.101,2026-06-07T12:00:00Z,18.2,94,0.8
6401307.101,2026-06-07T13:00:00Z,18.1,93,1.3
6401307.101,2026-06-07T14:00:00Z,18.0,93,0.6
6401307.101,2026-06-07T15:00:00Z,17.8,94,0.6
6401307.101,2026-06-07T16:00:00Z,17.5,94,0.8
6401307.101,2026-06-07T17:00:00Z,17.2,95,0.4
6401307.101,2026-06-07T18:00:00Z,17.2,94,0.5
6401307.101,2026-06-07T19:00:00Z,16.9,94,0.1
6401307.101,2026-06-07T20:00:00Z,16.6,94,0
6401307.101,2026-06-07T21:00:00Z,16.4,94,0
6401307.101,2026-06-07T22:00:00Z,15.9,92,0
6401307.101,2026-06-07T23:00:00Z,15.4,91,0
6401307.101,2026-06-08T00:00:00Z,15.1,92,0
6401307.101,2026-06-08T01:00:00Z,14.7,93,0
6401307.101,2026-06-08T02:00:00Z,14.5,93,0
6401307.101,2026-06-08T03:00:00Z,14.7,93,0
6401307.101,2026-06-08T04:00:00Z,15.8,89,0
6401307.101,2026-06-08T05:00:00Z,17.2,84,0
6401307.101,2026-06-08T06:00:00Z,18.9,76,0
6401307.101,2026-06-08T07:00:00Z,20.6,66,0
6401307.101,2026-06-08T08:00:00Z,21.8,56,0
6401307.101,2026-06-08T09:00:00Z,22.6,52,0.1
6401307.101,2026-06-08T10:00:00Z,23.1,51,0
6401307.101,2026-06-08T11:00:00Z,23.4,49,0.1
6401307.101,2026-06-08T12:00:00Z,24.2,44,0.1
6401307.101,2026-06-08T13:00:00Z,24.0,45,0
6401307.101,2026-06-08T14:00:00Z,23.9,46,0
6401307.101,2026-06-08T15:00:00Z,23.4,49,0
6401307.101,2026-06-08T16:00:00Z,22.5,56,0
6401307.101,2026-06-08T17:00:00Z,20.8,65,0
6401307.101,2026-06-08T18:00:00Z,19.2,68,0
6401307.101,2026-06-08T19:00:00Z,18.3,71,0
6401307.101,2026-06-08T20:00:00Z,17.5,75,0
6401307.101,2026-06-08T21:00:00Z,17.0,77,0
6401307.101,2026-06-08T22:00:00Z,15.9,83,0
6401307.101,2026-06-08T23:00:00Z,15.3,85,0
6401307.101,2026-06-09T00:00:00Z,15.1,86,0
6401307.101,2026-06-09T01:00:00Z,14.3,90,0
6401307.101,2026-06-09T02:00:00Z,13.7,92,0
6401307.101,2026-06-09T03:00:00Z,14.1,92,0
6401307.101,2026-06-09T04:00:00Z,16.0,87,0
6401307.101,2026-06-09T05:00:00Z,17.8,82,0
6401307.101,2026-06-09T06:00:00Z,19.8,76,0
6401307.101,2026-06-09T07:00:00Z,21.7,68,0
6401307.101,2026-06-09T08:00:00Z,23.0,60,0
6401307.101,2026-06-09T09:00:00Z,23.8,53,0
6401307.101,2026-06-09T10:00:00Z,24.2,49,0
6401307.101,2026-06-09T11:00:00Z,24.2,48,0.1
6401307.101,2026-06-09T12:00:00Z,24.6,48,0.1
6401307.101,2026-06-09T13:00:00Z,24.6,48,0
6401307.101,2026-06-09T14:00:00Z,24.4,49,0
6401307.101,2026-06-09T15:00:00Z,24.1,50,0
6401307.101,2026-06-09T16:00:00Z,23.4,56,0
6401307.101,2026-06-09T17:00:00Z,22.0,73,0
6401307.101,2026-06-09T18:00:00Z,20.7,65,0
6401307.101,2026-06-09T19:00:00Z,19.3,71,0
6401307.101,2026-06-09T20:00:00Z,18.0,77,0
6401307.101,2026-06-09T21:00:00Z,17.1,82,0
6401307.101,2026-06-09T22:00:00Z,16.9,82,0
6401307.101,2026-06-09T23:00:00Z,16.6,82,0
6401307.101,2026-06-10T00:00:00Z,15.6,86,0
6401307.101,2026-06-10T01:00:00Z,15.1,86,0
6401307.101,2026-06-10T02:00:00Z,15.0,86,0
6401307.101,2026-06-10T03:00:00Z,15.6,87,0
6401307.101,2026-06-10T04:00:00Z,17.2,86,0
6401307.101,2026-06-10T05:00:00Z,19.7,75,0
6401307.101,2026-06-10T06:00:00Z,21.4,66,0
6401307.101,2026-06-10T07:00:00Z,23.2,60,0
6401307.101,2026-06-10T08:00:00Z,24.3,54,0
6401307.101,2026-06-10T09:00:00Z,24.8,48,0.1
6401307.101,2026-06-10T10:00:00Z,25.3,48,0.1
6401307.101,2026-06-10T11:00:00Z,25.5,47,0
6401307.101,2026-06-10T12:00:00Z,26.4,41,0
6401307.101,2026-06-10T13:00:00Z,26.4,42,0
6401307.101,2026-06-10T14:00:00Z,26.3,43,0
6401307.101,2026-06-10T15:00:00Z,25.8,45,0
6401307.101,2026-06-10T16:00:00Z,24.9,56,0
6401307.101,2026-06-10T17:00:00Z,23.1,67,0
6401307.101,2026-06-10T18:00:00Z,21.5,68,0
6401307.101,2026-06-10T19:00:00Z,20.7,70,0
6401307.101,2026-06-10T20:00:00Z,20.0,72,0
6401307.101,2026-06-10T21:00:00Z,19.4,74,0
6401307.101,2026-06-10T22:00:00Z,18.8,75,0
6401307.101,2026-06-10T23:00:00Z,18.2,78,0
6401307.101,2026-06-11T00:00:00Z,17.7,80,0
6401307.101,2026-06-11T01:00:00Z,16.8,85,0
6401307.101,2026-06-11T02:00:00Z,15.9,91,0
6401307.101,2026-06-11T03:00:00Z,16.2,95,0
6401307.101,2026-06-11T04:00:00Z,18.2,87,0
6401307.101,2026-06-11T05:00:00Z,20.4,78,0
6401307.101,2026-06-11T06:00:00Z,22.5,67,0
6401307.101,2026-06-11T07:00:00Z,24.1,60,0
6401307.101,2026-06-11T08:00:00Z,25.3,57,0
6401307.101,2026-06-11T09:00:00Z,26.1,53,0.1
6401307.101,2026-06-11T10:00:00Z,26.8,49,0
6401307.101,2026-06-11T11:00:00Z,27.0,47,0
6401307.101,2026-06-11T12:00:00Z,27.4,45,0
6401307.101,2026-06-11T13:00:00Z,27.4,46,0
6401307.101,2026-06-11T14:00:00Z,27.1,46,0
6401307.101,2026-06-11T15:00:00Z,26.7,47,0
6401307.101,2026-06-11T16:00:00Z,26.1,54,0
6401307.101,2026-06-11T17:00:00Z,24.1,67,0
6401307.101,2026-06-11T18:00:00Z,22.5,68,0
6401307.101,2026-06-11T19:00:00Z,22.3,70,0
6401307.101,2026-06-11T20:00:00Z,21.1,75,0
6401307.101,2026-06-11T21:00:00Z,20.1,79,0
6401307.101,2026-06-11T22:00:00Z,18.9,85,0.2
6401307.101,2026-06-11T23:00:00Z,18.2,89,0.2
6401307.101,2026-06-12T00:00:00Z,17.5,98,0
6401307.101,2026-06-12T01:00:00Z,17.4,97,0
6401307.101,2026-06-12T02:00:00Z,17.1,98,0
6401307.101,2026-06-12T03:00:00Z,17.3,98,0
6401307.101,2026-06-12T04:00:00Z,18.4,95,0
6401307.101,2026-06-12T05:00:00Z,19.4,91,0
6401307.101,2026-06-12T06:00:00Z,19.4,89,0
6401307.101,2026-06-12T07:00:00Z,20.5,83,0.1
6401307.101,2026-06-12T08:00:00Z,19.2,90,4.0
6401307.101,2026-06-12T09:00:00Z,18.4,94,1.8
6401307.101,2026-06-12T10:00:00Z,19.9,83,0.5
6401307.101,2026-06-12T11:00:00Z,18.6,83,0.3
6401307.101,2026-06-12T12:00:00Z,16.3,82,0.1
6401307.101,2026-06-12T13:00:00Z,15.5,86,0.5
6401307.101,2026-06-12T14:00:00Z,14.6,89,0.5
6401307.101,2026-06-12T15:00:00Z,15.2,79,0
6401307.101,2026-06-12T16:00:00Z,15.2,73,0
6401307.101,2026-06-12T17:00:00Z,14.2,74,0
6401307.101,2026-06-12T18:00:00Z,13.3,79,0
6401307.101,2026-06-12T19:00:00Z,12.7,82,0
6401307.101,2026-06-12T20:00:00Z,12.4,83,0
6401307.101,2026-06-12T21:00:00Z,12.2,82,0
6401307.101,2026-06-12T22:00:00Z,12.7,78,0
6401307.101,2026-06-12T23:00:00Z,12.6,76,0
6401307.101,2026-06-13T00:00:00Z,12.3,77,0
6401307.101,2026-06-13T01:00:00Z,11.4,80,0
6401307.101,2026-06-13T02:00:00Z,10.5,83,0
6401307.101,2026-06-13T03:00:00Z,10.4,83,0
6401307.101,2026-06-13T04:00:00Z,11.3,81,0
6401307.101,2026-06-13T05:00:00Z,12.8,76,0
6401307.101,2026-06-13T06:00:00Z,14.0,73,0
6401307.101,2026-06-13T07:00:00Z,15.8,66,0
6401307.101,2026-06-13T08:00:00Z,17.3,61,0
6401307.101,2026-06-13T09:00:00Z,18.5,57,0
6401307.101,2026-06-13T10:00:00Z,19.6,53,0
6401307.101,2026-06-13T11:00:00Z,20.6,48,0
6401307.101,2026-06-13T12:00:00Z,21.2,46,0
6401307.101,2026-06-13T13:00:00Z,21.5,43,0
6401307.101,2026-06-13T14:00:00Z,21.4,42,0
6401307.101,2026-06-13T15:00:00Z,21.3,42,0
6401307.101,2026-06-13T16:00:00Z,20.4,51,0
6401307.101,2026-06-13T17:00:00Z,18.8,63,0
6401307.101,2026-06-13T18:00:00Z,16.8,66,0
6401307.101,2026-06-13T19:00:00Z,16.3,68,0
6401307.101,2026-06-13T20:00:00Z,15.6,71,0
6401307.101,2026-06-13T21:00:00Z,15.1,74,0
6401307.101,2026-06-13T22:00:00Z,14.4,77,0
6401307.101,2026-06-13T23:00:00Z,14.0,77,0
6401307.101,2026-06-14T00:00:00Z,13.3,77,0
6401307.101,2026-06-14T01:00:00Z,12.7,81,0
6401307.101,2026-06-14T02:00:00Z,12.2,84,0
6401307.101,2026-06-14T03:00:00Z,12.8,84,0
6401307.101,2026-06-14T04:00:00Z,15.8,72,0
6401307.101,2026-06-14T05:00:00Z,17.7,67,0
6401307.101,2026-06-14T06:00:00Z,18.5,68,0
6401307.101,2026-06-14T07:00:00Z,20.0,65,0
6401307.101,2026-06-14T08:00:00Z,21.4,58,0
6401307.101,2026-06-14T09:00:00Z,21.9,58,0.2
6401307.101,2026-06-14T10:00:00Z,22.5,59,0.1
6401307.101,2026-06-14T11:00:00Z,23.2,58,0.1
6401307.101,2026-06-14T12:00:00Z,23.1,53,0
6401307.101,2026-06-14T13:00:00Z,21.5,60,0.2
6401307.101,2026-06-14T14:00:00Z,22.4,56,0
6401307.101,2026-06-14T15:00:00Z,22.3,55,0
6401307.101,2026-06-14T16:00:00Z,21.8,58,0
6401307.101,2026-06-14T17:00:00Z,20.4,70,0
6401307.101,2026-06-14T18:00:00Z,18.6,72,0
6401307.101,2026-06-14T19:00:00Z,18.0,73,0
6401307.101,2026-06-14T20:00:00Z,17.9,74,0
6401307.101,2026-06-14T21:00:00Z,16.6,79,0
6401307.101,2026-06-14T22:00:00Z,16.2,78,0
6401307.101,2026-06-14T23:00:00Z,16.9,71,0
6401307.101,2026-06-15T00:00:00Z,13.9,92,0.3
6401307.101,2026-06-15T01:00:00Z,13.3,93,0
6401307.101,2026-06-15T02:00:00Z,12.8,94,0
6401307.101,2026-06-15T03:00:00Z,12.9,94,0
6401307.101,2026-06-15T04:00:00Z,14.0,89,0
6401307.101,2026-06-15T05:00:00Z,14.9,84,0
6401307.101,2026-06-15T06:00:00Z,15.7,76,0
6401307.101,2026-06-15T07:00:00Z,17.0,70,0
6401307.101,2026-06-15T08:00:00Z,18.1,62,0
6401307.101,2026-06-15T09:00:00Z,18.7,59,0.1
6401307.101,2026-06-15T10:00:00Z,19.5,56,0.1
6401307.101,2026-06-15T11:00:00Z,20.2,53,0.1
6401307.101,2026-06-15T12:00:00Z,20.5,48,0
6401307.101,2026-06-15T13:00:00Z,20.7,47,0
6401307.101,2026-06-15T14:00:00Z,20.8,48,0
6401307.101,2026-06-15T15:00:00Z,20.6,49,0
6401307.101,2026-06-15T16:00:00Z,20.1,51,0
6401307.101,2026-06-15T17:00:00Z,18.9,64,0
6401307.101,2026-06-15T18:00:00Z,17.2,62,0
6401307.101,2026-06-15T19:00:00Z,16.2,66,0
6401307.101,2026-06-15T20:00:00Z,15.2,70,0
6401307.101,2026-06-15T21:00:00Z,14.5,73,0
6401307.101,2026-06-15T22:00:00Z,14.1,74,0
6401307.101,2026-06-15T23:00:00Z,13.6,76,0
6401307.101,2026-06-16T00:00:00Z,13.0,79,0
6401307.101,2026-06-16T01:00:00Z,12.0,84,0
6401307.101,2026-06-16T02:00:00Z,11.1,87,0
6401307.101,2026-06-16T03:00:00Z,11.6,87,0
6401307.101,2026-06-16T04:00:00Z,13.5,82,0
6401307.101,2026-06-16T05:00:00Z,15.6,75,0
6401307.101,2026-06-16T06:00:00Z,17.1,69,0
6401307.101,2026-06-16T07:00:00Z,18.8,61,0
6401307.101,2026-06-16T08:00:00Z,19.7,57,0
6401307.101,2026-06-16T09:00:00Z,20.6,56,0
6401307.101,2026-06-16T10:00:00Z,20.9,53,0.1
6401307.101,2026-06-16T11:00:00Z,21.4,50,0
6401307.101,2026-06-16T12:00:00Z,21.8,46,0
6401307.101,2026-06-16T13:00:00Z,22.1,45,0
6401307.101,2026-06-16T14:00:00Z,22.2,45,0
6401307.101,2026-06-16T15:00:00Z,21.6,47,0.1
6401307.101,2026-06-16T16:00:00Z,20.8,54,0.1
6401307.101,2026-06-16T17:00:00Z,19.7,65,0
6401307.101,2026-06-16T18:00:00Z,18.6,70,0
6401307.101,2026-06-16T19:00:00Z,17.6,73,0
6401307.101,2026-06-16T20:00:00Z,16.5,77,0
6401307.101,2026-06-16T21:00:00Z,15.5,81,0
6401307.101,2026-06-16T22:00:00Z,15.0,84,0
6401307.101,2026-06-16T23:00:00Z,14.5,84,0
6401307.101,2026-06-17T00:00:00Z,13.7,84,0
6401307.101,2026-06-17T01:00:00Z,13.6,80,0
6401307.101,2026-06-17T02:00:00Z,13.6,76,0
6401307.101,2026-06-17T03:00:00Z,14.2,76,0
6401307.101,2026-06-17T04:00:00Z,17.1,68,0
6401307.101,2026-06-17T05:00:00Z,19.7,64,0
6401307.101,2026-06-17T06:00:00Z,21.2,59,0
6401307.101,2026-06-17T07:00:00Z,22.8,56,0
6401307.101,2026-06-17T08:00:00Z,23.7,50,0
6401307.101,2026-06-17T09:00:00Z,24.2,44,0
6401307.101,2026-06-17T10:00:00Z,24.3,44,0
6401307.101,2026-06-17T11:00:00Z,24.7,45,0
6401307.101,2026-06-17T12:00:00Z,25.1,41,0
6401307.101,2026-06-17T13:00:00Z,23.7,46,0
6401307.101,2026-06-17T14:00:00Z,22.7,50,0.1
6401307.101,2026-06-17T15:00:00Z,22.1,53,0
6401307.101,2026-06-17T16:00:00Z,21.5,56,0
6401307.101,2026-06-17T17:00:00Z,20.5,68,0
6401307.101,2026-06-17T18:00:00Z,19.0,70,0
6401307.101,2026-06-17T19:00:00Z,18.1,74,0
6401307.101,2026-06-17T20:00:00Z,17.6,74,0
6401307.101,2026-06-17T21:00:00Z,17.1,75,0
6401307.101,2026-06-17T22:00:00Z,16.2,80,0
6401307.101,2026-06-17T23:00:00Z,16.1,81,0
6401307.101,2026-06-18T00:00:00Z,15.0,94,0
6401307.101,2026-06-18T01:00:00Z,14.8,96,0
6401307.101,2026-06-18T02:00:00Z,14.3,97,0
6401307.101,2026-06-18T03:00:00Z,14.1,98,0
6401307.101,2026-06-18T04:00:00Z,15.0,95,0
6401307.101,2026-06-18T05:00:00Z,16.5,86,0
6401307.101,2026-06-18T06:00:00Z,18.0,77,0
6401307.101,2026-06-18T07:00:00Z,19.9,62,0
6401307.101,2026-06-18T08:00:00Z,21.3,49,0
6401307.101,2026-06-18T09:00:00Z,21.9,47,0
6401307.101,2026-06-18T10:00:00Z,22.2,46,0
6401307.101,2026-06-18T11:00:00Z,22.6,45,0
6401307.101,2026-06-18T12:00:00Z,23.1,40,0
6401307.101,2026-06-18T13:00:00Z,22.9,40,0
6401307.101,2026-06-18T14:00:00Z,22.6,41,0
6401307.101,2026-06-18T15:00:00Z,22.6,41,0
6401307.101,2026-06-18T16:00:00Z,21.9,48,0
6401307.101,2026-06-18T17:00:00Z,20.4,57,0
6401307.101,2026-06-18T18:00:00Z,18.4,61,0
6401307.101,2026-06-18T19:00:00Z,16.8,68,0
6401307.101,2026-06-18T20:00:00Z,15.9,72,0
6401307.101,2026-06-18T21:00:00Z,15.4,74,0
6401307.101,2026-06-18T22:00:00Z,14.8,75,0
6401307.101,2026-06-18T23:00:00Z,13.8,78,0
6401307.101,2026-06-19T00:00:00Z,12.7,84,0
6401307.101,2026-06-19T01:00:00Z,12.1,87,0
6401307.101,2026-06-19T02:00:00Z,11.8,88,0
6401307.101,2026-06-19T03:00:00Z,12.8,85,0
6401307.101,2026-06-19T04:00:00Z,15.0,78,0
6401307.101,2026-06-19T05:00:00Z,17.3,72,0
6401307.101,2026-06-19T06:00:00Z,19.0,66,0
6401307.101,2026-06-19T07:00:00Z,21.0,60,0
6401307.101,2026-06-19T08:00:00Z,22.6,55,0
6401307.101,2026-06-19T09:00:00Z,23.8,50,0
6401307.101,2026-06-19T10:00:00Z,24.8,46,0
6401307.101,2026-06-19T11:00:00Z,25.7,42,0
6401307.101,2026-06-19T12:00:00Z,26.2,39,0
6401307.101,2026-06-19T13:00:00Z,26.4,40,0
6401307.101,2026-06-19T14:00:00Z,25.9,42,0
6401307.101,2026-06-19T15:00:00Z,25.4,44,0
6401307.101,2026-06-19T16:00:00Z,24.8,51,0
6401307.101,2026-06-19T17:00:00Z,23.3,66,0
6401307.101,2026-06-19T18:00:00Z,20.9,68,0
6401307.101,2026-06-19T19:00:00Z,19.7,72,0
6401307.101,2026-06-19T20:00:00Z,19.1,73,0
6401307.101,2026-06-19T21:00:00Z,18.4,76,0
6401307.101,2026-06-19T22:00:00Z,17.7,79,0
6401307.101,2026-06-19T23:00:00Z,17.0,82,0
6401307.101,2026-06-20T00:00:00Z,16.3,83,0
6401307.101,2026-06-20T01:00:00Z,15.9,84,0
6401307.101,2026-06-20T02:00:00Z,15.5,86,0
6401307.101,2026-06-20T03:00:00Z,16.1,86,0
6401307.101,2026-06-20T04:00:00Z,18.3,79,0
6401307.101,2026-06-20T05:00:00Z,20.6,74,0
6401307.101,2026-06-20T06:00:00Z,22.3,69,0
6401307.101,2026-06-20T07:00:00Z,24.2,63,0
6401307.101,2026-06-20T08:00:00Z,25.0,59,0.1
6401307.101,2026-06-20T09:00:00Z,25.3,57,0.4
6401307.101,2026-06-20T10:00:00Z,25.8,54,0.3
6401307.101,2026-06-20T11:00:00Z,26.4,53,0.2
6401307.101,2026-06-20T12:00:00Z,27.5,51,0.1
6401307.101,2026-06-20T13:00:00Z,27.2,49,0.2
6401307.101,2026-06-20T14:00:00Z,27.3,46,0.1
6401307.101,2026-06-20T15:00:00Z,26.9,48,0
6401307.101,2026-06-20T16:00:00Z,25.9,54,0
6401307.101,2026-06-20T17:00:00Z,24.4,62,0
6401307.101,2026-06-20T18:00:00Z,22.9,64,0
6401307.101,2026-06-20T19:00:00Z,21.7,67,0
6401307.101,2026-06-20T20:00:00Z,20.9,67,0
6401307.101,2026-06-20T21:00:00Z,19.6,69,0
6401307.101,2026-06-20T22:00:00Z,18.8,70,0
6401307.101,2026-06-20T23:00:00Z,18.7,68,0
6401307.101,2026-06-21T00:00:00Z,17.5,73,0
6401307.101,2026-06-21T01:00:00Z,16.2,78,0
6401307.101,2026-06-21T02:00:00Z,15.4,82,0
6401307.101,2026-06-21T03:00:00Z,16.1,79,0
6401307.101,2026-06-21T04:00:00Z,17.8,75,0
6401307.101,2026-06-21T05:00:00Z,19.7,70,0
6401307.101,2026-06-21T06:00:00Z,21.7,64,0
6401307.101,2026-06-21T07:00:00Z,23.7,58,0
6401307.101,2026-06-21T08:00:00Z,25.1,51,0
6401307.101,2026-06-21T09:00:00Z,26.1,45,0
6401307.101,2026-06-21T10:00:00Z,27.0,41,0
6401307.101,2026-06-21T11:00:00Z,27.1,40,0
6401307.101,2026-06-21T12:00:00Z,26.9,39,0
6401307.101,2026-06-21T13:00:00Z,27.1,38,0
6401307.101,2026-06-21T14:00:00Z,27.0,39,0
6401307.101,2026-06-21T15:00:00Z,26.8,41,0
6401307.101,2026-06-21T16:00:00Z,26.2,49,0
6401307.101,2026-06-21T17:00:00Z,24.8,63,0
6401307.101,2026-06-21T18:00:00Z,22.3,65,0
6401307.101,2026-06-21T19:00:00Z,20.7,68,0
6401307.101,2026-06-21T20:00:00Z,19.6,71,0
6401307.101,2026-06-21T21:00:00Z,18.9,73,0
6401307.101,2026-06-21T22:00:00Z,18.5,74,0
6401307.101,2026-06-21T23:00:00Z,17.9,77,0
6401307.101,2026-06-22T00:00:00Z,17.1,81,0
6401307.101,2026-06-22T01:00:00Z,16.4,83,0
6401307.101,2026-06-22T02:00:00Z,16.0,84,0
6401307.101,2026-06-22T03:00:00Z,16.6,85,0
6401307.101,2026-06-22T04:00:00Z,18.8,78,0
6401307.101,2026-06-22T05:00:00Z,21.2,72,0
6401307.101,2026-06-22T06:00:00Z,22.9,66,0
6401307.101,2026-06-22T07:00:00Z,24.7,60,0
6401307.101,2026-06-22T08:00:00Z,26.0,53,0
6401307.101,2026-06-22T09:00:00Z,26.9,50,0
6401307.101,2026-06-22T10:00:00Z,27.5,47,0
6401307.101,2026-06-22T11:00:00Z,27.7,46,0
6401307.101,2026-06-22T12:00:00Z,27.9,44,0.1
6401307.101,2026-06-22T13:00:00Z,27.8,44,0
6401307.101,2026-06-22T14:00:00Z,27.8,43,0
6401307.101,2026-06-22T15:00:00Z,27.7,43,0
6401307.101,2026-06-22T16:00:00Z,27.5,45,0
6401307.101,2026-06-22T17:00:00Z,25.8,67,0
6401307.101,2026-06-22T18:00:00Z,23.4,68,0
6401307.101,2026-06-22T19:00:00Z,22.4,68,0
6401307.101,2026-06-22T20:00:00Z,21.6,67,0
6401307.101,2026-06-22T21:00:00Z,21.1,67,0
6401307.101,2026-06-22T22:00:00Z,20.1,71,0
6401307.101,2026-06-22T23:00:00Z,19.3,74,0
6401307.101,2026-06-23T00:00:00Z,17.8,83,0
6401307.101,2026-06-23T01:00:00Z,17.2,86,0
6401307.101,2026-06-23T02:00:00Z,16.6,88,0
6401307.101,2026-06-23T03:00:00Z,17.4,86,0
6401307.101,2026-06-23T04:00:00Z,19.5,78,0
6401307.101,2026-06-23T05:00:00Z,21.6,72,0
6401307.101,2026-06-23T06:00:00Z,22.9,68,0
6401307.101,2026-06-23T07:00:00Z,24.7,63,0
6401307.101,2026-06-23T08:00:00Z,26.2,58,0
6401307.101,2026-06-23T09:00:00Z,27.3,52,0
6401307.101,2026-06-23T10:00:00Z,27.8,49,0
6401307.101,2026-06-23T11:00:00Z,27.2,53,0
6401307.101,2026-06-23T12:00:00Z,25.0,66,1.1
6401307.101,2026-06-23T13:00:00Z,24.9,69,1.7
6401307.101,2026-06-23T14:00:00Z,25.9,65,0.2
6401307.101,2026-06-23T15:00:00Z,25.7,63,0
6401307.101,2026-06-23T16:00:00Z,23.0,77,0.4
6401307.101,2026-06-23T17:00:00Z,21.5,89,0.4
6401307.101,2026-06-23T18:00:00Z,20.2,94,0.1
6401307.101,2026-06-23T19:00:00Z,20.0,95,0
6401307.101,2026-06-23T20:00:00Z,19.6,96,0
6401307.101,2026-06-23T21:00:00Z,19.3,96,0
6401307.101,2026-06-23T22:00:00Z,19.1,97,0
6401307.101,2026-06-23T23:00:00Z,18.8,98,0
6401307.101,2026-06-24T00:00:00Z,17.9,98,0
6401307.101,2026-06-24T01:00:00Z,17.8,99,0
6401307.101,2026-06-24T02:00:00Z,17.6,99,0
6401307.101,2026-06-24T03:00:00Z,18.4,99,0
6401307.101,2026-06-24T04:00:00Z,19.2,97,0
6401307.101,2026-06-24T05:00:00Z,21.1,88,0
6401307.101,2026-06-24T06:00:00Z,23.0,82,0
6401307.101,2026-06-24T07:00:00Z,24.5,75,0
6401307.101,2026-06-24T08:00:00Z,25.9,68,0
6401307.101,2026-06-24T09:00:00Z,26.8,63,0
6401307.101,2026-06-24T10:00:00Z,27.6,57,0.1
6401307.101,2026-06-24T11:00:00Z,27.7,54,0
6401307.101,2026-06-24T12:00:00Z,27.2,52,0
6401307.101,2026-06-24T13:00:00Z,28.4,40,0.1
6401307.101,2026-06-24T14:00:00Z,28.3,39,0
6401307.101,2026-06-24T15:00:00Z,27.8,41,0
6401307.101,2026-06-24T16:00:00Z,26.7,49,0
6401307.101,2026-06-24T17:00:00Z,24.9,59,0
6401307.101,2026-06-24T18:00:00Z,23.2,61,0
6401307.101,2026-06-24T19:00:00Z,22.1,65,0
6401307.101,2026-06-24T20:00:00Z,21.2,68,0
6401307.101,2026-06-24T21:00:00Z,20.6,68,0
6401307.101,2026-06-24T22:00:00Z,20.4,64,0
6401307.101,2026-06-24T23:00:00Z,19.9,66,0
6401307.101,2026-06-25T00:00:00Z,17.8,75,0
6401307.101,2026-06-25T01:00:00Z,16.7,80,0
6401307.101,2026-06-25T02:00:00Z,16.0,84,0
6401307.101,2026-06-25T03:00:00Z,16.5,82,0
6401307.101,2026-06-25T04:00:00Z,18.6,76,0
6401307.101,2026-06-25T05:00:00Z,20.6,71,0
6401307.101,2026-06-25T06:00:00Z,22.7,64,0
6401307.101,2026-06-25T07:00:00Z,24.8,57,0
6401307.101,2026-06-25T08:00:00Z,26.5,49,0
6401307.101,2026-06-25T09:00:00Z,27.7,40,0
6401307.101,2026-06-25T10:00:00Z,28.2,39,0
6401307.101,2026-06-25T11:00:00Z,28.2,39,0
6401307.101,2026-06-25T12:00:00Z,28.7,37,0
6401307.101,2026-06-25T13:00:00Z,28.6,38,0
6401307.101,2026-06-25T14:00:00Z,28.4,39,0
6401307.101,2026-06-25T15:00:00Z,27.9,40,0
6401307.101,2026-06-25T16:00:00Z,27.1,48,0
6401307.101,2026-06-25T17:00:00Z,25.7,65,0
6401307.101,2026-06-25T18:00:00Z,23.4,58,0
6401307.101,2026-06-25T19:00:00Z,22.1,62,0
6401307.101,2026-06-25T20:00:00Z,21.1,67,0
6401307.101,2026-06-25T21:00:00Z,20.4,69,0
6401307.101,2026-06-25T22:00:00Z,19.5,72,0
6401307.101,2026-06-25T23:00:00Z,18.9,75,0
6401307.101,2026-06-26T00:00:00Z,17.9,80,0
6401307.101,2026-06-26T01:00:00Z,17.4,83,0
6401307.101,2026-06-26T02:00:00Z,16.8,85,0
6401307.101,2026-06-26T03:00:00Z,17.5,84,0
6401307.101,2026-06-26T04:00:00Z,19.5,78,0
6401307.101,2026-06-26T05:00:00Z,21.7,73,0
6401307.101,2026-06-26T06:00:00Z,23.4,67,0
6401307.101,2026-06-26T07:00:00Z,25.4,60,0
6401307.101,2026-06-26T08:00:00Z,26.7,53,0
6401307.101,2026-06-26T09:00:00Z,27.3,47,0.1
6401307.101,2026-06-26T10:00:00Z,28.1,44,0.1
6401307.101,2026-06-26T11:00:00Z,28.6,41,0.1
6401307.101,2026-06-26T12:00:00Z,29.1,40,0.3
6401307.101,2026-06-26T13:00:00Z,29.1,41,0.1
6401307.101,2026-06-26T14:00:00Z,28.9,41,0
6401307.101,2026-06-26T15:00:00Z,25.7,60,0.4
6401307.101,2026-06-26T16:00:00Z,24.6,70,0.1
6401307.101,2026-06-26T17:00:00Z,24.2,72,0
6401307.101,2026-06-26T18:00:00Z,23.2,71,0
6401307.101,2026-06-26T19:00:00Z,22.0,74,0
6401307.101,2026-06-26T20:00:00Z,20.7,78,0
6401307.101,2026-06-26T21:00:00Z,19.6,83,0
6401307.101,2026-06-26T22:00:00Z,18.9,85,0
6401307.101,2026-06-26T23:00:00Z,18.1,88,0
6401307.101,2026-06-27T00:00:00Z,16.9,93,0
6401307.101,2026-06-27T01:00:00Z,16.3,93,0
6401307.101,2026-06-27T02:00:00Z,15.9,92,0
6401307.101,2026-06-27T03:00:00Z,16.3,92,0
6401307.101,2026-06-27T04:00:00Z,18.0,86,0
6401307.101,2026-06-27T05:00:00Z,20.2,72,0
6401307.101,2026-06-27T06:00:00Z,22.1,64,0
6401307.101,2026-06-27T07:00:00Z,24.0,56,0
6401307.101,2026-06-27T08:00:00Z,25.3,48,0
6401307.101,2026-06-27T09:00:00Z,26.1,46,0
6401307.101,2026-06-27T10:00:00Z,26.8,45,0
6401307.101,2026-06-27T11:00:00Z,27.5,43,0
6401307.101,2026-06-27T12:00:00Z,28.5,37,0
6401307.101,2026-06-27T13:00:00Z,28.4,37,0
6401307.101,2026-06-27T14:00:00Z,28.2,37,0
6401307.101,2026-06-27T15:00:00Z,27.7,39,0
6401307.101,2026-06-27T16:00:00Z,27.5,44,0
6401307.101,2026-06-27T17:00:00Z,25.8,64,0
6401307.101,2026-06-27T18:00:00Z,23.5,66,0
6401307.101,2026-06-27T19:00:00Z,22.8,61,0
6401307.101,2026-06-27T20:00:00Z,22.2,58,0
6401307.101,2026-06-27T21:00:00Z,21.6,61,0
6401307.101,2026-06-27T22:00:00Z,21.0,65,0
6401307.101,2026-06-27T23:00:00Z,20.4,68,0
6401307.101,2026-06-28T00:00:00Z,19.0,74,0
6401307.101,2026-06-28T01:00:00Z,18.8,76,0
6401307.101,2026-06-28T02:00:00Z,18.8,76,0
6401307.101,2026-06-28T03:00:00Z,19.1,76,0
6401307.101,2026-06-28T04:00:00Z,20.5,75,0
6401307.101,2026-06-28T05:00:00Z,22.4,70,0
6401307.101,2026-06-28T06:00:00Z,24.6,65,0
6401307.101,2026-06-28T07:00:00Z,26.8,59,0
6401307.101,2026-06-28T08:00:00Z,28.7,53,0
6401307.101,2026-06-28T09:00:00Z,30.1,47,0
6401307.101,2026-06-28T10:00:00Z,31.2,43,0
6401307.101,2026-06-28T11:00:00Z,31.9,40,0
6401307.101,2026-06-28T12:00:00Z,32.3,40,0
6401307.101,2026-06-28T13:00:00Z,32.5,40,0
6401307.101,2026-06-28T14:00:00Z,32.4,40,0
6401307.101,2026-06-28T15:00:00Z,32.0,42,0
6401307.101,2026-06-28T16:00:00Z,31.0,51,0
6401307.101,2026-06-28T17:00:00Z,29.2,64,0
6401307.101,2026-06-28T18:00:00Z,27.0,62,0
6401307.101,2026-06-28T19:00:00Z,25.6,67,0
6401307.101,2026-06-28T20:00:00Z,24.6,71,0
6401307.101,2026-06-28T21:00:00Z,24.2,72,0
6401307.101,2026-06-28T22:00:00Z,23.6,74,0
6401307.101,2026-06-28T23:00:00Z,22.9,76,0
6401307.101,2026-06-29T00:00:00Z,21.0,81,0
6401307.101,2026-06-29T01:00:00Z,20.6,83,0
6401307.101,2026-06-29T02:00:00Z,20.2,85,0
6401307.101,2026-06-29T03:00:00Z,20.3,87,0
6401307.101,2026-06-29T04:00:00Z,22.1,83,0
6401307.101,2026-06-29T05:00:00Z,24.3,74,0
6401307.101,2026-06-29T06:00:00Z,26.3,69,0
6401307.101,2026-06-29T07:00:00Z,28.5,62,0
6401307.101,2026-06-29T08:00:00Z,30.3,55,0
6401307.101,2026-06-29T09:00:00Z,31.5,51,0
6401307.101,2026-06-29T10:00:00Z,32.4,47,0
6401307.101,2026-06-29T11:00:00Z,33.1,44,0
6401307.101,2026-06-29T12:00:00Z,33.7,42,0
6401307.101,2026-06-29T13:00:00Z,33.9,42,0
6401307.101,2026-06-29T14:00:00Z,33.9,41,0
6401307.101,2026-06-29T15:00:00Z,33.6,40,0
6401307.101,2026-06-29T16:00:00Z,32.5,48,0
6401307.101,2026-06-29T17:00:00Z,30.7,54,0
6401307.101,2026-06-29T18:00:00Z,29.0,56,0
6401307.101,2026-06-29T19:00:00Z,28.1,58,0
6401307.101,2026-06-29T20:00:00Z,27.4,61,0
6401307.101,2026-06-29T21:00:00Z,26.6,65,0
6401307.101,2026-06-29T22:00:00Z,25.7,69,0
6401307.101,2026-06-29T23:00:00Z,24.1,78,0
6401307.101,2026-06-30T00:00:00Z,24.3,74,0
6401307.101,2026-06-30T01:00:00Z,23.1,79,0
6401307.101,2026-06-30T02:00:00Z,22.0,83,0
6401307.101,2026-06-30T03:00:00Z,22.2,83,0
6401307.101,2026-06-30T04:00:00Z,23.7,79,0
6401307.101,2026-06-30T05:00:00Z,26.0,74,0
6401307.101,2026-06-30T06:00:00Z,27.3,69,0
6401307.101,2026-06-30T07:00:00Z,29.9,61,0
6401307.101,2026-06-30T08:00:00Z,31.9,56,0
6401307.101,2026-06-30T09:00:00Z,33.2,53,0
6401307.101,2026-06-30T10:00:00Z,33.4,51,0.3
6401307.101,2026-06-30T11:00:00Z,33.8,45,0.1
6401307.101,2026-06-30T12:00:00Z,34.6,38,0
6401307.101,2026-06-30T13:00:00Z,34.1,40,0
6401307.101,2026-06-30T14:00:00Z,33.2,43,0
6401307.101,2026-06-30T15:00:00Z,32.5,44,0
6401307.101,2026-06-30T16:00:00Z,31.6,48,0
6401307.101,2026-06-30T17:00:00Z,29.9,53,0
6401307.101,2026-06-30T18:00:00Z,28.9,53,0
6401307.101,2026-06-30T19:00:00Z,27.7,57,0
6401307.101,2026-06-30T20:00:00Z,26.2,63,0
6401307.101,2026-06-30T21:00:00Z,25.2,67,0
6401307.101,2026-06-30T22:00:00Z,24.2,71,0
6401307.101,2026-06-30T23:00:00Z,23.5,73,0
6401307.101,2026-07-01T00:00:00Z,22.4,75,0
6401307.101,2026-07-01T01:00:00Z,21.9,76,0
6401307.101,2026-07-01T02:00:00Z,21.1,78,0
6401307.101,2026-07-01T03:00:00Z,21.2,79,0
6401307.101,2026-07-01T04:00:00Z,22.6,76,0
6401307.101,2026-07-01T05:00:00Z,24.2,70,0
6401307.101,2026-07-01T06:00:00Z,25.7,65,0
6401307.101,2026-07-01T07:00:00Z,27.3,57,0
6401307.101,2026-07-01T08:00:00Z,28.4,51,0
6401307.101,2026-07-01T09:00:00Z,29.3,49,0
6401307.101,2026-07-01T10:00:00Z,30.1,48,0
6401307.101,2026-07-01T11:00:00Z,30.8,47,0
6401307.101,2026-07-01T12:00:00Z,31.3,40,0
6401307.101,2026-07-01T13:00:00Z,31.6,39,0
6401307.101,2026-07-01T14:00:00Z,31.7,39,0
6401307.101,2026-07-01T15:00:00Z,31.5,40,0
6401307.101,2026-07-01T16:00:00Z,30.9,44,0
6401307.101,2026-07-01T17:00:00Z,29.3,55,0
6401307.101,2026-07-01T18:00:00Z,26.8,53,0
6401307.101,2026-07-01T19:00:00Z,25.5,53,0
6401307.101,2026-07-01T20:00:00Z,24.4,56,0
6401307.101,2026-07-01T21:00:00Z,23.7,59,0
6401307.101,2026-07-01T22:00:00Z,23.3,61,0
6401307.101,2026-07-01T23:00:00Z,22.3,67,0
6401307.101,2026-07-02T00:00:00Z,22.1,67,0
6401307.101,2026-07-02T01:00:00Z,21.6,68,0
6401307.101,2026-07-02T02:00:00Z,20.8,71,0
6401307.101,2026-07-02T03:00:00Z,20.9,72,0
6401307.101,2026-07-02T04:00:00Z,22.3,71,0
6401307.101,2026-07-02T05:00:00Z,24.3,65,0
6401307.101,2026-07-02T06:00:00Z,26.0,62,0
6401307.101,2026-07-02T07:00:00Z,27.8,58,0
6401307.101,2026-07-02T08:00:00Z,29.4,52,0
6401307.101,2026-07-02T09:00:00Z,30.0,44,0
6401307.101,2026-07-02T10:00:00Z,30.4,42,0.1
6401307.101,2026-07-02T11:00:00Z,30.5,42,0.1
6401307.101,2026-07-02T12:00:00Z,31.4,38,0
6401307.101,2026-07-02T13:00:00Z,31.4,37,0
6401307.101,2026-07-02T14:00:00Z,31.3,37,0
6401307.101,2026-07-02T15:00:00Z,30.8,38,0
6401307.101,2026-07-02T16:00:00Z,30.0,43,0
6401307.101,2026-07-02T17:00:00Z,28.8,61,0
6401307.101,2026-07-02T18:00:00Z,27.3,53,0
6401307.101,2026-07-02T19:00:00Z,26.0,52,0
6401307.101,2026-07-02T20:00:00Z,25.0,55,0
6401307.101,2026-07-02T21:00:00Z,23.8,63,0
6401307.101,2026-07-02T22:00:00Z,23.3,66,0
6401307.101,2026-07-02T23:00:00Z,22.8,65,0
6401307.101,2026-07-03T00:00:00Z,21.2,73,0
6401307.101,2026-07-03T01:00:00Z,20.5,77,0
6401307.101,2026-07-03T02:00:00Z,20.4,79,0
6401307.101,2026-07-03T03:00:00Z,20.6,80,0
6401307.101,2026-07-03T04:00:00Z,21.8,80,0
6401307.101,2026-07-03T05:00:00Z,23.5,76,0
6401307.101,2026-07-03T06:00:00Z,24.7,71,0
6401307.101,2026-07-03T07:00:00Z,26.2,65,0
6401307.101,2026-07-03T08:00:00Z,27.2,61,0
6401307.101,2026-07-03T09:00:00Z,28.1,57,0
6401307.101,2026-07-03T10:00:00Z,28.3,55,0
6401307.101,2026-07-03T11:00:00Z,28.5,55,0
6401307.101,2026-07-03T12:00:00Z,27.8,56,0.1
6401307.101,2026-07-03T13:00:00Z,28.5,53,0
6401307.101,2026-07-03T14:00:00Z,27.0,61,0
6401307.101,2026-07-03T15:00:00Z,26.4,64,0
6401307.101,2026-07-03T16:00:00Z,24.2,75,0.8
6401307.101,2026-07-03T17:00:00Z,23.4,74,0
6401307.101,2026-07-03T18:00:00Z,23.1,73,0
6401307.101,2026-07-03T19:00:00Z,22.0,75,0
6401307.101,2026-07-03T20:00:00Z,21.6,68,0
6401307.101,2026-07-03T21:00:00Z,20.7,63,0
6401307.101,2026-07-03T22:00:00Z,20.3,62,0
6401307.101,2026-07-03T23:00:00Z,19.2,72,0
6401307.101,2026-07-04T00:00:00Z,18.1,82,0
6401307.101,2026-07-04T01:00:00Z,17.8,89,0
6401307.101,2026-07-04T02:00:00Z,17.8,89,0
6401307.101,2026-07-04T03:00:00Z,17.7,84,0
6401307.101,2026-07-04T04:00:00Z,18.4,80,0
6401307.101,2026-07-04T05:00:00Z,19.6,71,0
6401307.101,2026-07-04T06:00:00Z,20.5,61,0
6401307.101,2026-07-04T07:00:00Z,21.7,53,0
6401307.101,2026-07-04T08:00:00Z,22.6,47,0
6401307.101,2026-07-04T09:00:00Z,23.3,43,0
6401307.101,2026-07-04T10:00:00Z,23.7,40,0
6401307.101,2026-07-04T11:00:00Z,23.6,36,0
6401307.101,2026-07-04T12:00:00Z,24.2,36,0
6401307.101,2026-07-04T13:00:00Z,24.0,34,0
6401307.101,2026-07-04T14:00:00Z,23.8,34,0
6401307.101,2026-07-04T15:00:00Z,22.6,36,0
6401307.101,2026-07-04T16:00:00Z,21.9,39,0
6401307.101,2026-07-04T17:00:00Z,20.9,43,0
6401307.101,2026-07-04T18:00:00Z,19.8,46,0
6401307.101,2026-07-04T19:00:00Z,18.8,50,0
6401307.101,2026-07-04T20:00:00Z,17.9,54,0
6401307.101,2026-07-04T21:00:00Z,17.1,58,0
6401307.101,2026-07-04T22:00:00Z,16.4,60,0
6401307.101,2026-07-04T23:00:00Z,15.8,63,0
6401307.101,2026-07-05T00:00:00Z,14.6,66,0
6401307.101,2026-07-05T01:00:00Z,14.2,68,0
6401307.101,2026-07-05T02:00:00Z,13.9,71,0
6401307.101,2026-07-05T03:00:00Z,14.0,73,0
6401307.101,2026-07-05T04:00:00Z,15.4,71,0
6401307.101,2026-07-05T05:00:00Z,17.0,66,0
6401307.101,2026-07-05T06:00:00Z,18.7,62,0
6401307.101,2026-07-05T07:00:00Z,20.0,56,0.1
6401307.101,2026-07-05T08:00:00Z,20.7,52,0.1
6401307.101,2026-07-05T09:00:00Z,21.8,45,0.1
6401307.101,2026-07-05T10:00:00Z,22.6,41,0.1
6401307.101,2026-07-05T11:00:00Z,23.2,39,0
6401307.101,2026-07-05T12:00:00Z,23.8,38,0
6401307.101,2026-07-05T13:00:00Z,23.7,39,0
6401307.101,2026-07-05T14:00:00Z,23.9,37,0
6401307.101,2026-07-05T15:00:00Z,23.8,35,0
6401307.101,2026-07-05T16:00:00Z,23.3,36,0
6401307.101,2026-07-05T17:00:00Z,22.1,43,0
6401307.101,2026-07-05T18:00:00Z,19.8,49,0
6401307.101,2026-07-05T19:00:00Z,18.7,54,0
6401307.101,2026-07-05T20:00:00Z,18.1,58,0
6401307.101,2026-07-05T21:00:00Z,18.0,60,0
6401307.101,2026-07-05T22:00:00Z,17.1,65,0
6401307.101,2026-07-05T23:00:00Z,16.2,72,0
6401307.101,2026-07-06T00:00:00Z,15.7,70,0
6401307.101,2026-07-06T01:00:00Z,14.9,76,0
6401307.101,2026-07-06T02:00:00Z,14.5,79,0
6401307.101,2026-07-06T03:00:00Z,14.9,79,0
6401307.101,2026-07-06T04:00:00Z,16.5,75,0
6401307.101,2026-07-06T05:00:00Z,18.2,70,0
6401307.101,2026-07-06T06:00:00Z,20.5,61,0
6401307.101,2026-07-06T07:00:00Z,21.6,59,0.1
6401307.101,2026-07-06T08:00:00Z,22.2,57,0
6401307.101,2026-07-06T09:00:00Z,23.3,49,0
6401307.101,2026-07-06T10:00:00Z,23.6,47,0.1
6401307.101,2026-07-06T11:00:00Z,24.5,41,0
6401307.101,2026-07-06T12:00:00Z,25.1,35,0
6401307.101,2026-07-06T13:00:00Z,25.2,33,0
6401307.101,2026-07-06T14:00:00Z,25.1,33,0
6401307.101,2026-07-06T15:00:00Z,24.7,33,0
6401307.101,2026-07-06T16:00:00Z,23.9,34,0
6401307.101,2026-07-06T17:00:00Z,22.5,37,0
6401307.101,2026-07-06T18:00:00Z,20.3,42,0
6401307.101,2026-07-06T19:00:00Z,19.0,45,0
6401307.101,2026-07-06T20:00:00Z,18.3,48,0
6401307.101,2026-07-06T21:00:00Z,18.2,49,0
6401307.101,2026-07-06T22:00:00Z,18.0,49,0
6401307.101,2026-07-06T23:00:00Z,17.7,50,0
6401307.101,2026-07-07T00:00:00Z,15.9,66,0
6401307.101,2026-07-07T01:00:00Z,15.2,70,0
6401307.101,2026-07-07T02:00:00Z,14.5,69,0
6401307.101,2026-07-07T03:00:00Z,15.6,65,0
6401307.101,2026-07-07T04:00:00Z,18.2,59,0
6401307.101,2026-07-07T05:00:00Z,20.7,56,0
6401307.101,2026-07-07T06:00:00Z,22.4,52,0
6401307.101,2026-07-07T07:00:00Z,24.6,40,0
6401307.101,2026-07-07T08:00:00Z,25.7,38,0
6401307.101,2026-07-07T09:00:00Z,26.5,37,0
6401307.101,2026-07-07T10:00:00Z,26.9,36,0
6401307.101,2026-07-07T11:00:00Z,27.2,36,0.2
6401307.101,2026-07-07T12:00:00Z,27.1,38,0.6
6401307.101,2026-07-07T13:00:00Z,27.5,40,0
6401307.101,2026-07-07T14:00:00Z,27.9,39,0
6401307.101,2026-07-07T15:00:00Z,27.4,39,0
6401307.101,2026-07-07T16:00:00Z,26.8,39,0
6401307.101,2026-07-07T17:00:00Z,24.9,46,0
6401307.101,2026-07-07T18:00:00Z,22.4,60,0
6401307.101,2026-07-07T19:00:00Z,22.1,60,0
6401307.101,2026-07-07T20:00:00Z,21.0,64,0
6401307.101,2026-07-07T21:00:00Z,20.6,66,0
6401307.101,2026-07-07T22:00:00Z,19.9,68,0
6401307.101,2026-07-07T23:00:00Z,19.2,70,0
6401307.101,2026-07-08T00:00:00Z,18.3,74,0
6401307.101,2026-07-08T01:00:00Z,17.7,76,0
6401307.101,2026-07-08T02:00:00Z,17.4,77,0
6401307.101,2026-07-08T03:00:00Z,17.7,76,0
6401307.101,2026-07-08T04:00:00Z,19.3,71,0
6401307.101,2026-07-08T05:00:00Z,21.1,67,0
6401307.101,2026-07-08T06:00:00Z,21.8,63,0
6401307.101,2026-07-08T07:00:00Z,23.9,56,0
6401307.101,2026-07-08T08:00:00Z,25.7,49,0
6401307.101,2026-07-08T09:00:00Z,26.1,42,0
6401307.101,2026-07-08T10:00:00Z,20.3,85,2.5
6401307.101,2026-07-08T11:00:00Z,22.4,69,0.1
6401307.101,2026-07-08T12:00:00Z,21.1,70,0
6401307.101,2026-07-08T13:00:00Z,23.2,59,0.1
6401307.101,2026-07-08T14:00:00Z,19.3,81,1.0
6401307.101,2026-07-08T15:00:00Z,18.7,89,0.4
6401307.101,2026-07-08T16:00:00Z,19.0,87,0
6401307.101,2026-07-08T17:00:00Z,18.8,88,0
6401307.101,2026-07-08T18:00:00Z,17.5,82,0
6401307.101,2026-07-08T19:00:00Z,16.9,83,0
6401307.101,2026-07-08T20:00:00Z,17.1,81,0
6401307.101,2026-07-08T21:00:00Z,15.8,86,0
6401307.101,2026-07-08T22:00:00Z,14.9,89,0
6401307.101,2026-07-08T23:00:00Z,14.4,90,0
6401307.101,2026-07-09T00:00:00Z,13.5,93,0
6401307.101,2026-07-09T01:00:00Z,12.9,95,0
6401307.101,2026-07-09T02:00:00Z,12.5,95,0
6401307.101,2026-07-09T03:00:00Z,12.7,94,0
6401307.101,2026-07-09T04:00:00Z,14.3,86,0
6401307.101,2026-07-09T05:00:00Z,16.2,75,0
6401307.101,2026-07-09T06:00:00Z,17.9,68,0
6401307.101,2026-07-09T07:00:00Z,19.4,60,0
6401307.101,2026-07-09T08:00:00Z,20.8,47,0
6401307.101,2026-07-09T09:00:00Z,21.6,42,0
6401307.101,2026-07-09T10:00:00Z,22.1,41,0
6401307.101,2026-07-09T11:00:00Z,22.4,39,0
6401307.101,2026-07-09T12:00:00Z,22.6,38,0
6401307.101,2026-07-09T13:00:00Z,22.8,38,0
6401307.101,2026-07-09T14:00:00Z,22.8,38,0
6401307.101,2026-07-09T15:00:00Z,22.5,39,0
6401307.101,2026-07-09T16:00:00Z,22.0,40,0
6401307.101,2026-07-09T17:00:00Z,20.7,49,0
6401307.101,2026-07-09T18:00:00Z,19.0,51,0
6401307.101,2026-07-09T19:00:00Z,17.0,63,0
6401307.101,2026-07-09T20:00:00Z,16.1,68,0
6401307.101,2026-07-09T21:00:00Z,15.1,74,0
6401307.101,2026-07-09T22:00:00Z,14.4,77,0
6401307.101,2026-07-09T23:00:00Z,14.3,77,0
6401307.101,2026-07-10T00:00:00Z,14.1,80,0
6401307.101,2026-07-10T01:00:00Z,13.5,85,0
6401307.101,2026-07-10T02:00:00Z,12.7,91,0
6401307.101,2026-07-10T03:00:00Z,12.6,93,0
6401307.101,2026-07-10T04:00:00Z,13.8,88,0
6401307.101,2026-07-10T05:00:00Z,15.7,78,0
6401307.101,2026-07-10T06:00:00Z,16.9,71,0
6401307.101,2026-07-10T07:00:00Z,18.7,62,0
6401307.101,2026-07-10T08:00:00Z,20.0,54,0
6401307.101,2026-07-10T09:00:00Z,20.9,47,0
6401307.101,2026-07-10T10:00:00Z,21.6,42,0
6401307.101,2026-07-10T11:00:00Z,22.1,41,0
6401307.101,2026-07-10T12:00:00Z,22.4,42,0
6401307.101,2026-07-10T13:00:00Z,22.1,45,0
6401307.101,2026-07-10T14:00:00Z,21.4,46,0.1
6401307.101,2026-07-10T15:00:00Z,20.5,52,0.4
6401307.101,2026-07-10T16:00:00Z,18.6,60,0.1
6401307.101,2026-07-10T17:00:00Z,17.2,68,0
6401307.101,2026-07-10T18:00:00Z,16.9,70,0
6401307.101,2026-07-10T19:00:00Z,15.8,73,0
6401307.101,2026-07-10T20:00:00Z,14.7,77,0
6401307.101,2026-07-10T21:00:00Z,14.1,79,0
6401307.101,2026-07-10T22:00:00Z,14.5,78,0
6401307.101,2026-07-10T23:00:00Z,14.1,81,0
6401307.101,2026-07-11T00:00:00Z,12.6,88,0
6401307.101,2026-07-11T01:00:00Z,12.1,90,0
6401307.101,2026-07-11T02:00:00Z,11.7,91,0
6401307.101,2026-07-11T03:00:00Z,12.1,90,0
6401307.101,2026-07-11T04:00:00Z,14.3,81,0
6401307.101,2026-07-11T05:00:00Z,16.5,71,0
6401307.101,2026-07-11T06:00:00Z,18.0,64,0
6401307.101,2026-07-11T07:00:00Z,19.7,59,0
6401307.101,2026-07-11T08:00:00Z,21.3,51,0
6401307.101,2026-07-11T09:00:00Z,22.4,45,0
6401307.101,2026-07-11T10:00:00Z,23.3,41,0
6401307.101,2026-07-11T11:00:00Z,24.0,40,0
6401307.101,2026-07-11T12:00:00Z,24.7,36,0
6401307.101,2026-07-11T13:00:00Z,24.9,36,0
6401307.101,2026-07-11T14:00:00Z,24.9,36,0
6401307.101,2026-07-11T15:00:00Z,24.2,38,0
6401307.101,2026-07-11T16:00:00Z,23.2,42,0
6401307.101,2026-07-11T17:00:00Z,21.8,50,0
6401307.101,2026-07-11T18:00:00Z,19.8,58,0
6401307.101,2026-07-11T19:00:00Z,18.5,60,0
6401307.101,2026-07-11T20:00:00Z,17.3,63,0
6401307.101,2026-07-11T21:00:00Z,16.4,68,0
6401307.101,2026-07-11T22:00:00Z,15.8,72,0
6401307.101,2026-07-11T23:00:00Z,15.1,75,0
6401307.101,2026-07-12T00:00:00Z,13.6,83,0
6401307.101,2026-07-12T01:00:00Z,13.1,86,0
6401307.101,2026-07-12T02:00:00Z,12.6,89,0
6401307.101,2026-07-12T03:00:00Z,12.8,89,0
6401307.101,2026-07-12T04:00:00Z,14.3,84,0
6401307.101,2026-07-12T05:00:00Z,16.2,78,0
6401307.101,2026-07-12T06:00:00Z,18.1,71,0
6401307.101,2026-07-12T07:00:00Z,20.2,62,0
6401307.101,2026-07-12T08:00:00Z,21.8,55,0
6401307.101,2026-07-12T09:00:00Z,22.8,48,0
6401307.101,2026-07-12T10:00:00Z,23.7,45,0
6401307.101,2026-07-12T11:00:00Z,24.3,43,0
6401307.101,2026-07-12T12:00:00Z,25.1,38,0
6401307.101,2026-07-12T13:00:00Z,25.3,37,0
6401307.101,2026-07-12T14:00:00Z,25.2,37,0
6401307.101,2026-07-12T15:00:00Z,25.0,37,0
6401307.101,2026-07-12T16:00:00Z,24.5,39,0
6401307.101,2026-07-12T17:00:00Z,23.0,53,0
6401307.101,2026-07-12T18:00:00Z,21.3,56,0
6401307.101,2026-07-12T19:00:00Z,20.0,60,0
6401307.101,2026-07-12T20:00:00Z,18.4,65,0
6401307.101,2026-07-12T21:00:00Z,17.8,65,0
6401307.101,2026-07-12T22:00:00Z,18.2,65,0
6401307.101,2026-07-12T23:00:00Z,17.2,68,0
6401307.101,2026-07-13T00:00:00Z,16.7,72,0
6401307.101,2026-07-13T01:00:00Z,16.0,79,0
6401307.101,2026-07-13T02:00:00Z,14.8,86,0
6401307.101,2026-07-13T03:00:00Z,15.1,83,0
6401307.101,2026-07-13T04:00:00Z,17.0,75,0
6401307.101,2026-07-13T05:00:00Z,19.0,68,0
6401307.101,2026-07-13T06:00:00Z,20.4,65,0
6401307.101,2026-07-13T07:00:00Z,21.6,60,0
6401307.101,2026-07-13T08:00:00Z,22.6,54,0
6401307.101,2026-07-13T09:00:00Z,23.2,51,0
6401307.101,2026-07-13T10:00:00Z,24.7,47,0
6401307.101,2026-07-13T11:00:00Z,25.4,46,0.1
6401307.101,2026-07-13T12:00:00Z,22.9,65,0
6401307.101,2026-07-13T13:00:00Z,24.5,54,0.1
6401307.101,2026-07-13T14:00:00Z,24.3,48,0
6401307.101,2026-07-13T15:00:00Z,22.5,55,0
6401307.101,2026-07-13T16:00:00Z,22.7,55,0
6401307.101,2026-07-13T17:00:00Z,22.0,59,0
6401307.101,2026-07-13T18:00:00Z,21.2,54,0
6401307.101,2026-07-13T19:00:00Z,20.1,58,0
6401307.101,2026-07-13T20:00:00Z,18.9,63,0
6401307.101,2026-07-13T21:00:00Z,18.1,68,0
6401307.101,2026-07-13T22:00:00Z,17.0,75,0
6401307.101,2026-07-13T23:00:00Z,16.0,81,0
6401307.101,2026-07-14T00:00:00Z,15.3,87,0
6401307.101,2026-07-14T01:00:00Z,15.1,87,0
6401307.101,2026-07-14T02:00:00Z,15.2,88,0
6401307.101,2026-07-14T03:00:00Z,15.5,88,0
6401307.101,2026-07-14T04:00:00Z,17.0,85,0
6401307.101,2026-07-14T05:00:00Z,18.6,81,0
6401307.101,2026-07-14T06:00:00Z,20.1,75,0
6401307.101,2026-07-14T07:00:00Z,21.6,70,0
6401307.101,2026-07-14T08:00:00Z,22.5,68,0.1
6401307.101,2026-07-14T09:00:00Z,23.2,67,0.1
6401307.101,2026-07-14T10:00:00Z,25.0,62,0.1
6401307.101,2026-07-14T11:00:00Z,26.4,58,0.1
6401307.101,2026-07-14T12:00:00Z,20.8,91,0.1
6401307.101,2026-07-14T13:00:00Z,23.9,78,0.1
6401307.101,2026-07-14T14:00:00Z,25.2,70,0
6401307.101,2026-07-14T15:00:00Z,25.1,68,0
6401307.101,2026-07-14T16:00:00Z,24.7,70,0
6401307.101,2026-07-14T17:00:00Z,23.9,76,0
6401307.101,2026-07-14T18:00:00Z,19.9,91,0
6401307.101,2026-07-14T19:00:00Z,20.0,92,0.2
6401307.101,2026-07-14T20:00:00Z,19.0,95,0
6401307.101,2026-07-14T21:00:00Z,18.5,95,0
6401307.101,2026-07-14T22:00:00Z,18.2,95,0
6401307.101,2026-07-14T23:00:00Z,18.2,95,0
6401307.101,2026-07-15T00:00:00Z,18.0,94,0
6401307.101,2026-07-15T01:00:00Z,17.7,94,0
6401307.101,2026-07-15T02:00:00Z,17.4,94,0
6401307.101,2026-07-15T03:00:00Z,17.6,94,0
6401307.101,2026-07-15T04:00:00Z,19.2,88,0
6401307.101,2026-07-15T05:00:00Z,21.0,81,0
6401307.101,2026-07-15T06:00:00Z,22.6,75,0
6401307.101,2026-07-15T07:00:00Z,24.6,68,0
6401307.101,2026-07-15T08:00:00Z,26.1,61,0
6401307.101,2026-07-15T09:00:00Z,27.0,57,0.1
6401307.101,2026-07-15T10:00:00Z,27.8,53,0.1
6401307.101,2026-07-15T11:00:00Z,28.3,51,0
6401307.101,2026-07-15T12:00:00Z,29.2,44,0
6401307.101,2026-07-15T13:00:00Z,29.3,43,0
6401307.101,2026-07-15T14:00:00Z,29.1,41,0
6401307.101,2026-07-15T15:00:00Z,28.6,43,0
6401307.101,2026-07-15T16:00:00Z,27.8,48,0
6401307.101,2026-07-15T17:00:00Z,26.1,55,0
6401307.101,2026-07-15T18:00:00Z,24.9,55,0
6401307.101,2026-07-15T19:00:00Z,23.7,59,0
6401307.101,2026-07-15T20:00:00Z,22.4,64,0
6401307.101,2026-07-15T21:00:00Z,21.7,67,0
6401307.101,2026-07-15T22:00:00Z,21.2,69,0
6401307.101,2026-07-15T23:00:00Z,20.5,71,0
6401307.101,2026-07-16T00:00:00Z,19.7,77,0
6401307.101,2026-07-16T01:00:00Z,19.0,81,0
6401307.101,2026-07-16T02:00:00Z,18.4,83,0
6401307.101,2026-07-16T03:00:00Z,18.6,83,0
6401307.101,2026-07-16T04:00:00Z,20.0,79,0
6401307.101,2026-07-16T05:00:00Z,22.1,73,0
6401307.101,2026-07-16T06:00:00Z,24.6,64,0
6401307.101,2026-07-16T07:00:00Z,26.8,55,0
6401307.101,2026-07-16T08:00:00Z,28.1,44,0
6401307.101,2026-07-16T09:00:00Z,28.8,41,0
6401307.101,2026-07-16T10:00:00Z,29.3,40,0
6401307.101,2026-07-16T11:00:00Z,29.8,38,0
6401307.101,2026-07-16T12:00:00Z,30.6,34,0
6401307.101,2026-07-16T13:00:00Z,30.4,33,0
6401307.101,2026-07-16T14:00:00Z,30.0,33,0
6401307.101,2026-07-16T15:00:00Z,29.5,35,0
6401307.101,2026-07-16T16:00:00Z,28.7,39,0
6401307.101,2026-07-16T17:00:00Z,26.6,55,0
6401307.101,2026-07-16T18:00:00Z,24.7,54,0
6401307.101,2026-07-16T19:00:00Z,23.8,54,0
6401307.101,2026-07-16T20:00:00Z,22.4,62,0
6401307.101,2026-07-16T21:00:00Z,21.5,65,0
6401307.101,2026-07-16T22:00:00Z,20.8,67,0
6401307.101,2026-07-16T23:00:00Z,20.0,69,0
6401307.101,2026-07-17T00:00:00Z,18.9,78,0
6401307.101,2026-07-17T01:00:00Z,18.7,79,0
6401307.101,2026-07-17T02:00:00Z,18.5,81,0
6401307.101,2026-07-17T03:00:00Z,18.3,84,0
6401307.101,2026-07-17T04:00:00Z,19.9,77,0
6401307.101,2026-07-17T05:00:00Z,22.0,70,0
6401307.101,2026-07-17T06:00:00Z,24.2,62,0
6401307.101,2026-07-17T07:00:00Z,26.2,54,0
6401307.101,2026-07-17T08:00:00Z,27.4,45,0
6401307.101,2026-07-17T09:00:00Z,28.4,41,0
6401307.101,2026-07-17T10:00:00Z,29.1,38,0
6401307.101,2026-07-17T11:00:00Z,29.5,35,0
6401307.101,2026-07-17T12:00:00Z,29.8,35,0
6401307.101,2026-07-17T13:00:00Z,29.4,35,0
6401307.101,2026-07-17T14:00:00Z,28.9,36,0
6401307.101,2026-07-17T15:00:00Z,28.6,38,0
6401307.101,2026-07-17T16:00:00Z,27.7,42,0
6401307.101,2026-07-17T17:00:00Z,26.2,51,0
6401307.101,2026-07-17T18:00:00Z,24.0,57,0
6401307.101,2026-07-17T19:00:00Z,23.3,55,0
6401307.101,2026-07-17T20:00:00Z,23.2,51,0
6401307.101,2026-07-17T21:00:00Z,22.5,50,0
6401307.101,2026-07-17T22:00:00Z,21.6,52,0
6401307.101,2026-07-17T23:00:00Z,20.9,56,0
6401307.101,2026-07-18T00:00:00Z,19.6,64,0
6401307.101,2026-07-18T01:00:00Z,18.9,67,0
6401307.101,2026-07-18T02:00:00Z,18.4,69,0
6401307.101,2026-07-18T03:00:00Z,18.1,68,0
6401307.101,2026-07-18T04:00:00Z,19.1,64,0
6401307.101,2026-07-18T05:00:00Z,20.5,57,0
6401307.101,2026-07-18T06:00:00Z,22.5,54,0
6401307.101,2026-07-18T07:00:00Z,24.6,50,0
6401307.101,2026-07-18T08:00:00Z,26.4,47,0
6401307.101,2026-07-18T09:00:00Z,28.0,44,0
6401307.101,2026-07-18T10:00:00Z,29.2,39,0
6401307.101,2026-07-18T11:00:00Z,29.9,36,0
6401307.101,2026-07-18T12:00:00Z,30.3,34,0
6401307.101,2026-07-18T13:00:00Z,30.7,34,0
6401307.101,2026-07-18T14:00:00Z,30.7,33,0
6401307.101,2026-07-18T15:00:00Z,30.3,33,0
6401307.101,2026-07-18T16:00:00Z,29.4,36,0
6401307.101,2026-07-18T17:00:00Z,27.5,45,0
6401307.101,2026-07-18T18:00:00Z,26.1,53,0
6401307.101,2026-07-18T19:00:00Z,25.0,59,0
6401307.101,2026-07-18T20:00:00Z,23.8,66,0
6401307.101,2026-07-18T21:00:00Z,23.0,71,0
6401307.101,2026-07-18T22:00:00Z,22.1,77,0
6401307.101,2026-07-18T23:00:00Z,21.6,79,0
6401307.101,2026-07-19T00:00:00Z,20.5,86,0
6401307.101,2026-07-19T01:00:00Z,20.2,86,0
6401307.101,2026-07-19T02:00:00Z,19.9,87,0
6401307.101,2026-07-19T03:00:00Z,19.9,87,0
6401307.101,2026-07-19T04:00:00Z,21.0,82,0
6401307.101,2026-07-19T05:00:00Z,22.8,76,0
6401307.101,2026-07-19T06:00:00Z,24.3,69,0
6401307.101,2026-07-19T07:00:00Z,25.9,63,0.2
6401307.101,2026-07-19T08:00:00Z,27.4,55,0.1
6401307.101,2026-07-19T09:00:00Z,28.6,52,0
6401307.101,2026-07-19T10:00:00Z,29.9,50,0
6401307.101,2026-07-19T11:00:00Z,30.8,48,0
6401307.101,2026-07-19T12:00:00Z,30.0,50,0
6401307.101,2026-07-19T13:00:00Z,32.1,44,0
6401307.101,2026-07-19T14:00:00Z,26.4,69,1.2
6401307.101,2026-07-19T15:00:00Z,26.9,65,0.6
6401307.101,2026-07-19T16:00:00Z,22.9,93,5.5
6401307.101,2026-07-19T17:00:00Z,22.9,95,1.1
6401307.101,2026-07-19T18:00:00Z,22.5,93,0
6401307.101,2026-07-19T19:00:00Z,21.7,93,0
6401307.101,2026-07-19T20:00:00Z,21.3,94,0
6401307.101,2026-07-19T21:00:00Z,21.2,94,0
6401307.101,2026-07-19T22:00:00Z,21.4,92,0
6401307.101,2026-07-19T23:00:00Z,21.3,92,0
6401307.101,2026-07-20T00:00:00Z,20.3,98,0
6401307.101,2026-07-20T01:00:00Z,19.8,98,0
6401307.101,2026-07-20T02:00:00Z,19.3,96,0
6401307.101,2026-07-20T03:00:00Z,19.1,96,0
6401307.101,2026-07-20T04:00:00Z,20.2,95,0
6401307.101,2026-07-20T05:00:00Z,21.7,91,0
6401307.101,2026-07-20T06:00:00Z,22.7,85,0
6401307.101,2026-07-20T07:00:00Z,24.3,76,0
6401307.101,2026-07-20T08:00:00Z,25.6,72,0
6401307.101,2026-07-20T09:00:00Z,26.7,66,0
6401307.101,2026-07-20T10:00:00Z,27.5,61,0
6401307.101,2026-07-20T11:00:00Z,28.3,58,0
6401307.101,2026-07-20T12:00:00Z,27.1,59,0
6401307.101,2026-07-20T13:00:00Z,25.5,72,0.6
6401307.101,2026-07-20T14:00:00Z,26.7,63,0.1
6401307.101,2026-07-20T15:00:00Z,26.8,53,0.1
6401307.101,2026-07-20T16:00:00Z,26.1,57,0
6401307.101,2026-07-20T17:00:00Z,24.7,65,0
6401307.101,2026-07-20T18:00:00Z,23.8,67,0
6401307.101,2026-07-20T19:00:00Z,22.8,70,0
6401307.101,2026-07-20T20:00:00Z,21.6,74,0
6401307.101,2026-07-20T21:00:00Z,20.8,78,0
6401307.101,2026-07-20T22:00:00Z,20.4,80,0.1
6401307.101,2026-07-20T23:00:00Z,19.8,82,0
6401307.101,2026-07-21T00:00:00Z,18.7,93,0
6401307.101,2026-07-21T01:00:00Z,18.5,92,0
6401307.101,2026-07-21T02:00:00Z,17.9,91,0
6401307.101,2026-07-21T03:00:00Z,17.5,91,0
6401307.101,2026-07-21T04:00:00Z,18.0,88,0
6401307.101,2026-07-21T05:00:00Z,18.8,84,0
6401307.101,2026-07-21T06:00:00Z,19.3,79,0
6401307.101,2026-07-21T07:00:00Z,21.7,66,0
6401307.101,2026-07-21T08:00:00Z,23.3,56,0
6401307.101,2026-07-21T09:00:00Z,24.5,48,0
6401307.101,2026-07-21T10:00:00Z,25.2,46,0
6401307.101,2026-07-21T11:00:00Z,25.7,45,0
6401307.101,2026-07-21T12:00:00Z,26.4,38,0
6401307.101,2026-07-21T13:00:00Z,26.4,37,0
6401307.101,2026-07-21T14:00:00Z,25.9,40,0
6401307.101,2026-07-21T15:00:00Z,25.6,41,0
6401307.101,2026-07-21T16:00:00Z,25.2,46,0
6401307.101,2026-07-21T17:00:00Z,23.6,59,0
6401307.101,2026-07-21T18:00:00Z,22.5,46,0
6401307.101,2026-07-21T19:00:00Z,21.2,50,0
6401307.101,2026-07-21T20:00:00Z,19.9,58,0
6401307.101,2026-07-21T21:00:00Z,19.0,64,0
6401307.101,2026-07-21T22:00:00Z,18.3,71,0
6401307.101,2026-07-21T23:00:00Z,18.4,71,0
6401307.101,2026-07-22T00:00:00Z,16.7,85,0
6401307.101,2026-07-22T01:00:00Z,15.8,88,0
6401307.101,2026-07-22T02:00:00Z,15.1,91,0
6401307.101,2026-07-22T03:00:00Z,15.0,91,0
6401307.101,2026-07-22T04:00:00Z,16.7,82,0
6401307.101,2026-07-22T05:00:00Z,18.3,71,0
6401307.101,2026-07-22T06:00:00Z,19.8,63,0
6401307.101,2026-07-22T07:00:00Z,21.2,57,0
6401307.101,2026-07-22T08:00:00Z,22.4,53,0
6401307.101,2026-07-22T09:00:00Z,23.3,50,0
6401307.101,2026-07-22T10:00:00Z,23.6,48,0
6401307.101,2026-07-22T11:00:00Z,23.5,48,0
6401307.101,2026-07-22T12:00:00Z,23.2,47,0
6401307.101,2026-07-22T13:00:00Z,22.8,50,0
6401307.101,2026-07-22T14:00:00Z,22.3,51,0
6401307.101,2026-07-22T15:00:00Z,21.9,53,0
6401307.101,2026-07-22T16:00:00Z,21.1,58,0
6401307.101,2026-07-22T17:00:00Z,20.0,63,0
6401307.101,2026-07-22T18:00:00Z,19.1,67,0.3
6401307.101,2026-07-22T19:00:00Z,17.9,80,0.5
6401307.101,2026-07-22T20:00:00Z,17.2,88,0.6
6401307.101,2026-07-22T21:00:00Z,17.0,91,0.6
6401307.101,2026-07-22T22:00:00Z,16.8,93,0.7
6401307.101,2026-07-22T23:00:00Z,16.6,93,0.6
6401307.101,2026-07-23T00:00:00Z,15.6,89,0.6
6401307.101,2026-07-23T01:00:00Z,15.2,90,0.9
6401307.101,2026-07-23T02:00:00Z,14.9,90,0.5
6401307.101,2026-07-23T03:00:00Z,14.8,92,0.2
6401307.101,2026-07-23T04:00:00Z,15.4,91,0.1
6401307.101,2026-07-23T05:00:00Z,16.5,85,0
6401307.101,2026-07-23T06:00:00Z,17.9,69,0
6401307.101,2026-07-23T07:00:00Z,19.6,55,0
6401307.101,2026-07-23T08:00:00Z,20.8,46,0
6401307.101,2026-07-23T09:00:00Z,22.3,40,0
6401307.101,2026-07-23T10:00:00Z,23.0,38,0
6401307.101,2026-07-23T11:00:00Z,23.4,37,0
6401307.101,2026-07-23T12:00:00Z,24.0,33,0
6401307.101,2026-07-23T13:00:00Z,23.8,33,0
6401307.101,2026-07-23T14:00:00Z,23.3,36,0
6401307.101,2026-07-23T15:00:00Z,22.6,39,0
6401307.101,2026-07-23T16:00:00Z,21.8,47,0
6401307.101,2026-07-23T17:00:00Z,20.3,52,0
6401307.101,2026-07-23T18:00:00Z,19.5,59,0
6401307.101,2026-07-23T19:00:00Z,18.5,63,0
6401307.101,2026-07-23T20:00:00Z,18.1,65,0
6401307.101,2026-07-23T21:00:00Z,17.1,68,0
6401307.101,2026-07-23T22:00:00Z,15.9,72,0
6401307.101,2026-07-23T23:00:00Z,15.1,75,0
6401307.101,2026-07-24T00:00:00Z,15.9,67,0
6401307.101,2026-07-24T01:00:00Z,15.2,70,0
6401307.101,2026-07-24T02:00:00Z,14.6,74,0
6401307.101,2026-07-24T03:00:00Z,14.4,76,0
6401307.101,2026-07-24T04:00:00Z,15.9,72,0
6401307.101,2026-07-24T05:00:00Z,18.5,66,0
6401307.101,2026-07-24T06:00:00Z,19.9,60,0
6401307.101,2026-07-24T07:00:00Z,21.5,54,0
6401307.101,2026-07-24T08:00:00Z,22.7,47,0
6401307.101,2026-07-24T09:00:00Z,21.9,47,0.1
6401307.101,2026-07-24T10:00:00Z,21.1,56,0.4
6401307.101,2026-07-24T11:00:00Z,22.9,46,0.1
6401307.101,2026-07-24T12:00:00Z,22.7,50,0
6401307.101,2026-07-24T13:00:00Z,22.5,51,0.3
6401307.101,2026-07-24T14:00:00Z,22.0,56,0.1
6401307.101,2026-07-24T15:00:00Z,21.9,53,0
6401307.101,2026-07-24T16:00:00Z,21.0,56,0
6401307.101,2026-07-24T17:00:00Z,19.6,69,0
6401307.101,2026-07-24T18:00:00Z,18.4,75,0
6401307.101,2026-07-24T19:00:00Z,17.2,78,0
6401307.101,2026-07-24T20:00:00Z,16.7,76,0
6401307.101,2026-07-24T21:00:00Z,16.5,76,0
6401307.101,2026-07-24T22:00:00Z,16.1,79,0
6401307.101,2026-07-24T23:00:00Z,15.4,83,0
6401307.101,2026-07-25T00:00:00Z,14.6,82,0
6401307.101,2026-07-25T01:00:00Z,14.1,84,0
6401307.101,2026-07-25T02:00:00Z,13.7,85,0
6401307.101,2026-07-25T03:00:00Z,13.8,83,0
6401307.101,2026-07-25T04:00:00Z,15.0,80,0
6401307.101,2026-07-25T05:00:00Z,16.9,73,0
6401307.101,2026-07-25T06:00:00Z,18.8,66,0
6401307.101,2026-07-25T07:00:00Z,20.7,58,0
6401307.101,2026-07-25T08:00:00Z,22.3,51,0
6401307.101,2026-07-25T09:00:00Z,23.4,48,0
6401307.101,2026-07-25T10:00:00Z,24.1,46,0
6401307.101,2026-07-25T11:00:00Z,24.5,44,0.1
6401307.101,2026-07-25T12:00:00Z,21.8,61,0
6401307.101,2026-07-25T13:00:00Z,21.9,56,0.4
6401307.101,2026-07-25T14:00:00Z,21.7,61,0.2
6401307.101,2026-07-25T15:00:00Z,22.9,48,0
6401307.101,2026-07-25T16:00:00Z,22.6,48,0
6401307.101,2026-07-25T17:00:00Z,20.8,57,0
6401307.101,2026-07-25T18:00:00Z,19.5,56,0
6401307.101,2026-07-25T19:00:00Z,18.6,62,0
6401307.101,2026-07-25T20:00:00Z,17.6,69,0
6401307.101,2026-07-25T21:00:00Z,17.0,73,0
6401307.101,2026-07-25T22:00:00Z,16.2,77,0
6401307.101,2026-07-25T23:00:00Z,15.4,81,0
6401307.101,2026-07-26T00:00:00Z,14.4,84,0
6401307.101,2026-07-26T01:00:00Z,13.8,88,0
6401307.101,2026-07-26T02:00:00Z,13.2,92,0
6401307.101,2026-07-26T03:00:00Z,13.0,93,0
6401307.101,2026-07-26T04:00:00Z,14.6,87,0
6401307.101,2026-07-26T05:00:00Z,16.8,80,0
6401307.101,2026-07-26T06:00:00Z,19.2,73,0
6401307.101,2026-07-26T07:00:00Z,21.5,63,0
6401307.101,2026-07-26T08:00:00Z,23.1,55,0
6401307.101,2026-07-26T09:00:00Z,24.2,47,0
6401307.101,2026-07-26T10:00:00Z,24.9,43,0
6401307.101,2026-07-26T11:00:00Z,25.4,42,0
6401307.101,2026-07-26T12:00:00Z,26.2,39,0
6401307.101,2026-07-26T13:00:00Z,26.3,39,0
6401307.101,2026-07-26T14:00:00Z,26.3,39,0
6401307.101,2026-07-26T15:00:00Z,26.0,39,0
6401307.101,2026-07-26T16:00:00Z,25.5,41,0
6401307.101,2026-07-26T17:00:00Z,24.4,54,0
6401307.101,2026-07-26T18:00:00Z,22.5,49,0
6401307.101,2026-07-26T19:00:00Z,21.3,52,0
6401307.101,2026-07-26T20:00:00Z,20.1,55,0
6401307.101,2026-07-26T21:00:00Z,19.2,61,0
6401307.101,2026-07-26T22:00:00Z,18.1,67,0
6401307.101,2026-07-26T23:00:00Z,18.0,66,0
6401307.101,2026-07-27T00:00:00Z,16.8,73,0
6401307.101,2026-07-27T01:00:00Z,16.8,74,0
6401307.101,2026-07-27T02:00:00Z,16.4,76,0
6401307.101,2026-07-27T03:00:00Z,16.0,79,0
6401307.101,2026-07-27T04:00:00Z,17.8,73,0
6401307.101,2026-07-27T05:00:00Z,19.5,69,0
6401307.101,2026-07-27T06:00:00Z,21.4,62,0
6401307.101,2026-07-27T07:00:00Z,23.6,56,0
6401307.101,2026-07-27T08:00:00Z,25.4,50,0
6401307.101,2026-07-27T09:00:00Z,26.8,45,0
6401307.101,2026-07-27T10:00:00Z,27.6,41,0
6401307.101,2026-07-27T11:00:00Z,27.5,41,0
6401307.101,2026-07-27T12:00:00Z,28.9,36,0
6401307.101,2026-07-27T13:00:00Z,28.9,37,0
6401307.101,2026-07-27T14:00:00Z,28.0,39,0.4
6401307.101,2026-07-27T15:00:00Z,28.2,37,0.1
6401307.101,2026-07-27T16:00:00Z,27.8,39,0
6401307.101,2026-07-27T17:00:00Z,26.1,43,0
6401307.101,2026-07-27T18:00:00Z,23.6,64,0
6401307.101,2026-07-27T19:00:00Z,22.6,68,0
6401307.101,2026-07-27T20:00:00Z,20.5,81,0.3
6401307.101,2026-07-27T21:00:00Z,19.7,84,0.1
6401307.101,2026-07-27T22:00:00Z,19.0,87,0.2
6401307.101,2026-07-27T23:00:00Z,18.5,93,0.3
6401307.101,2026-07-28T00:00:00Z,17.8,93,0
6401307.101,2026-07-28T01:00:00Z,17.1,94,0
6401307.101,2026-07-28T02:00:00Z,16.7,95,0
6401307.101,2026-07-28T03:00:00Z,16.4,96,0
6401307.101,2026-07-28T04:00:00Z,17.1,91,0
6401307.101,2026-07-28T05:00:00Z,18.6,83,0
6401307.101,2026-07-28T06:00:00Z,19.1,74,0
6401307.101,2026-07-28T07:00:00Z,20.5,65,0
6401307.101,2026-07-28T08:00:00Z,21.5,58,0
6401307.101,2026-07-28T09:00:00Z,22.0,52,0.1
6401307.101,2026-07-28T10:00:00Z,23.3,43,0
6401307.101,2026-07-28T11:00:00Z,24.2,37,0
6401307.101,2026-07-28T12:00:00Z,24.3,35,0
6401307.101,2026-07-28T13:00:00Z,24.1,36,0
6401307.101,2026-07-28T14:00:00Z,23.5,38,0
6401307.101,2026-07-28T15:00:00Z,23.5,37,0
6401307.101,2026-07-28T16:00:00Z,22.7,40,0
6401307.101,2026-07-28T17:00:00Z,21.4,44,0
6401307.101,2026-07-28T18:00:00Z,20.3,46,0
6401307.101,2026-07-28T19:00:00Z,19.2,51,0
6401307.101,2026-07-28T20:00:00Z,18.0,57,0
6401307.101,2026-07-28T21:00:00Z,17.2,61,0
6401307.101,2026-07-28T22:00:00Z,16.5,64,0
6401307.101,2026-07-28T23:00:00Z,15.7,68,0
6401307.101,2026-07-29T00:00:00Z,14.6,73,0
6401307.101,2026-07-29T01:00:00Z,14.3,76,0
6401307.101,2026-07-29T02:00:00Z,13.7,79,0
6401307.101,2026-07-29T03:00:00Z,13.3,83,0
6401307.101,2026-07-29T04:00:00Z,14.7,79,0
6401307.101,2026-07-29T05:00:00Z,16.7,70,0
6401307.101,2026-07-29T06:00:00Z,18.6,63,0
6401307.101,2026-07-29T07:00:00Z,20.6,53,0
6401307.101,2026-07-29T08:00:00Z,22.1,46,0
6401307.101,2026-07-29T09:00:00Z,23.1,39,0
6401307.101,2026-07-29T10:00:00Z,23.8,37,0
6401307.101,2026-07-29T11:00:00Z,24.4,36,0
6401307.101,2026-07-29T12:00:00Z,25.4,33,0
6401307.101,2026-07-29T13:00:00Z,25.4,34,0
6401307.101,2026-07-29T14:00:00Z,25.3,34,0
6401307.101,2026-07-29T15:00:00Z,24.8,35,0
6401307.101,2026-07-29T16:00:00Z,24.0,38,0
6401307.101,2026-07-29T17:00:00Z,22.2,45,0
6401307.101,2026-07-29T18:00:00Z,20.7,46,0
6401307.101,2026-07-29T19:00:00Z,19.4,51,0
6401307.101,2026-07-29T20:00:00Z,18.1,59,0
6401307.101,2026-07-29T21:00:00Z,17.4,62,0
6401307.101,2026-07-29T22:00:00Z,16.8,63,0
6401307.101,2026-07-29T23:00:00Z,16.4,63,0
6401307.101,2026-07-30T00:00:00Z,15.0,71,0
6401307.101,2026-07-30T01:00:00Z,14.2,74,0
6401307.101,2026-07-30T02:00:00Z,13.6,76,0
6401307.101,2026-07-30T03:00:00Z,13.5,77,0
6401307.101,2026-07-30T04:00:00Z,15.7,69,0
6401307.101,2026-07-30T05:00:00Z,18.3,62,0
6401307.101,2026-07-30T06:00:00Z,20.5,56,0
6401307.101,2026-07-30T07:00:00Z,22.8,48,0
6401307.101,2026-07-30T08:00:00Z,24.5,42,0
6401307.101,2026-07-30T09:00:00Z,25.5,39,0
6401307.101,2026-07-30T10:00:00Z,26.9,36,0
6401307.101,2026-07-30T11:00:00Z,27.6,34,0
6401307.101,2026-07-30T12:00:00Z,28.0,34,0
6401307.101,2026-07-30T13:00:00Z,28.1,34,0
6401307.101,2026-07-30T14:00:00Z,27.6,36,0
6401307.101,2026-07-30T15:00:00Z,27.4,36,0
6401307.101,2026-07-30T16:00:00Z,26.9,40,0
6401307.101,2026-07-30T17:00:00Z,24.6,50,0
6401307.101,2026-07-30T18:00:00Z,22.7,52,0
6401307.101,2026-07-30T19:00:00Z,21.2,59,0
6401307.101,2026-07-30T20:00:00Z,20.2,65,0
6401307.101,2026-07-30T21:00:00Z,19.5,68,0
6401307.101,2026-07-30T22:00:00Z,19.2,70,0
6401307.101,2026-07-30T23:00:00Z,18.8,73,0
6401307.101,2026-07-31T00:00:00Z,16.4,82,0
6401307.101,2026-07-31T01:00:00Z,15.8,85,0
6401307.101,2026-07-31T02:00:00Z,15.5,86,0
6401307.101,2026-07-31T03:00:00Z,15.4,86,0
6401307.101,2026-07-31T04:00:00Z,17.4,79,0
6401307.101,2026-07-31T05:00:00Z,20.3,70,0
6401307.101,2026-07-31T06:00:00Z,22.3,63,0
6401307.101,2026-07-31T07:00:00Z,24.4,56,0
6401307.101,2026-07-31T08:00:00Z,26.0,50,0
6401307.101,2026-07-31T09:00:00Z,27.3,45,0
6401307.101,2026-07-31T10:00:00Z,28.5,41,0
6401307.101,2026-07-31T11:00:00Z,29.1,38,0
6401307.101,2026-07-31T12:00:00Z,30.1,36,0
6401307.101,2026-07-31T13:00:00Z,30.7,35,0
6401307.101,2026-07-31T14:00:00Z,30.0,37,0
6401307.101,2026-07-31T15:00:00Z,29.7,38,0
6401307.101,2026-07-31T16:00:00Z,28.9,43,0
6401307.101,2026-07-31T17:00:00Z,26.2,57,0
6401307.101,2026-07-31T18:00:00Z,24.0,63,0
6401307.101,2026-07-31T19:00:00Z,23.4,64,0
6401307.101,2026-07-31T20:00:00Z,22.8,67,0
6401307.101,2026-07-31T21:00:00Z,21.9,70,0
6401307.101,2026-07-31T22:00:00Z,21.0,71,0
6401307.101,2026-07-31T23:00:00Z,20.1,74,0
6401307.101,2026-08-01T00:00:00Z,18.6,80,0
6401307.101,2026-08-01T01:00:00Z,18.0,82,0
6401307.101,2026-08-01T02:00:00Z,17.6,84,0
6401307.101,2026-08-01T03:00:00Z,17.3,86,0
6401307.101,2026-08-01T04:00:00Z,18.9,79,0
6401307.101,2026-08-01T05:00:00Z,21.1,71,0
6401307.101,2026-08-01T06:00:00Z,23.2,62,0
6401307.101,2026-08-01T07:00:00Z,26.1,53,0
6401307.101,2026-08-01T08:00:00Z,28.4,44,0
6401307.101,2026-08-01T09:00:00Z,29.7,37,0
6401307.101,2026-08-01T10:00:00Z,30.6,33,0
6401307.101,2026-08-01T11:00:00Z,31.3,30,0
6401307.101,2026-08-01T12:00:00Z,32.4,27,0
6401307.101,2026-08-01T13:00:00Z,32.7,27,0
6401307.101,2026-08-01T14:00:00Z,32.6,26,0
6401307.101,2026-08-01T15:00:00Z,32.2,27,0
6401307.101,2026-08-01T16:00:00Z,31.1,32,0
6401307.101,2026-08-01T17:00:00Z,28.4,39,0
6401307.101,2026-08-01T18:00:00Z,25.9,44,0
6401307.101,2026-08-01T19:00:00Z,24.7,47,0
6401307.101,2026-08-01T20:00:00Z,23.7,49,0
6401307.101,2026-08-01T21:00:00Z,22.8,50,0
6401307.101,2026-08-01T22:00:00Z,21.9,54,0
6401307.101,2026-08-01T23:00:00Z,20.6,62,0
6401307.101,2026-08-02T00:00:00Z,18.6,74,0
6401307.101,2026-08-02T01:00:00Z,18.4,77,0
6401307.101,2026-08-02T02:00:00Z,18.1,80,0
6401307.101,2026-08-02T03:00:00Z,17.8,85,0
6401307.101,2026-08-02T04:00:00Z,19.8,78,0
6401307.101,2026-08-02T05:00:00Z,22.3,68,0
6401307.101,2026-08-02T06:00:00Z,24.5,59,0
6401307.101,2026-08-02T07:00:00Z,27.1,49,0
6401307.101,2026-08-02T08:00:00Z,28.8,42,0
6401307.101,2026-08-02T09:00:00Z,30.2,36,0
6401307.101,2026-08-02T10:00:00Z,31.0,32,0
6401307.101,2026-08-02T11:00:00Z,31.6,30,0
6401307.101,2026-08-02T12:00:00Z,32.4,28,0
6401307.101,2026-08-02T13:00:00Z,32.8,26,0
6401307.101,2026-08-02T14:00:00Z,32.8,25,0
6401307.101,2026-08-02T15:00:00Z,32.6,25,0
6401307.101,2026-08-02T16:00:00Z,31.6,29,0
6401307.101,2026-08-02T17:00:00Z,29.4,32,0
6401307.101,2026-08-02T18:00:00Z,26.8,33,0
6401307.101,2026-08-02T19:00:00Z,24.9,39,0
6401307.101,2026-08-02T20:00:00Z,23.9,44,0
6401307.101,2026-08-02T21:00:00Z,23.0,48,0
6401307.101,2026-08-02T22:00:00Z,22.3,51,0
6401307.101,2026-08-02T23:00:00Z,21.6,55,0
6401307.101,2026-08-03T00:00:00Z,19.5,60,0
6401307.101,2026-08-03T01:00:00Z,18.8,64,0
6401307.101,2026-08-03T02:00:00Z,18.4,69,0
6401307.101,2026-08-03T03:00:00Z,18.5,71,0
6401307.101,2026-08-03T04:00:00Z,20.3,67,0
6401307.101,2026-08-03T05:00:00Z,22.8,58,0
6401307.101,2026-08-03T06:00:00Z,24.8,52,0
6401307.101,2026-08-03T07:00:00Z,27.6,45,0
6401307.101,2026-08-03T08:00:00Z,29.6,38,0
6401307.101,2026-08-03T09:00:00Z,31.0,30,0
6401307.101,2026-08-03T10:00:00Z,31.8,28,0
6401307.101,2026-08-03T11:00:00Z,32.2,27,0
6401307.101,2026-08-03T12:00:00Z,32.9,24,0
6401307.101,2026-08-03T13:00:00Z,33.0,23,0
6401307.101,2026-08-03T14:00:00Z,32.7,23,0
6401307.101,2026-08-03T15:00:00Z,32.2,24,0
6401307.101,2026-08-03T16:00:00Z,31.1,29,0
6401307.101,2026-08-03T17:00:00Z,28.4,36,0
6401307.101,2026-08-03T18:00:00Z,27.0,37,0
6401307.101,2026-08-03T19:00:00Z,25.3,41,0
6401307.101,2026-08-03T20:00:00Z,23.8,46,0
6401307.101,2026-08-03T21:00:00Z,23.5,48,0
6401307.101,2026-08-03T22:00:00Z,22.5,53,0
6401307.101,2026-08-03T23:00:00Z,21.7,58,0
6401307.101,2026-08-04T00:00:00Z,20.1,64,0
6401307.101,2026-08-04T01:00:00Z,19.3,68,0
6401307.101,2026-08-04T02:00:00Z,18.7,70,0
6401307.101,2026-08-04T03:00:00Z,18.3,73,0
6401307.101,2026-08-04T04:00:00Z,20.2,66,0
6401307.101,2026-08-04T05:00:00Z,22.8,59,0
6401307.101,2026-08-04T06:00:00Z,25.1,54,0
6401307.101,2026-08-04T07:00:00Z,28.2,45,0
6401307.101,2026-08-04T08:00:00Z,30.6,36,0
6401307.101,2026-08-04T09:00:00Z,32.0,32,0
6401307.101,2026-08-04T10:00:00Z,32.8,30,0
6401307.101,2026-08-04T11:00:00Z,33.3,28,0
6401307.101,2026-08-04T12:00:00Z,34.0,24,0
6401307.101,2026-08-04T13:00:00Z,34.1,22,0
6401307.101,2026-08-04T14:00:00Z,34.0,21,0
6401307.101,2026-08-04T15:00:00Z,33.5,21,0
6401307.101,2026-08-04T16:00:00Z,31.9,29,0
6401307.101,2026-08-04T17:00:00Z,28.9,38,0
6401307.101,2026-08-04T18:00:00Z,27.9,31,0
6401307.101,2026-08-04T19:00:00Z,26.7,37,0
6401307.101,2026-08-04T20:00:00Z,25.4,41,0
6401307.101,2026-08-04T21:00:00Z,24.1,46,0
6401307.101,2026-08-04T22:00:00Z,23.4,49,0
6401307.101,2026-08-04T23:00:00Z,22.9,53,0
6401307.101,2026-08-05T00:00:00Z,21.5,62,0
6401307.101,2026-08-05T01:00:00Z,21.0,64,0
6401307.101,2026-08-05T02:00:00Z,21.0,64,0
6401307.101,2026-08-05T03:00:00Z,20.9,66,0
6401307.101,2026-08-05T04:00:00Z,22.4,63,0
6401307.101,2026-08-05T05:00:00Z,25.0,56,0
6401307.101,2026-08-05T06:00:00Z,26.8,50,0
6401307.101,2026-08-05T07:00:00Z,29.2,44,0
6401307.101,2026-08-05T08:00:00Z,31.3,38,0
6401307.101,2026-08-05T09:00:00Z,32.7,33,0
6401307.101,2026-08-05T10:00:00Z,33.6,32,0
6401307.101,2026-08-05T11:00:00Z,34.1,31,0
6401307.101,2026-08-05T12:00:00Z,34.9,29,0
6401307.101,2026-08-05T13:00:00Z,35.0,29,0
6401307.101,2026-08-05T14:00:00Z,34.6,29,0
6401307.101,2026-08-05T15:00:00Z,34.2,31,0
6401307.101,2026-08-05T16:00:00Z,33.1,36,0
6401307.101,2026-08-05T17:00:00Z,30.9,43,0
6401307.101,2026-08-05T18:00:00Z,29.3,45,0
6401307.101,2026-08-05T19:00:00Z,28.0,52,0
6401307.101,2026-08-05T20:00:00Z,27.1,52,0
6401307.101,2026-08-05T21:00:00Z,26.2,56,0
6401307.101,2026-08-05T22:00:00Z,25.2,61,0
6401307.101,2026-08-05T23:00:00Z,24.5,64,0
6401307.101,2026-08-06T00:00:00Z,22.9,70,0
6401307.101,2026-08-06T01:00:00Z,22.6,72,0
6401307.101,2026-08-06T02:00:00Z,22.3,73,0
6401307.101,2026-08-06T03:00:00Z,22.1,73,0
6401307.101,2026-08-06T04:00:00Z,23.8,69,0
6401307.101,2026-08-06T05:00:00Z,26.1,64,0
6401307.101,2026-08-06T06:00:00Z,28.2,57,0
6401307.101,2026-08-06T07:00:00Z,30.5,49,0
6401307.101,2026-08-06T08:00:00Z,32.0,43,0
6401307.101,2026-08-06T09:00:00Z,31.3,46,0.1
6401307.101,2026-08-06T10:00:00Z,32.4,42,0.1
6401307.101,2026-08-06T11:00:00Z,31.7,45,0.2
6401307.101,2026-08-06T12:00:00Z,34.7,29,0.2
6401307.101,2026-08-06T13:00:00Z,35.0,29,0
6401307.101,2026-08-06T14:00:00Z,34.5,30,0
6401307.101,2026-08-06T15:00:00Z,32.6,37,0
6401307.101,2026-08-06T16:00:00Z,30.4,48,0
6401307.101,2026-08-06T17:00:00Z,28.9,57,0
6401307.101,2026-08-06T18:00:00Z,27.4,52,0
6401307.101,2026-08-06T19:00:00Z,26.5,56,0
6401307.101,2026-08-06T20:00:00Z,25.4,60,0
6401307.101,2026-08-06T21:00:00Z,24.5,65,0
6401307.101,2026-08-06T22:00:00Z,23.8,70,0
6401307.101,2026-08-06T23:00:00Z,23.0,74,0
6401307.101,2026-08-07T00:00:00Z,22.8,73,0
6401307.101,2026-08-07T01:00:00Z,22.5,70,0
6401307.101,2026-08-07T02:00:00Z,22.3,69,0
6401307.101,2026-08-07T03:00:00Z,21.8,71,0
6401307.101,2026-08-07T04:00:00Z,23.5,66,0
6401307.101,2026-08-07T05:00:00Z,25.3,62,0
6401307.101,2026-08-07T06:00:00Z,26.5,60,0
6401307.101,2026-08-07T07:00:00Z,28.5,54,0
6401307.101,2026-08-07T08:00:00Z,30.5,49,0
6401307.101,2026-08-07T09:00:00Z,32.0,45,0
6401307.101,2026-08-07T10:00:00Z,33.1,39,0
6401307.101,2026-08-07T11:00:00Z,32.4,39,0
6401307.101,2026-08-07T12:00:00Z,33.2,35,0
6401307.101,2026-08-07T13:00:00Z,34.2,30,0
6401307.101,2026-08-07T14:00:00Z,34.3,29,0
6401307.101,2026-08-07T15:00:00Z,33.7,29,0
6401307.101,2026-08-07T16:00:00Z,32.1,34,0
6401307.101,2026-08-07T17:00:00Z,29.8,45,0
6401307.101,2026-08-07T18:00:00Z,28.3,51,0
6401307.101,2026-08-07T19:00:00Z,27.2,53,0
6401307.101,2026-08-07T20:00:00Z,26.6,56,0
6401307.101,2026-08-07T21:00:00Z,26.0,57,0
6401307.101,2026-08-07T22:00:00Z,24.2,64,0
6401307.101,2026-08-07T23:00:00Z,23.9,67,0
6401307.101,2026-08-08T00:00:00Z,22.4,76,0
6401307.101,2026-08-08T01:00:00Z,21.7,80,0
6401307.101,2026-08-08T02:00:00Z,21.1,84,0
6401307.101,2026-08-08T03:00:00Z,20.6,87,0
6401307.101,2026-08-08T04:00:00Z,21.3,83,0
6401307.101,2026-08-08T05:00:00Z,22.8,77,0
6401307.101,2026-08-08T06:00:00Z,23.5,72,0
6401307.101,2026-08-08T07:00:00Z,25.2,67,0
6401307.101,2026-08-08T08:00:00Z,26.4,63,0
6401307.101,2026-08-08T09:00:00Z,27.0,61,0
6401307.101,2026-08-08T10:00:00Z,28.1,56,0
6401307.101,2026-08-08T11:00:00Z,27.6,58,0
6401307.101,2026-08-08T12:00:00Z,28.0,54,0
6401307.101,2026-08-08T13:00:00Z,27.3,56,0
6401307.101,2026-08-08T14:00:00Z,26.3,58,0
6401307.101,2026-08-08T15:00:00Z,24.9,61,0
6401307.101,2026-08-08T16:00:00Z,23.8,64,0
6401307.101,2026-08-08T17:00:00Z,23.2,67,0
6401307.101,2026-08-08T18:00:00Z,22.0,71,0
6401307.101,2026-08-08T19:00:00Z,21.4,71,0
6401307.101,2026-08-08T20:00:00Z,20.9,71,0
6401307.101,2026-08-08T21:00:00Z,20.4,71,0
6401307.101,2026-08-08T22:00:00Z,19.8,72,0
6401307.101,2026-08-08T23:00:00Z,19.4,71,0
6401307.101,2026-08-09T00:00:00Z,18.1,71,0
6401307.101,2026-08-09T01:00:00Z,18.0,69,0
6401307.101,2026-08-09T02:00:00Z,17.8,69,0
6401307.101,2026-08-09T03:00:00Z,17.6,69,0
6401307.101,2026-08-09T04:00:00Z,18.1,67,0
6401307.101,2026-08-09T05:00:00Z,19.2,63,0
6401307.101,2026-08-09T06:00:00Z,20.6,57,0
6401307.101,2026-08-09T07:00:00Z,22.1,49,0
6401307.101,2026-08-09T08:00:00Z,23.2,42,0
6401307.101,2026-08-09T09:00:00Z,24.1,38,0
6401307.101,2026-08-09T10:00:00Z,24.8,36,0
6401307.101,2026-08-09T11:00:00Z,25.2,36,0
6401307.101,2026-08-09T12:00:00Z,26.0,33,0
6401307.101,2026-08-09T13:00:00Z,26.0,32,0
6401307.101,2026-08-09T14:00:00Z,25.8,33,0
6401307.101,2026-08-09T15:00:00Z,25.3,36,0
6401307.101,2026-08-09T16:00:00Z,24.5,39,0
6401307.101,2026-08-09T17:00:00Z,23.1,44,0
6401307.101,2026-08-09T18:00:00Z,21.4,48,0
6401307.101,2026-08-09T19:00:00Z,20.4,51,0
6401307.101,2026-08-09T20:00:00Z,19.6,54,0
6401307.101,2026-08-09T21:00:00Z,19.0,57,0
6401307.101,2026-08-09T22:00:00Z,18.3,60,0
6401307.101,2026-08-09T23:00:00Z,17.2,66,0
6401307.101,2026-08-10T00:00:00Z,15.8,72,0
6401307.101,2026-08-10T01:00:00Z,15.0,77,0
6401307.101,2026-08-10T02:00:00Z,14.3,79,0
6401307.101,2026-08-10T03:00:00Z,13.9,81,0
6401307.101,2026-08-10T04:00:00Z,15.4,75,0
6401307.101,2026-08-10T05:00:00Z,17.7,67,0
6401307.101,2026-08-10T06:00:00Z,20.3,58,0
6401307.101,2026-08-10T07:00:00Z,22.6,51,0
6401307.101,2026-08-10T08:00:00Z,24.2,46,0
6401307.101,2026-08-10T09:00:00Z,25.4,43,0
6401307.101,2026-08-10T10:00:00Z,26.3,41,0
6401307.101,2026-08-10T11:00:00Z,27.1,39,0
6401307.101,2026-08-10T12:00:00Z,28.2,36,0
6401307.101,2026-08-10T13:00:00Z,28.6,34,0
6401307.101,2026-08-10T14:00:00Z,28.6,33,0
6401307.101,2026-08-10T15:00:00Z,28.3,33,0
6401307.101,2026-08-10T16:00:00Z,27.6,34,0
6401307.101,2026-08-10T17:00:00Z,25.4,43,0
6401307.101,2026-08-10T18:00:00Z,23.6,44,0
6401307.101,2026-08-10T19:00:00Z,22.3,47,0
6401307.101,2026-08-10T20:00:00Z,21.5,50,0
6401307.101,2026-08-10T21:00:00Z,20.6,55,0
6401307.101,2026-08-10T22:00:00Z,19.7,59,0
6401307.101,2026-08-10T23:00:00Z,18.9,63,0
6401307.101,2026-08-11T00:00:00Z,17.0,69,0
6401307.101,2026-08-11T01:00:00Z,16.1,72,0
6401307.101,2026-08-11T02:00:00Z,15.5,74,0
6401307.101,2026-08-11T03:00:00Z,15.0,75,0
6401307.101,2026-08-11T04:00:00Z,16.6,69,0
6401307.101,2026-08-11T05:00:00Z,19.7,59,0
6401307.101,2026-08-11T06:00:00Z,22.5,52,0
6401307.101,2026-08-11T07:00:00Z,25.4,44,0
6401307.101,2026-08-11T08:00:00Z,27.5,36,0
6401307.101,2026-08-11T09:00:00Z,29.0,30,0
6401307.101,2026-08-11T10:00:00Z,30.2,26,0
6401307.101,2026-08-11T11:00:00Z,31.0,26,0
6401307.101,2026-08-11T12:00:00Z,32.1,25,0
6401307.101,2026-08-11T13:00:00Z,32.2,27,0
6401307.101,2026-08-11T14:00:00Z,32.1,29,0
6401307.101,2026-08-11T15:00:00Z,31.7,30,0
6401307.101,2026-08-11T16:00:00Z,30.7,34,0
6401307.101,2026-08-11T17:00:00Z,28.1,43,0
6401307.101,2026-08-11T18:00:00Z,26.2,49,0
6401307.101,2026-08-11T19:00:00Z,25.3,53,0
6401307.101,2026-08-11T20:00:00Z,24.1,56,0
6401307.101,2026-08-11T21:00:00Z,24.9,54,0
6401307.101,2026-08-11T22:00:00Z,23.8,60,0
6401307.101,2026-08-11T23:00:00Z,23.0,63,0
6401307.101,2026-08-12T00:00:00Z,22.0,63,0.4
6401307.101,2026-08-12T01:00:00Z,21.4,63,0
6401307.101,2026-08-12T02:00:00Z,20.6,65,0
6401307.101,2026-08-12T03:00:00Z,19.8,68,0
6401307.101,2026-08-12T04:00:00Z,19.9,68,0
6401307.101,2026-08-12T05:00:00Z,20.5,62,0
6401307.101,2026-08-12T06:00:00Z,20.0,65,0
6401307.101,2026-08-12T07:00:00Z,21.2,57,0.1
6401307.101,2026-08-12T08:00:00Z,21.8,52,0.1
6401307.101,2026-08-12T09:00:00Z,24.2,41,0
6401307.101,2026-08-12T10:00:00Z,25.2,35,0
6401307.101,2026-08-12T11:00:00Z,25.6,32,0
6401307.101,2026-08-12T12:00:00Z,25.8,30,0
6401307.101,2026-08-12T13:00:00Z,25.9,29,0
6401307.101,2026-08-12T14:00:00Z,25.9,30,0
6401307.101,2026-08-12T15:00:00Z,25.4,31,0
6401307.101,2026-08-12T16:00:00Z,24.5,33,0
6401307.101,2026-08-12T17:00:00Z,22.8,36,0
6401307.101,2026-08-12T18:00:00Z,21.0,40,0
6401307.101,2026-08-12T19:00:00Z,19.9,43,0
6401307.101,2026-08-12T20:00:00Z,18.9,46,0
6401307.101,2026-08-12T21:00:00Z,18.2,49,0
6401307.101,2026-08-12T22:00:00Z,17.4,53,0
6401307.101,2026-08-12T23:00:00Z,16.6,56,0
6401307.101,2026-08-13T00:00:00Z,15.7,60,0
6401307.101,2026-08-13T01:00:00Z,15.3,61,0
6401307.101,2026-08-13T02:00:00Z,14.9,62,0
6401307.101,2026-08-13T03:00:00Z,14.3,65,0
6401307.101,2026-08-13T04:00:00Z,15.0,63,0
6401307.101,2026-08-13T05:00:00Z,16.7,57,0
6401307.101,2026-08-13T06:00:00Z,18.5,52,0
6401307.101,2026-08-13T07:00:00Z,20.7,44,0
6401307.101,2026-08-13T08:00:00Z,22.5,38,0
6401307.101,2026-08-13T09:00:00Z,23.4,34,0
6401307.101,2026-08-13T10:00:00Z,23.9,32,0
6401307.101,2026-08-13T11:00:00Z,24.4,30,0
6401307.101,2026-08-13T12:00:00Z,25.5,28,0
6401307.101,2026-08-13T13:00:00Z,25.7,27,0
6401307.101,2026-08-13T14:00:00Z,25.6,26,0
6401307.101,2026-08-13T15:00:00Z,25.0,27,0
6401307.101,2026-08-13T16:00:00Z,24.2,28,0
6401307.101,2026-08-13T17:00:00Z,21.9,39,0
6401307.101,2026-08-13T18:00:00Z,20.4,38,0
6401307.101,2026-08-13T19:00:00Z,19.9,39,0
6401307.101,2026-08-13T20:00:00Z,19.4,42,0
6401307.101,2026-08-13T21:00:00Z,18.0,49,0
6401307.101,2026-08-13T22:00:00Z,16.9,55,0
6401307.101,2026-08-13T23:00:00Z,16.2,59,0
6401307.101,2026-08-14T00:00:00Z,14.3,68,0
6401307.101,2026-08-14T01:00:00Z,13.8,70,0
6401307.101,2026-08-14T02:00:00Z,13.5,72,0
6401307.101,2026-08-14T03:00:00Z,13.3,72,0
6401307.101,2026-08-14T04:00:00Z,14.5,68,0
6401307.101,2026-08-14T05:00:00Z,16.4,62,0
6401307.101,2026-08-14T06:00:00Z,18.1,56,0
6401307.101,2026-08-14T07:00:00Z,20.3,49,0
6401307.101,2026-08-14T08:00:00Z,22.4,42,0
6401307.101,2026-08-14T09:00:00Z,23.9,35,0
6401307.101,2026-08-14T10:00:00Z,24.7,33,0
6401307.101,2026-08-14T11:00:00Z,24.8,32,0
6401307.101,2026-08-14T12:00:00Z,25.7,29,0
6401307.101,2026-08-14T13:00:00Z,25.8,28,0
6401307.101,2026-08-14T14:00:00Z,25.7,28,0
6401307.101,2026-08-14T15:00:00Z,25.4,28,0
6401307.101,2026-08-14T16:00:00Z,24.2,31,0
6401307.101,2026-08-14T17:00:00Z,22.4,37,0
6401307.101,2026-08-14T18:00:00Z,20.4,40,0
6401307.101,2026-08-14T19:00:00Z,19.3,41,0
6401307.101,2026-08-14T20:00:00Z,18.2,47,0
6401307.101,2026-08-14T21:00:00Z,17.0,51,0
6401307.101,2026-08-14T22:00:00Z,16.2,55,0
6401307.101,2026-08-14T23:00:00Z,15.4,60,0
6401307.101,2026-08-15T00:00:00Z,14.3,63,0
6401307.101,2026-08-15T01:00:00Z,13.9,65,0
6401307.101,2026-08-15T02:00:00Z,13.6,68,0
6401307.101,2026-08-15T03:00:00Z,13.2,71,0
6401307.101,2026-08-15T04:00:00Z,14.5,68,0
6401307.101,2026-08-15T05:00:00Z,16.8,59,0
6401307.101,2026-08-15T06:00:00Z,19.0,51,0
6401307.101,2026-08-15T07:00:00Z,21.4,43,0
6401307.101,2026-08-15T08:00:00Z,23.3,37,0
6401307.101,2026-08-15T09:00:00Z,24.6,34,0
6401307.101,2026-08-15T10:00:00Z,25.3,33,0
6401307.101,2026-08-15T11:00:00Z,26.0,33,0
6401307.101,2026-08-15T12:00:00Z,26.9,31,0
6401307.101,2026-08-15T13:00:00Z,27.2,31,0
6401307.101,2026-08-15T14:00:00Z,27.2,30,0
6401307.101,2026-08-15T15:00:00Z,26.9,30,0
6401307.101,2026-08-15T16:00:00Z,26.0,33,0
6401307.101,2026-08-15T17:00:00Z,23.9,47,0
6401307.101,2026-08-15T18:00:00Z,22.2,47,0
6401307.101,2026-08-15T19:00:00Z,21.0,52,0
6401307.101,2026-08-15T20:00:00Z,20.0,55,0
6401307.101,2026-08-15T21:00:00Z,18.8,61,0
6401307.101,2026-08-15T22:00:00Z,18.1,66,0
6401307.101,2026-08-15T23:00:00Z,17.7,71,0
6401307.101,2026-08-16T00:00:00Z,16.5,69,0
6401307.101,2026-08-16T01:00:00Z,16.4,63,0
6401307.101,2026-08-16T02:00:00Z,15.9,64,0
6401307.101,2026-08-16T03:00:00Z,15.3,67,0
6401307.101,2026-08-16T04:00:00Z,16.1,72,0
6401307.101,2026-08-16T05:00:00Z,18.8,61,0
6401307.101,2026-08-16T06:00:00Z,21.2,52,0
6401307.101,2026-08-16T07:00:00Z,24.0,45,0
6401307.101,2026-08-16T08:00:00Z,26.2,37,0
6401307.101,2026-08-16T09:00:00Z,27.5,31,0
6401307.101,2026-08-16T10:00:00Z,28.3,30,0
6401307.101,2026-08-16T11:00:00Z,28.8,29,0
6401307.101,2026-08-16T12:00:00Z,29.9,26,0
6401307.101,2026-08-16T13:00:00Z,29.9,26,0
6401307.101,2026-08-16T14:00:00Z,29.7,26,0
6401307.101,2026-08-16T15:00:00Z,29.2,27,0
6401307.101,2026-08-16T16:00:00Z,27.9,34,0
6401307.101,2026-08-16T17:00:00Z,24.7,43,0
6401307.101,2026-08-16T18:00:00Z,23.0,46,0
6401307.101,2026-08-16T19:00:00Z,22.1,47,0
6401307.101,2026-08-16T20:00:00Z,21.3,47,0
6401307.101,2026-08-16T21:00:00Z,20.2,49,0
6401307.101,2026-08-16T22:00:00Z,19.4,51,0
6401307.101,2026-08-16T23:00:00Z,19.3,51,0
6401307.101,2026-08-17T00:00:00Z,18.0,57,0
6401307.101,2026-08-17T01:00:00Z,17.4,60,0
6401307.101,2026-08-17T02:00:00Z,16.9,64,0
6401307.101,2026-08-17T03:00:00Z,16.6,67,0
6401307.101,2026-08-17T04:00:00Z,17.8,67,0
6401307.101,2026-08-17T05:00:00Z,20.4,56,0
6401307.101,2026-08-17T06:00:00Z,22.4,50,0
6401307.101,2026-08-17T07:00:00Z,25.1,44,0
6401307.101,2026-08-17T08:00:00Z,27.7,36,0
6401307.101,2026-08-17T09:00:00Z,29.1,29,0
6401307.101,2026-08-17T10:00:00Z,30.0,27,0
6401307.101,2026-08-17T11:00:00Z,30.5,26,0
6401307.101,2026-08-17T12:00:00Z,31.2,23,0
6401307.101,2026-08-17T13:00:00Z,31.2,23,0
6401307.101,2026-08-17T14:00:00Z,31.0,23,0
6401307.101,2026-08-17T15:00:00Z,30.5,24,0
6401307.101,2026-08-17T16:00:00Z,29.1,30,0
6401307.101,2026-08-17T17:00:00Z,26.3,35,0
6401307.101,2026-08-17T18:00:00Z,24.6,38,0
6401307.101,2026-08-17T19:00:00Z,23.4,41,0
6401307.101,2026-08-17T20:00:00Z,22.6,44,0
6401307.101,2026-08-17T21:00:00Z,21.7,49,0
6401307.101,2026-08-17T22:00:00Z,21.6,48,0
6401307.101,2026-08-17T23:00:00Z,20.7,50,0
6401307.101,2026-08-18T00:00:00Z,19.4,54,0
6401307.101,2026-08-18T01:00:00Z,19.1,55,0
6401307.101,2026-08-18T02:00:00Z,18.8,56,0
6401307.101,2026-08-18T03:00:00Z,18.8,57,0
6401307.101,2026-08-18T04:00:00Z,19.3,58,0
6401307.101,2026-08-18T05:00:00Z,20.6,57,0
6401307.101,2026-08-18T06:00:00Z,22.4,53,0
6401307.101,2026-08-18T07:00:00Z,24.9,48,0
6401307.101,2026-08-18T08:00:00Z,27.2,41,0
6401307.101,2026-08-18T09:00:00Z,29.3,36,0
6401307.101,2026-08-18T10:00:00Z,30.8,31,0
6401307.101,2026-08-18T11:00:00Z,29.6,34,0.2
6401307.101,2026-08-18T12:00:00Z,27.4,42,0.8
6401307.101,2026-08-18T13:00:00Z,22.9,64,0.5
6401307.101,2026-08-18T14:00:00Z,21.9,67,0.1
6401307.101,2026-08-18T15:00:00Z,20.9,71,0.1
6401307.101,2026-08-18T16:00:00Z,21.0,64,0.1
6401307.101,2026-08-18T17:00:00Z,20.0,64,0
6401307.101,2026-08-18T18:00:00Z,18.4,71,0
6401307.101,2026-08-18T19:00:00Z,17.1,76,0
6401307.101,2026-08-18T20:00:00Z,16.0,82,0
6401307.101,2026-08-18T21:00:00Z,15.2,85,0
6401307.101,2026-08-18T22:00:00Z,14.7,87,0
6401307.101,2026-08-18T23:00:00Z,14.6,87,0
6401307.101,2026-08-19T00:00:00Z,14.4,86,0
6401307.101,2026-08-19T01:00:00Z,14.4,86,0
6401307.101,2026-08-19T02:00:00Z,14.3,86,0
6401307.101,2026-08-19T03:00:00Z,14.1,87,0
6401307.101,2026-08-19T04:00:00Z,14.6,85,0
6401307.101,2026-08-19T05:00:00Z,16.2,78,0
6401307.101,2026-08-19T06:00:00Z,17.9,71,0
6401307.101,2026-08-19T07:00:00Z,19.9,62,0
6401307.101,2026-08-19T08:00:00Z,21.5,54,0
6401307.101,2026-08-19T09:00:00Z,22.7,49,0
6401307.101,2026-08-19T10:00:00Z,23.4,47,0
6401307.101,2026-08-19T11:00:00Z,24.3,42,0.1
6401307.101,2026-08-19T12:00:00Z,25.1,38,0.1
6401307.101,2026-08-19T13:00:00Z,25.3,38,0
6401307.101,2026-08-19T14:00:00Z,25.3,38,0
6401307.101,2026-08-19T15:00:00Z,25.1,38,0
6401307.101,2026-08-19T16:00:00Z,24.2,44,0
6401307.101,2026-08-19T17:00:00Z,22.1,54,0
6401307.101,2026-08-19T18:00:00Z,20.9,54,0
6401307.101,2026-08-19T19:00:00Z,20.7,54,0
6401307.101,2026-08-19T20:00:00Z,20.3,55,0
6401307.101,2026-08-19T21:00:00Z,19.4,58,0
6401307.101,2026-08-19T22:00:00Z,18.4,63,0
6401307.101,2026-08-19T23:00:00Z,17.7,68,0
6401307.101,2026-08-20T00:00:00Z,16.3,76,0
6401307.101,2026-08-20T01:00:00Z,16.1,78,0
6401307.101,2026-08-20T02:00:00Z,15.6,80,0
6401307.101,2026-08-20T03:00:00Z,15.0,85,0
6401307.101,2026-08-20T04:00:00Z,15.9,83,0
6401307.101,2026-08-20T05:00:00Z,18.6,74,0
6401307.101,2026-08-20T06:00:00Z,21.4,63,0
6401307.101,2026-08-20T07:00:00Z,24.3,52,0
6401307.101,2026-08-20T08:00:00Z,26.9,43,0
6401307.101,2026-08-20T09:00:00Z,28.5,37,0
6401307.101,2026-08-20T10:00:00Z,29.6,34,0
6401307.101,2026-08-20T11:00:00Z,30.5,32,0
6401307.101,2026-08-20T12:00:00Z,31.9,28,0
6401307.101,2026-08-20T13:00:00Z,32.1,28,0
6401307.101,2026-08-20T14:00:00Z,31.9,29,0
6401307.101,2026-08-20T15:00:00Z,31.4,31,0
6401307.101,2026-08-20T16:00:00Z,29.9,37,0
6401307.101,2026-08-20T17:00:00Z,27.2,43,0
6401307.101,2026-08-20T18:00:00Z,26.7,42,0
6401307.101,2026-08-20T19:00:00Z,26.2,43,0
6401307.101,2026-08-20T20:00:00Z,24.7,53,0
6401307.101,2026-08-20T21:00:00Z,23.2,60,0
6401307.101,2026-08-20T22:00:00Z,22.2,63,0
6401307.101,2026-08-20T23:00:00Z,21.4,67,0
6401307.101,2026-08-21T00:00:00Z,20.3,75,0
6401307.101,2026-08-21T01:00:00Z,20.0,79,0
6401307.101,2026-08-21T02:00:00Z,19.6,82,0
6401307.101,2026-08-21T03:00:00Z,19.3,83,0
6401307.101,2026-08-21T04:00:00Z,19.8,80,0
6401307.101,2026-08-21T05:00:00Z,21.5,72,0
6401307.101,2026-08-21T06:00:00Z,23.4,63,0
6401307.101,2026-08-21T07:00:00Z,25.8,54,0
6401307.101,2026-08-21T08:00:00Z,28.0,48,0
6401307.101,2026-08-21T09:00:00Z,30.1,41,0
6401307.101,2026-08-21T10:00:00Z,31.6,37,0
6401307.101,2026-08-21T11:00:00Z,32.6,33,0
6401307.101,2026-08-21T12:00:00Z,33.7,31,0
6401307.101,2026-08-21T13:00:00Z,33.6,31,0
6401307.101,2026-08-21T14:00:00Z,33.1,32,0
6401307.101,2026-08-21T15:00:00Z,32.3,33,0
6401307.101,2026-08-21T16:00:00Z,30.9,37,0
6401307.101,2026-08-21T17:00:00Z,28.5,44,0
6401307.101,2026-08-21T18:00:00Z,27.1,48,0
6401307.101,2026-08-21T19:00:00Z,25.4,54,0
6401307.101,2026-08-21T20:00:00Z,23.9,60,0
6401307.101,2026-08-21T21:00:00Z,22.5,66,0
6401307.101,2026-08-21T22:00:00Z,21.5,72,0
6401307.101,2026-08-21T23:00:00Z,20.4,78,0
6401307.101,2026-08-22T00:00:00Z,18.5,86,0
6401307.101,2026-08-22T01:00:00Z,18.0,89,0
6401307.101,2026-08-22T02:00:00Z,17.4,94,0
6401307.101,2026-08-22T03:00:00Z,17.2,95,0
6401307.101,2026-08-22T04:00:00Z,17.6,94,0
6401307.101,2026-08-22T05:00:00Z,19.3,86,0
6401307.101,2026-08-22T06:00:00Z,21.1,78,0
6401307.101,2026-08-22T07:00:00Z,23.5,66,0
6401307.101,2026-08-22T08:00:00Z,26.0,53,0
6401307.101,2026-08-22T09:00:00Z,27.9,44,0
6401307.101,2026-08-22T10:00:00Z,29.4,39,0
6401307.101,2026-08-22T11:00:00Z,30.5,36,0
6401307.101,2026-08-22T12:00:00Z,32.2,31,0
6401307.101,2026-08-22T13:00:00Z,32.6,30,0
6401307.101,2026-08-22T14:00:00Z,32.5,30,0
6401307.101,2026-08-22T15:00:00Z,32.0,31,0
6401307.101,2026-08-22T16:00:00Z,30.5,37,0
6401307.101,2026-08-22T17:00:00Z,27.4,46,0
6401307.101,2026-08-22T18:00:00Z,26.5,45,0
6401307.101,2026-08-22T19:00:00Z,26.2,47,0
6401307.101,2026-08-22T20:00:00Z,25.4,47,0
6401307.101,2026-08-22T21:00:00Z,25.3,61,0
6401307.101,2026-08-22T22:00:00Z,24.6,66,0
6401307.101,2026-08-22T23:00:00Z,23.7,69,0
6401307.101,2026-08-23T00:00:00Z,22.6,65,0
6401307.101,2026-08-23T01:00:00Z,22.0,62,0
6401307.101,2026-08-23T02:00:00Z,21.4,60,0
6401307.101,2026-08-23T03:00:00Z,20.6,59,0
6401307.101,2026-08-23T04:00:00Z,20.1,60,0
6401307.101,2026-08-23T05:00:00Z,20.7,58,0
6401307.101,2026-08-23T06:00:00Z,21.4,56,0
6401307.101,2026-08-23T07:00:00Z,23.2,49,0
6401307.101,2026-08-23T08:00:00Z,24.9,41,0
6401307.101,2026-08-23T09:00:00Z,26.3,36,0
6401307.101,2026-08-23T10:00:00Z,27.2,34,0
6401307.101,2026-08-23T11:00:00Z,27.9,32,0
6401307.101,2026-08-23T12:00:00Z,28.7,30,0
6401307.101,2026-08-23T13:00:00Z,28.3,31,0
6401307.101,2026-08-23T14:00:00Z,28.0,31,0
6401307.101,2026-08-23T15:00:00Z,27.4,32,0
6401307.101,2026-08-23T16:00:00Z,26.2,35,0
6401307.101,2026-08-23T17:00:00Z,24.1,41,0
6401307.101,2026-08-23T18:00:00Z,23.1,45,0
6401307.101,2026-08-23T19:00:00Z,22.1,48,0
6401307.101,2026-08-23T20:00:00Z,21.1,50,0
6401307.101,2026-08-23T21:00:00Z,20.4,52,0
6401307.101,2026-08-23T22:00:00Z,19.8,53,0
6401307.101,2026-08-23T23:00:00Z,19.1,55,0
6401307.101,2026-08-24T00:00:00Z,17.8,59,0
6401307.101,2026-08-24T01:00:00Z,17.3,61,0
6401307.101,2026-08-24T02:00:00Z,16.5,65,0
6401307.101,2026-08-24T03:00:00Z,16.2,66,0
6401307.101,2026-08-24T04:00:00Z,17.1,64,0
6401307.101,2026-08-24T05:00:00Z,18.5,58,0
6401307.101,2026-08-24T06:00:00Z,19.6,54,0
6401307.101,2026-08-24T07:00:00Z,20.9,49,0
6401307.101,2026-08-24T08:00:00Z,21.2,48,0
6401307.101,2026-08-24T09:00:00Z,21.9,46,0
6401307.101,2026-08-24T10:00:00Z,22.5,44,0
6401307.101,2026-08-24T11:00:00Z,22.3,45,0
6401307.101,2026-08-24T12:00:00Z,23.8,37,0
6401307.101,2026-08-24T13:00:00Z,24.1,37,0
6401307.101,2026-08-24T14:00:00Z,24.4,37,0
6401307.101,2026-08-24T15:00:00Z,24.3,38,0
6401307.101,2026-08-24T16:00:00Z,23.7,40,0
6401307.101,2026-08-24T17:00:00Z,21.9,47,0
6401307.101,2026-08-24T18:00:00Z,21.1,52,0
6401307.101,2026-08-24T19:00:00Z,20.4,58,0
6401307.101,2026-08-24T20:00:00Z,19.9,61,0
6401307.101,2026-08-24T21:00:00Z,18.7,71,0
6401307.101,2026-08-24T22:00:00Z,17.6,83,0
6401307.101,2026-08-24T23:00:00Z,17.2,90,0.1
6401307.101,2026-08-25T00:00:00Z,16.5,89,0
6401307.101,2026-08-25T01:00:00Z,16.2,93,0
6401307.101,2026-08-25T02:00:00Z,15.4,96,0
6401307.101,2026-08-25T03:00:00Z,15.2,97,0
6401307.101,2026-08-25T04:00:00Z,16.0,97,0
6401307.101,2026-08-25T05:00:00Z,18.0,85,0
6401307.101,2026-08-25T06:00:00Z,19.4,76,0
6401307.101,2026-08-25T07:00:00Z,21.8,63,0
6401307.101,2026-08-25T08:00:00Z,23.5,56,0
6401307.101,2026-08-25T09:00:00Z,24.9,53,0
6401307.101,2026-08-25T10:00:00Z,26.0,50,0
6401307.101,2026-08-25T11:00:00Z,26.6,50,0
6401307.101,2026-08-25T12:00:00Z,27.2,49,0
6401307.101,2026-08-25T13:00:00Z,28.2,43,0
6401307.101,2026-08-25T14:00:00Z,28.3,41,0
6401307.101,2026-08-25T15:00:00Z,27.8,42,0
6401307.101,2026-08-25T16:00:00Z,27.0,47,0
6401307.101,2026-08-25T17:00:00Z,24.5,54,0
6401307.101,2026-08-25T18:00:00Z,24.0,56,0
6401307.101,2026-08-25T19:00:00Z,21.3,73,0.7
6401307.101,2026-08-25T20:00:00Z,19.9,88,1.1
6401307.101,2026-08-25T21:00:00Z,20.1,87,0
6401307.101,2026-08-25T22:00:00Z,19.6,92,0.3
6401307.101,2026-08-25T23:00:00Z,19.3,92,0
6401307.101,2026-08-26T00:00:00Z,18.9,94,2.0
6401307.101,2026-08-26T01:00:00Z,18.6,97,0.1
6401307.101,2026-08-26T02:00:00Z,18.5,98,0.1
6401307.101,2026-08-26T03:00:00Z,18.5,97,0.9
6401307.101,2026-08-26T04:00:00Z,18.7,96,1.6
6401307.101,2026-08-26T05:00:00Z,18.8,96,0.9
6401307.101,2026-08-26T06:00:00Z,17.7,97,0.2
6401307.101,2026-08-26T07:00:00Z,18.1,96,0.7
6401307.101,2026-08-26T08:00:00Z,18.6,95,0.4
6401307.101,2026-08-26T09:00:00Z,18.8,93,0.9
6401307.101,2026-08-26T10:00:00Z,19.5,92,2.7
6401307.101,2026-08-26T11:00:00Z,20.0,88,0.6
6401307.101,2026-08-26T12:00:00Z,18.9,88,0.2
6401307.101,2026-08-26T13:00:00Z,19.2,89,1.3
6401307.101,2026-08-26T14:00:00Z,19.3,89,1.1
6401307.101,2026-08-26T15:00:00Z,18.4,95,1.6
6401307.101,2026-08-26T16:00:00Z,18.1,94,2.4
6401307.101,2026-08-26T17:00:00Z,17.8,95,1.1
6401307.101,2026-08-26T18:00:00Z,17.9,94,0.3
6401307.101,2026-08-26T19:00:00Z,17.6,95,0.1
6401307.101,2026-08-26T20:00:00Z,17.4,96,0.1
6401307.101,2026-08-26T21:00:00Z,17.3,96,0
6401307.101,2026-08-26T22:00:00Z,17.2,97,0.1
6401307.101,2026-08-26T23:00:00Z,17.0,97,0.1
6401307.101,2026-08-27T00:00:00Z,16.6,97,0.1
6401307.101,2026-08-27T01:00:00Z,16.7,97,0.1
6401307.101,2026-08-27T02:00:00Z,16.7,97,0.6
6401307.101,2026-08-27T03:00:00Z,16.4,98,0.4
6401307.101,2026-08-27T04:00:00Z,16.4,97,0.5
6401307.101,2026-08-27T05:00:00Z,16.6,96,0.2
6401307.101,2026-08-27T06:00:00Z,16.2,97,0.2
6401307.101,2026-08-27T07:00:00Z,16.4,94,0.4
6401307.101,2026-08-27T08:00:00Z,17.5,86,0
6401307.101,2026-08-27T09:00:00Z,19.3,72,0
6401307.101,2026-08-27T10:00:00Z,20.6,65,0
6401307.101,2026-08-27T11:00:00Z,21.3,60,0
6401307.101,2026-08-27T12:00:00Z,21.0,58,0
6401307.101,2026-08-27T13:00:00Z,21.1,57,0
6401307.101,2026-08-27T14:00:00Z,20.2,61,0.1
6401307.101,2026-08-27T15:00:00Z,19.2,68,0.2
6401307.101,2026-08-27T16:00:00Z,18.7,71,0
6401307.101,2026-08-27T17:00:00Z,17.2,81,0.3
6401307.101,2026-08-27T18:00:00Z,16.9,84,0.3
6401307.101,2026-08-27T19:00:00Z,16.1,87,0
6401307.101,2026-08-27T20:00:00Z,15.2,89,0
6401307.101,2026-08-27T21:00:00Z,15.0,90,0
6401307.101,2026-08-27T22:00:00Z,14.1,92,0
6401307.101,2026-08-27T23:00:00Z,13.3,91,0
6401307.101,2026-08-28T00:00:00Z,13.3,86,0
6401307.101,2026-08-28T01:00:00Z,13.2,85,0
6401307.101,2026-08-28T02:00:00Z,13.1,85,0
6401307.101,2026-08-28T03:00:00Z,13.0,84,0
6401307.101,2026-08-28T04:00:00Z,13.4,82,0
6401307.101,2026-08-28T05:00:00Z,15.0,76,0
6401307.101,2026-08-28T06:00:00Z,16.5,72,0
6401307.101,2026-08-28T07:00:00Z,18.3,67,0
6401307.101,2026-08-28T08:00:00Z,19.7,62,0
6401307.101,2026-08-28T09:00:00Z,21.0,54,0
6401307.101,2026-08-28T10:00:00Z,21.8,50,0
6401307.101,2026-08-28T11:00:00Z,21.6,51,0
6401307.101,2026-08-28T12:00:00Z,21.8,53,0
6401307.101,2026-08-28T13:00:00Z,22.5,50,0
6401307.101,2026-08-28T14:00:00Z,22.6,49,0
6401307.101,2026-08-28T15:00:00Z,22.6,49,0
6401307.101,2026-08-28T16:00:00Z,21.6,56,0
6401307.101,2026-08-28T17:00:00Z,18.7,65,0
6401307.101,2026-08-28T18:00:00Z,17.4,69,0
6401307.101,2026-08-28T19:00:00Z,16.9,71,0
6401307.101,2026-08-28T20:00:00Z,16.4,73,0
6401307.101,2026-08-28T21:00:00Z,15.6,78,0
6401307.101,2026-08-28T22:00:00Z,14.7,81,0
6401307.101,2026-08-28T23:00:00Z,14.3,82,0
6401307.101,2026-08-29T00:00:00Z,13.8,80,0
6401307.101,2026-08-29T01:00:00Z,13.5,79,0
6401307.101,2026-08-29T02:00:00Z,13.0,81,0
6401307.101,2026-08-29T03:00:00Z,12.6,83,0
6401307.101,2026-08-29T04:00:00Z,13.4,81,0
6401307.101,2026-08-29T05:00:00Z,15.5,75,0
6401307.101,2026-08-29T06:00:00Z,17.7,68,0
6401307.101,2026-08-29T07:00:00Z,20.1,62,0
6401307.101,2026-08-29T08:00:00Z,22.0,58,0
6401307.101,2026-08-29T09:00:00Z,23.7,53,0
6401307.101,2026-08-29T10:00:00Z,25.1,49,0
6401307.101,2026-08-29T11:00:00Z,26.0,43,0
6401307.101,2026-08-29T12:00:00Z,27.4,39,0
6401307.101,2026-08-29T13:00:00Z,27.4,39,0
6401307.101,2026-08-29T14:00:00Z,26.9,42,0
6401307.101,2026-08-29T15:00:00Z,26.1,46,0
6401307.101,2026-08-29T16:00:00Z,24.2,63,0
6401307.101,2026-08-29T17:00:00Z,22.0,65,0
6401307.101,2026-08-29T18:00:00Z,21.1,66,0
6401307.101,2026-08-29T19:00:00Z,20.7,66,0
6401307.101,2026-08-29T20:00:00Z,19.4,72,0
6401307.101,2026-08-29T21:00:00Z,18.8,74,0
6401307.101,2026-08-29T22:00:00Z,18.1,77,0
6401307.101,2026-08-29T23:00:00Z,17.5,77,0
6401307.101,2026-08-30T00:00:00Z,17.2,78,0
6401307.101,2026-08-30T01:00:00Z,17.1,80,0
6401307.101,2026-08-30T02:00:00Z,16.7,82,0
6401307.101,2026-08-30T03:00:00Z,16.6,83,0
6401307.101,2026-08-30T04:00:00Z,17.1,85,0
6401307.101,2026-08-30T05:00:00Z,17.5,89,0.7
6401307.101,2026-08-30T06:00:00Z,17.2,92,1.6
6401307.101,2026-08-30T07:00:00Z,19.9,87,0.4
6401307.101,2026-08-30T08:00:00Z,22.9,68,0
6401307.101,2026-08-30T09:00:00Z,25.0,56,0
6401307.101,2026-08-30T10:00:00Z,26.3,48,0
6401307.101,2026-08-30T11:00:00Z,27.1,44,0
6401307.101,2026-08-30T12:00:00Z,27.7,40,0
6401307.101,2026-08-30T13:00:00Z,27.8,40,0
6401307.101,2026-08-30T14:00:00Z,28.1,38,0
6401307.101,2026-08-30T15:00:00Z,27.4,43,0
6401307.101,2026-08-30T16:00:00Z,25.3,53,0
6401307.101,2026-08-30T17:00:00Z,23.0,56,0
6401307.101,2026-08-30T18:00:00Z,22.6,54,0
6401307.101,2026-08-30T19:00:00Z,22.2,54,0
6401307.101,2026-08-30T20:00:00Z,21.6,52,0
6401307.101,2026-08-30T21:00:00Z,20.9,55,0
6401307.101,2026-08-30T22:00:00Z,20.1,58,0
6401307.101,2026-08-30T23:00:00Z,19.2,60,0
6401307.101,2026-08-31T00:00:00Z,18.6,62,0
6401307.101,2026-08-31T01:00:00Z,18.6,62,0
6401307.101,2026-08-31T02:00:00Z,17.5,68,0
6401307.101,2026-08-31T03:00:00Z,16.8,73,0
6401307.101,2026-08-31T04:00:00Z,16.9,74,0
6401307.101,2026-08-31T05:00:00Z,19.3,65,0
6401307.101,2026-08-31T06:00:00Z,21.7,56,0
6401307.101,2026-08-31T07:00:00Z,23.9,49,0
6401307.101,2026-08-31T08:00:00Z,25.9,44,0
6401307.101,2026-08-31T09:00:00Z,27.5,40,0
6401307.101,2026-08-31T10:00:00Z,28.4,37,0
6401307.101,2026-08-31T11:00:00Z,28.8,36,0
6401307.101,2026-08-31T12:00:00Z,29.8,32,0
6401307.101,2026-08-31T13:00:00Z,29.8,32,0
6401307.101,2026-08-31T14:00:00Z,29.4,33,0
6401307.101,2026-08-31T15:00:00Z,28.4,37,0
6401307.101,2026-08-31T16:00:00Z,26.1,45,0
6401307.101,2026-08-31T17:00:00Z,24.0,49,0
6401307.101,2026-08-31T18:00:00Z,23.6,48,0
6401307.101,2026-08-31T19:00:00Z,22.8,49,0
6401307.101,2026-08-31T20:00:00Z,21.9,48,0
6401307.101,2026-08-31T21:00:00Z,20.9,48,0
6401307.101,2026-08-31T22:00:00Z,20.1,50,0
6401307.101,2026-08-31T23:00:00Z,19.4,51,0
6401307.101,2026-09-01T00:00:00Z,18.4,55,0
6401307.101,2026-09-01T01:00:00Z,18.0,54,0
6401307.101,2026-09-01T02:00:00Z,17.4,54,0
6401307.101,2026-09-01T03:00:00Z,16.6,55,0
6401307.101,2026-09-01T04:00:00Z,16.7,54,0
6401307.101,2026-09-01T05:00:00Z,18.8,50,0
6401307.101,2026-09-01T06:00:00Z,20.7,47,0
6401307.101,2026-09-01T07:00:00Z,22.7,42,0
6401307.101,2026-09-01T08:00:00Z,24.6,37,0
6401307.101,2026-09-01T09:00:00Z,26.2,35,0
6401307.101,2026-09-01T10:00:00Z,27.3,30,0
6401307.101,2026-09-01T11:00:00Z,24.5,42,0.2
6401307.101,2026-09-01T12:00:00Z,27.6,24,0.2
6401307.101,2026-09-01T13:00:00Z,28.3,26,0
6401307.101,2026-09-01T14:00:00Z,27.4,37,0
6401307.101,2026-09-01T15:00:00Z,24.9,59,0
6401307.101,2026-09-01T16:00:00Z,23.5,64,0
6401307.101,2026-09-01T17:00:00Z,22.5,68,0
6401307.101,2026-09-01T18:00:00Z,21.9,69,0
6401307.101,2026-09-01T19:00:00Z,20.7,75,0
6401307.101,2026-09-01T20:00:00Z,20.0,79,0
6401307.101,2026-09-01T21:00:00Z,19.3,82,0
6401307.101,2026-09-01T22:00:00Z,18.6,84,0
6401307.101,2026-09-01T23:00:00Z,18.2,83,0
6401307.101,2026-09-02T00:00:00Z,17.2,82,0
6401307.101,2026-09-02T01:00:00Z,16.7,85,0
6401307.101,2026-09-02T02:00:00Z,15.9,88,0
6401307.101,2026-09-02T03:00:00Z,15.3,90,0
6401307.101,2026-09-02T04:00:00Z,15.5,90,0
6401307.101,2026-09-02T05:00:00Z,17.7,81,0
6401307.101,2026-09-02T06:00:00Z,19.6,71,0
6401307.101,2026-09-02T07:00:00Z,22.0,60,0
6401307.101,2026-09-02T08:00:00Z,23.6,54,0
6401307.101,2026-09-02T09:00:00Z,24.8,49,0
6401307.101,2026-09-02T10:00:00Z,25.6,47,0
6401307.101,2026-09-02T11:00:00Z,25.9,45,0
6401307.101,2026-09-02T12:00:00Z,27.1,39,0
6401307.101,2026-09-02T13:00:00Z,26.9,39,0
6401307.101,2026-09-02T14:00:00Z,26.1,41,0
6401307.101,2026-09-02T15:00:00Z,25.6,43,0
6401307.101,2026-09-02T16:00:00Z,24.1,50,0
6401307.101,2026-09-02T17:00:00Z,21.6,62,0
6401307.101,2026-09-02T18:00:00Z,21.8,60,0
6401307.101,2026-09-02T19:00:00Z,20.4,67,0
6401307.101,2026-09-02T20:00:00Z,19.8,71,0.2
6401307.101,2026-09-02T21:00:00Z,18.9,75,0
6401307.101,2026-09-02T22:00:00Z,18.2,81,0
6401307.101,2026-09-02T23:00:00Z,17.3,86,0
6401307.101,2026-09-03T00:00:00Z,17.9,73,0.4
6401307.101,2026-09-03T01:00:00Z,16.3,89,0.4
6401307.101,2026-09-03T02:00:00Z,16.3,94,0.6
6401307.101,2026-09-03T03:00:00Z,16.2,94,0.2
6401307.101,2026-09-03T04:00:00Z,16.1,93,0.1
6401307.101,2026-09-03T05:00:00Z,17.3,92,0
6401307.101,2026-09-03T06:00:00Z,18.7,83,0
6401307.101,2026-09-03T07:00:00Z,20.8,68,0
6401307.101,2026-09-03T08:00:00Z,22.8,56,0
6401307.101,2026-09-03T09:00:00Z,23.7,52,0
6401307.101,2026-09-03T10:00:00Z,25.0,48,0
6401307.101,2026-09-03T11:00:00Z,25.4,46,0
6401307.101,2026-09-03T12:00:00Z,25.6,44,0
6401307.101,2026-09-03T13:00:00Z,24.7,48,0.3
6401307.101,2026-09-03T14:00:00Z,24.7,47,0.1
6401307.101,2026-09-03T15:00:00Z,24.2,46,0
6401307.101,2026-09-03T16:00:00Z,23.1,51,0
6401307.101,2026-09-03T17:00:00Z,21.3,58,0
6401307.101,2026-09-03T18:00:00Z,20.8,56,0
6401307.101,2026-09-03T19:00:00Z,20.2,58,0
6401307.101,2026-09-03T20:00:00Z,19.2,62,0
6401307.101,2026-09-03T21:00:00Z,17.9,69,0
6401307.101,2026-09-03T22:00:00Z,17.1,74,0
6401307.101,2026-09-03T23:00:00Z,16.4,78,0
6401307.101,2026-09-04T00:00:00Z,15.6,83,0
6401307.101,2026-09-04T01:00:00Z,15.4,84,0
6401307.101,2026-09-04T02:00:00Z,15.0,85,0
6401307.101,2026-09-04T03:00:00Z,14.4,88,0
6401307.101,2026-09-04T04:00:00Z,14.6,88,0
6401307.101,2026-09-04T05:00:00Z,16.9,77,0
6401307.101,2026-09-04T06:00:00Z,18.7,71,0
6401307.101,2026-09-04T07:00:00Z,21.8,59,0
6401307.101,2026-09-04T08:00:00Z,24.0,50,0
6401307.101,2026-09-04T09:00:00Z,25.5,44,0
6401307.101,2026-09-04T10:00:00Z,26.3,42,0
6401307.101,2026-09-04T11:00:00Z,26.6,42,0
6401307.101,2026-09-04T12:00:00Z,27.1,39,0
6401307.101,2026-09-04T13:00:00Z,26.9,38,0
6401307.101,2026-09-04T14:00:00Z,26.7,37,0
6401307.101,2026-09-04T15:00:00Z,26.1,38,0
6401307.101,2026-09-04T16:00:00Z,24.3,48,0
6401307.101,2026-09-04T17:00:00Z,22.2,55,0
6401307.101,2026-09-04T18:00:00Z,22.2,52,0
6401307.101,2026-09-04T19:00:00Z,22.1,52,0
6401307.101,2026-09-04T20:00:00Z,21.1,56,0
6401307.101,2026-09-04T21:00:00Z,19.7,62,0
6401307.101,2026-09-04T22:00:00Z,19.3,63,0
6401307.101,2026-09-04T23:00:00Z,18.4,68,0
6401307.101,2026-09-05T00:00:00Z,17.6,71,0
6401307.101,2026-09-05T01:00:00Z,16.8,74,0
6401307.101,2026-09-05T02:00:00Z,16.2,75,0
6401307.101,2026-09-05T03:00:00Z,15.7,77,0
6401307.101,2026-09-05T04:00:00Z,16.0,77,0
6401307.101,2026-09-05T05:00:00Z,19.0,64,0
6401307.101,2026-09-05T06:00:00Z,21.7,55,0
6401307.101,2026-09-05T07:00:00Z,24.8,46,0
6401307.101,2026-09-05T08:00:00Z,27.2,40,0
6401307.101,2026-09-05T09:00:00Z,29.0,36,0
6401307.101,2026-09-05T10:00:00Z,30.5,32,0
6401307.101,2026-09-05T11:00:00Z,31.2,31,0
6401307.101,2026-09-05T12:00:00Z,32.4,28,0
6401307.101,2026-09-05T13:00:00Z,32.1,28,0
6401307.101,2026-09-05T14:00:00Z,29.5,39,0.1
6401307.101,2026-09-05T15:00:00Z,27.8,46,0
6401307.101,2026-09-05T16:00:00Z,26.7,52,0
6401307.101,2026-09-05T17:00:00Z,25.1,50,0
6401307.101,2026-09-05T18:00:00Z,17.8,83,0
6401307.101,2026-09-05T19:00:00Z,16.9,89,1.8
6401307.101,2026-09-05T20:00:00Z,17.1,86,0.1
6401307.101,2026-09-05T21:00:00Z,16.6,87,0.1
6401307.101,2026-09-05T22:00:00Z,16.3,87,0
6401307.101,2026-09-05T23:00:00Z,16.3,86,0
6401307.101,2026-09-06T00:00:00Z,16.1,78,0
6401307.101,2026-09-06T01:00:00Z,14.7,84,0
6401307.101,2026-09-06T02:00:00Z,13.9,87,0
6401307.101,2026-09-06T03:00:00Z,13.6,87,0
6401307.101,2026-09-06T04:00:00Z,13.5,87,0
6401307.101,2026-09-06T05:00:00Z,15.4,79,0
6401307.101,2026-09-06T06:00:00Z,15.5,79,0
6401307.101,2026-09-06T07:00:00Z,17.3,71,0.1
6401307.101,2026-09-06T08:00:00Z,19.1,62,0
6401307.101,2026-09-06T09:00:00Z,19.8,53,0.3
6401307.101,2026-09-06T10:00:00Z,21.5,46,0
6401307.101,2026-09-06T11:00:00Z,21.2,44,0.1
6401307.101,2026-09-06T12:00:00Z,21.6,40,0
6401307.101,2026-09-06T13:00:00Z,21.4,40,0
6401307.101,2026-09-06T14:00:00Z,20.6,40,0
6401307.101,2026-09-06T15:00:00Z,19.9,41,0
6401307.101,2026-09-06T16:00:00Z,19.0,43,0
6401307.101,2026-09-06T17:00:00Z,18.1,44,0
6401307.101,2026-09-06T18:00:00Z,17.2,49,0
6401307.101,2026-09-06T19:00:00Z,16.6,51,0
6401307.101,2026-09-06T20:00:00Z,15.6,58,0
6401307.101,2026-09-06T21:00:00Z,15.1,63,0
6401307.101,2026-09-06T22:00:00Z,14.8,64,0
6401307.101,2026-09-06T23:00:00Z,14.4,66,0
6401307.101,2026-09-07T00:00:00Z,13.5,69,0
6401307.101,2026-09-07T01:00:00Z,13.0,72,0
6401307.101,2026-09-07T02:00:00Z,12.6,75,0
6401307.101,2026-09-07T03:00:00Z,12.1,78,0
6401307.101,2026-09-07T04:00:00Z,12.0,79,0
6401307.101,2026-09-07T05:00:00Z,13.3,75,0
6401307.101,2026-09-07T06:00:00Z,14.7,71,0
6401307.101,2026-09-07T07:00:00Z,16.5,66,0
6401307.101,2026-09-07T08:00:00Z,18.0,62,0
6401307.101,2026-09-07T09:00:00Z,19.6,54,0
6401307.101,2026-09-07T10:00:00Z,20.9,45,0
6401307.101,2026-09-07T11:00:00Z,21.2,42,0
6401307.101,2026-09-07T12:00:00Z,21.9,41,0
6401307.101,2026-09-07T13:00:00Z,21.9,39,0
6401307.101,2026-09-07T14:00:00Z,21.8,38,0
6401307.101,2026-09-07T15:00:00Z,20.9,40,0
6401307.101,2026-09-07T16:00:00Z,19.7,46,0
6401307.101,2026-09-07T17:00:00Z,17.2,55,0
6401307.101,2026-09-07T18:00:00Z,16.1,58,0
6401307.101,2026-09-07T19:00:00Z,15.5,62,0
6401307.101,2026-09-07T20:00:00Z,14.8,64,0
6401307.101,2026-09-07T21:00:00Z,14.1,68,0
6401307.101,2026-09-07T22:00:00Z,13.6,70,0
6401307.101,2026-09-07T23:00:00Z,13.0,73,0
6401307.101,2026-09-08T00:00:00Z,11.7,80,0
6401307.101,2026-09-08T01:00:00Z,11.5,83,0
6401307.101,2026-09-08T02:00:00Z,11.3,86,0
6401307.101,2026-09-08T03:00:00Z,10.9,88,0
6401307.101,2026-09-08T04:00:00Z,11.1,89,0
6401307.101,2026-09-08T05:00:00Z,13.3,78,0
6401307.101,2026-09-08T06:00:00Z,15.8,67,0
6401307.101,2026-09-08T07:00:00Z,18.6,55,0
6401307.101,2026-09-08T08:00:00Z,20.6,48,0
6401307.101,2026-09-08T09:00:00Z,21.9,43,0
6401307.101,2026-09-08T10:00:00Z,22.8,40,0
6401307.101,2026-09-08T11:00:00Z,23.4,39,0
6401307.101,2026-09-08T12:00:00Z,24.6,36,0
6401307.101,2026-09-08T13:00:00Z,24.8,36,0
6401307.101,2026-09-08T14:00:00Z,24.5,37,0
6401307.101,2026-09-08T15:00:00Z,23.9,38,0
6401307.101,2026-09-08T16:00:00Z,21.5,52,0
6401307.101,2026-09-08T17:00:00Z,19.0,59,0
6401307.101,2026-09-08T18:00:00Z,18.1,63,0
6401307.101,2026-09-08T19:00:00Z,17.0,67,0
6401307.101,2026-09-08T20:00:00Z,16.5,68,0
6401307.101,2026-09-08T21:00:00Z,15.9,69,0
6401307.101,2026-09-08T22:00:00Z,15.4,70,0
6401307.101,2026-09-08T23:00:00Z,15.2,70,0
6401307.101,2026-09-09T00:00:00Z,14.6,72,0
6401307.101,2026-09-09T01:00:00Z,14.3,75,0
6401307.101,2026-09-09T02:00:00Z,13.9,78,0
6401307.101,2026-09-09T03:00:00Z,13.6,81,0
6401307.101,2026-09-09T04:00:00Z,13.6,83,0
6401307.101,2026-09-09T05:00:00Z,15.6,76,0
6401307.101,2026-09-09T06:00:00Z,18.0,68,0
6401307.101,2026-09-09T07:00:00Z,20.5,60,0
6401307.101,2026-09-09T08:00:00Z,22.8,53,0
6401307.101,2026-09-09T09:00:00Z,24.5,45,0
6401307.101,2026-09-09T10:00:00Z,25.6,40,0
6401307.101,2026-09-09T11:00:00Z,26.2,38,0
6401307.101,2026-09-09T12:00:00Z,27.3,34,0
6401307.101,2026-09-09T13:00:00Z,27.2,34,0
6401307.101,2026-09-09T14:00:00Z,26.8,35,0
6401307.101,2026-09-09T15:00:00Z,26.0,37,0
6401307.101,2026-09-09T16:00:00Z,23.6,46,0
6401307.101,2026-09-09T17:00:00Z,21.3,54,0
6401307.101,2026-09-09T18:00:00Z,20.6,56,0
6401307.101,2026-09-09T19:00:00Z,20.0,59,0
6401307.101,2026-09-09T20:00:00Z,19.2,64,0
6401307.101,2026-09-09T21:00:00Z,18.4,68,0
6401307.101,2026-09-09T22:00:00Z,17.6,72,0
6401307.101,2026-09-09T23:00:00Z,16.9,74,0
6401307.101,2026-09-10T00:00:00Z,15.9,78,0
6401307.101,2026-09-10T01:00:00Z,15.7,80,0
6401307.101,2026-09-10T02:00:00Z,15.4,82,0
6401307.101,2026-09-10T03:00:00Z,15.1,84,0
6401307.101,2026-09-10T04:00:00Z,15.0,86,0
6401307.101,2026-09-10T05:00:00Z,16.5,80,0
6401307.101,2026-09-10T06:00:00Z,18.6,72,0
6401307.101,2026-09-10T07:00:00Z,20.9,64,0
6401307.101,2026-09-10T08:00:00Z,22.9,57,0
6401307.101,2026-09-10T09:00:00Z,24.7,50,0
6401307.101,2026-09-10T10:00:00Z,26.1,44,0
6401307.101,2026-09-10T11:00:00Z,27.1,40,0
6401307.101,2026-09-10T12:00:00Z,28.4,38,0
6401307.101,2026-09-10T13:00:00Z,28.7,36,0
6401307.101,2026-09-10T14:00:00Z,28.5,36,0
6401307.101,2026-09-10T15:00:00Z,27.8,38,0
6401307.101,2026-09-10T16:00:00Z,25.3,46,0
6401307.101,2026-09-10T17:00:00Z,22.9,54,0
6401307.101,2026-09-10T18:00:00Z,21.7,57,0
6401307.101,2026-09-10T19:00:00Z,21.1,60,0
6401307.101,2026-09-10T20:00:00Z,20.5,62,0
6401307.101,2026-09-10T21:00:00Z,19.6,68,0
6401307.101,2026-09-10T22:00:00Z,18.6,76,0
6401307.101,2026-09-10T23:00:00Z,18.1,79,0
6401307.101,2026-09-11T00:00:00Z,16.9,85,0
6401307.101,2026-09-11T01:00:00Z,16.8,82,0
6401307.101,2026-09-11T02:00:00Z,16.2,85,0
6401307.101,2026-09-11T03:00:00Z,15.6,87,0
6401307.101,2026-09-11T04:00:00Z,15.4,91,0
6401307.101,2026-09-11T05:00:00Z,17.5,83,0
6401307.101,2026-09-11T06:00:00Z,18.7,77,0
6401307.101,2026-09-11T07:00:00Z,20.5,70,0
6401307.101,2026-09-11T08:00:00Z,22.2,64,0
6401307.101,2026-09-11T09:00:00Z,23.9,58,0
6401307.101,2026-09-11T10:00:00Z,25.2,54,0
6401307.101,2026-09-11T11:00:00Z,26.2,51,0
6401307.101,2026-09-11T12:00:00Z,27.2,46,0
6401307.101,2026-09-11T13:00:00Z,27.5,45,0
6401307.101,2026-09-11T14:00:00Z,27.5,45,0
6401307.101,2026-09-11T15:00:00Z,27.2,45,0
6401307.101,2026-09-11T16:00:00Z,25.2,56,0
6401307.101,2026-09-11T17:00:00Z,23.1,63,0
6401307.101,2026-09-11T18:00:00Z,22.5,67,0
6401307.101,2026-09-11T19:00:00Z,22.3,68,0
6401307.101,2026-09-11T20:00:00Z,22.2,68,0
6401307.101,2026-09-11T21:00:00Z,21.0,76,0
6401307.101,2026-09-11T22:00:00Z,20.5,74,0
6401307.101,2026-09-11T23:00:00Z,19.8,73,0
6401307.101,2026-09-12T00:00:00Z,18.6,77,0
6401307.101,2026-09-12T01:00:00Z,18.1,76,0
6401307.101,2026-09-12T02:00:00Z,17.3,79,0
6401307.101,2026-09-12T03:00:00Z,16.8,82,0
6401307.101,2026-09-12T04:00:00Z,16.5,87,0
6401307.101,2026-09-12T05:00:00Z,18.2,82,0
6401307.101,2026-09-12T06:00:00Z,19.7,76,0
6401307.101,2026-09-12T07:00:00Z,21.8,69,0
6401307.101,2026-09-12T08:00:00Z,23.3,64,0
6401307.101,2026-09-12T09:00:00Z,24.8,58,0
6401307.101,2026-09-12T10:00:00Z,25.0,56,0
6401307.101,2026-09-12T11:00:00Z,24.2,60,0
6401307.101,2026-09-12T12:00:00Z,23.6,67,0
6401307.101,2026-09-12T13:00:00Z,23.2,68,0.2
6401307.101,2026-09-12T14:00:00Z,21.8,75,0.1
6401307.101,2026-09-12T15:00:00Z,20.1,91,0.7
6401307.101,2026-09-12T16:00:00Z,19.2,95,1.0
6401307.101,2026-09-12T17:00:00Z,18.5,95,0.6
6401307.101,2026-09-12T18:00:00Z,18.0,92,0.3
6401307.101,2026-09-12T19:00:00Z,17.7,94,3.1
6401307.101,2026-09-12T20:00:00Z,17.4,95,2.5
6401307.101,2026-09-12T21:00:00Z,16.7,95,2.4
6401307.101,2026-09-12T22:00:00Z,15.7,95,2.3
6401307.101,2026-09-12T23:00:00Z,15.0,95,1.1
6401307.101,2026-09-13T00:00:00Z,14.3,96,1.1
6401307.101,2026-09-13T01:00:00Z,14.0,96,0.2
6401307.101,2026-09-13T02:00:00Z,13.8,96,0.7
6401307.101,2026-09-13T03:00:00Z,13.7,95,0.5
6401307.101,2026-09-13T04:00:00Z,13.7,96,0.4
6401307.101,2026-09-13T05:00:00Z,14.0,96,0.5
6401307.101,2026-09-13T06:00:00Z,13.7,96,0.7
6401307.101,2026-09-13T07:00:00Z,14.3,95,1.1
6401307.101,2026-09-13T08:00:00Z,15.1,93,0.6
6401307.101,2026-09-13T09:00:00Z,15.8,92,1.2
6401307.101,2026-09-13T10:00:00Z,16.2,91,1.3
6401307.101,2026-09-13T11:00:00Z,16.6,92,0.9
6401307.101,2026-09-13T12:00:00Z,16.4,91,0.4
6401307.101,2026-09-13T13:00:00Z,16.3,92,0.6
6401307.101,2026-09-13T14:00:00Z,16.0,94,0.7
6401307.101,2026-09-13T15:00:00Z,15.7,95,0.4
6401307.101,2026-09-13T16:00:00Z,15.3,94,0.3
6401307.101,2026-09-13T17:00:00Z,14.9,94,0.2
6401307.101,2026-09-13T18:00:00Z,14.8,93,0.1
6401307.101,2026-09-13T19:00:00Z,14.7,94,0.2
6401307.101,2026-09-13T20:00:00Z,14.6,94,0.1
6401307.101,2026-09-13T21:00:00Z,14.4,93,0.1
6401307.101,2026-09-13T22:00:00Z,14.2,92,0
6401307.101,2026-09-13T23:00:00Z,14.2,91,0
6401307.101,2026-09-14T00:00:00Z,14.3,93,0
6401307.101,2026-09-14T01:00:00Z,14.4,90,0
6401307.101,2026-09-14T02:00:00Z,14.6,88,0
6401307.101,2026-09-14T03:00:00Z,14.7,86,0
6401307.101,2026-09-14T04:00:00Z,14.8,84,0
6401307.101,2026-09-14T05:00:00Z,15.1,81,0
6401307.101,2026-09-14T06:00:00Z,15.5,78,0
6401307.101,2026-09-14T07:00:00Z,17.2,67,0
6401307.101,2026-09-14T08:00:00Z,18.8,56,0
6401307.101,2026-09-14T09:00:00Z,19.9,48,0
6401307.101,2026-09-14T10:00:00Z,20.9,44,0
6401307.101,2026-09-14T11:00:00Z,20.9,43,0
6401307.101,2026-09-14T12:00:00Z,20.7,45,0
6401307.101,2026-09-14T13:00:00Z,20.4,47,0.1
6401307.101,2026-09-14T14:00:00Z,19.6,49,0
6401307.101,2026-09-14T15:00:00Z,18.8,51,0
6401307.101,2026-09-14T16:00:00Z,17.5,56,0
6401307.101,2026-09-14T17:00:00Z,15.6,64,0
6401307.101,2026-09-14T18:00:00Z,15.2,71,0
6401307.101,2026-09-14T19:00:00Z,14.1,77,0
6401307.101,2026-09-14T20:00:00Z,13.5,76,0
6401307.101,2026-09-14T21:00:00Z,13.3,71,0
6401307.101,2026-09-14T22:00:00Z,12.8,72,0
6401307.101,2026-09-14T23:00:00Z,12.2,75,0
6401307.101,2026-09-15T00:00:00Z,11.6,79,0
6401307.101,2026-09-15T01:00:00Z,11.4,81,0
6401307.101,2026-09-15T02:00:00Z,11.2,83,0
6401307.101,2026-09-15T03:00:00Z,11.0,85,0
6401307.101,2026-09-15T04:00:00Z,10.9,86,0
6401307.101,2026-09-15T05:00:00Z,12.4,82,0
6401307.101,2026-09-15T06:00:00Z,14.0,77,0
6401307.101,2026-09-15T07:00:00Z,16.5,69,0
6401307.101,2026-09-15T08:00:00Z,18.7,63,0
6401307.101,2026-09-15T09:00:00Z,20.0,53,0.1
6401307.101,2026-09-15T10:00:00Z,20.8,48,0
6401307.101,2026-09-15T11:00:00Z,21.1,47,0
6401307.101,2026-09-15T12:00:00Z,21.9,43,0.1
6401307.101,2026-09-15T13:00:00Z,21.9,43,0
6401307.101,2026-09-15T14:00:00Z,21.7,42,0
6401307.101,2026-09-15T15:00:00Z,20.7,48,0
6401307.101,2026-09-15T16:00:00Z,18.5,58,0
6401307.101,2026-09-15T17:00:00Z,16.3,66,0
6401307.101,2026-09-15T18:00:00Z,16.1,66,0
6401307.101,2026-09-15T19:00:00Z,15.2,71,0
6401307.101,2026-09-15T20:00:00Z,14.3,76,0
6401307.101,2026-09-15T21:00:00Z,13.6,81,0
6401307.101,2026-09-15T22:00:00Z,13.1,84,0
6401307.101,2026-09-15T23:00:00Z,12.6,86,0
6401307.101,2026-09-16T00:00:00Z,11.7,87,0
6401307.101,2026-09-16T01:00:00Z,11.3,88,0
6401307.101,2026-09-16T02:00:00Z,10.8,90,0
6401307.101,2026-09-16T03:00:00Z,10.2,93,0
6401307.101,2026-09-16T04:00:00Z,10.0,94,0
6401307.101,2026-09-16T05:00:00Z,12.2,87,0
6401307.101,2026-09-16T06:00:00Z,14.6,78,0
6401307.101,2026-09-16T07:00:00Z,17.3,68,0
6401307.101,2026-09-16T08:00:00Z,19.5,59,0
6401307.101,2026-09-16T09:00:00Z,20.8,53,0
6401307.101,2026-09-16T10:00:00Z,21.5,49,0
6401307.101,2026-09-16T11:00:00Z,22.0,47,0
6401307.101,2026-09-16T12:00:00Z,23.0,41,0
6401307.101,2026-09-16T13:00:00Z,22.7,40,0
6401307.101,2026-09-16T14:00:00Z,22.4,40,0
6401307.101,2026-09-16T15:00:00Z,21.6,45,0
6401307.101,2026-09-16T16:00:00Z,19.4,56,0
6401307.101,2026-09-16T17:00:00Z,18.2,56,0
6401307.101,2026-09-16T18:00:00Z,17.9,53,0
6401307.101,2026-09-16T19:00:00Z,16.4,63,0
6401307.101,2026-09-16T20:00:00Z,15.3,72,0
6401307.101,2026-09-16T21:00:00Z,14.4,78,0
6401307.101,2026-09-16T22:00:00Z,13.7,83,0
6401307.101,2026-09-16T23:00:00Z,13.3,84,0
6401307.101,2026-09-17T00:00:00Z,12.2,83,0
6401307.101,2026-09-17T01:00:00Z,11.7,86,0
6401307.101,2026-09-17T02:00:00Z,11.3,88,0
6401307.101,2026-09-17T03:00:00Z,11.0,90,0
6401307.101,2026-09-17T04:00:00Z,11.0,91,0
6401307.101,2026-09-17T05:00:00Z,13.1,83,0
6401307.101,2026-09-17T06:00:00Z,15.7,75,0
6401307.101,2026-09-17T07:00:00Z,18.7,65,0
6401307.101,2026-09-17T08:00:00Z,21.1,57,0
6401307.101,2026-09-17T09:00:00Z,22.7,47,0
6401307.101,2026-09-17T10:00:00Z,23.5,43,0
6401307.101,2026-09-17T11:00:00Z,23.9,42,0
6401307.101,2026-09-17T12:00:00Z,25.2,39,0
6401307.101,2026-09-17T13:00:00Z,25.1,38,0
6401307.101,2026-09-17T14:00:00Z,24.7,38,0
6401307.101,2026-09-17T15:00:00Z,23.5,44,0
6401307.101,2026-09-17T16:00:00Z,20.9,53,0
6401307.101,2026-09-17T17:00:00Z,19.1,59,0
6401307.101,2026-09-17T18:00:00Z,18.1,62,0
6401307.101,2026-09-17T19:00:00Z,17.2,65,0
6401307.101,2026-09-17T20:00:00Z,16.3,69,0
6401307.101,2026-09-17T21:00:00Z,15.4,74,0
6401307.101,2026-09-17T22:00:00Z,14.7,78,0
6401307.101,2026-09-17T23:00:00Z,14.0,81,0
6401307.101,2026-09-18T00:00:00Z,13.5,83,0
6401307.101,2026-09-18T01:00:00Z,13.9,82,0
6401307.101,2026-09-18T02:00:00Z,14.5,80,0
6401307.101,2026-09-18T03:00:00Z,14.5,80,0
6401307.101,2026-09-18T04:00:00Z,13.7,84,0
6401307.101,2026-09-18T05:00:00Z,15.4,77,0
6401307.101,2026-09-18T06:00:00Z,17.2,70,0
6401307.101,2026-09-18T07:00:00Z,19.4,64,0
6401307.101,2026-09-18T08:00:00Z,21.6,58,0
6401307.101,2026-09-18T09:00:00Z,23.5,50,0
6401307.101,2026-09-18T10:00:00Z,24.6,42,0
6401307.101,2026-09-18T11:00:00Z,25.0,40,0
6401307.101,2026-09-18T12:00:00Z,25.7,38,0
6401307.101,2026-09-18T13:00:00Z,25.6,38,0
6401307.101,2026-09-18T14:00:00Z,25.0,39,0
6401307.101,2026-09-18T15:00:00Z,23.9,43,0
6401307.101,2026-09-18T16:00:00Z,21.3,52,0
6401307.101,2026-09-18T17:00:00Z,19.7,57,0
6401307.101,2026-09-18T18:00:00Z,19.0,60,0
6401307.101,2026-09-18T19:00:00Z,18.5,61,0
6401307.101,2026-09-18T20:00:00Z,17.5,63,0
6401307.101,2026-09-18T21:00:00Z,16.8,66,0
6401307.101,2026-09-18T22:00:00Z,16.8,66,0
6401307.101,2026-09-18T23:00:00Z,17.4,65,0
6401307.101,2026-09-19T00:00:00Z,16.7,74,0
6401307.101,2026-09-19T01:00:00Z,16.3,77,0
6401307.101,2026-09-19T02:00:00Z,16.5,77,0
6401307.101,2026-09-19T03:00:00Z,15.8,79,0
6401307.101,2026-09-19T04:00:00Z,15.7,81,0
6401307.101,2026-09-19T05:00:00Z,17.1,77,0
6401307.101,2026-09-19T06:00:00Z,18.7,71,0
6401307.101,2026-09-19T07:00:00Z,20.3,65,0
6401307.101,2026-09-19T08:00:00Z,21.4,64,0
6401307.101,2026-09-19T09:00:00Z,22.3,63,0
6401307.101,2026-09-19T10:00:00Z,22.8,62,0
6401307.101,2026-09-19T11:00:00Z,23.2,61,0
6401307.101,2026-09-19T12:00:00Z,23.3,56,0.1
6401307.101,2026-09-19T13:00:00Z,23.1,57,0.1
6401307.101,2026-09-19T14:00:00Z,23.3,53,0.1
6401307.101,2026-09-19T15:00:00Z,22.7,53,0
6401307.101,2026-09-19T16:00:00Z,21.0,64,0
6401307.101,2026-09-19T17:00:00Z,18.9,69,0
6401307.101,2026-09-19T18:00:00Z,18.1,62,0
6401307.101,2026-09-19T19:00:00Z,17.2,62,0
6401307.101,2026-09-19T20:00:00Z,16.1,64,0
6401307.101,2026-09-19T21:00:00Z,15.5,66,0
6401307.101,2026-09-19T22:00:00Z,14.7,72,0
6401307.101,2026-09-19T23:00:00Z,14.1,77,0
6401307.101,2026-09-20T00:00:00Z,13.2,80,0
6401307.101,2026-09-20T01:00:00Z,12.7,83,0
6401307.101,2026-09-20T02:00:00Z,12.2,85,0
6401307.101,2026-09-20T03:00:00Z,11.8,87,0
6401307.101,2026-09-20T04:00:00Z,11.6,88,0
6401307.101,2026-09-20T05:00:00Z,13.9,80,0
6401307.101,2026-09-20T06:00:00Z,16.1,73,0
6401307.101,2026-09-20T07:00:00Z,19.1,62,0
6401307.101,2026-09-20T08:00:00Z,21.2,51,0
6401307.101,2026-09-20T09:00:00Z,22.4,44,0
6401307.101,2026-09-20T10:00:00Z,23.2,41,0
6401307.101,2026-09-20T11:00:00Z,23.7,40,0
6401307.101,2026-09-20T12:00:00Z,25.0,37,0
6401307.101,2026-09-20T13:00:00Z,25.0,37,0
6401307.101,2026-09-20T14:00:00Z,24.6,37,0
6401307.101,2026-09-20T15:00:00Z,23.5,43,0
6401307.101,2026-09-20T16:00:00Z,20.7,53,0
6401307.101,2026-09-20T17:00:00Z,19.6,56,0
6401307.101,2026-09-20T18:00:00Z,19.1,53,0
6401307.101,2026-09-20T19:00:00Z,17.6,60,0
6401307.101,2026-09-20T20:00:00Z,16.9,64,0
6401307.101,2026-09-20T21:00:00Z,16.4,65,0
6401307.101,2026-09-20T22:00:00Z,15.9,66,0
6401307.101,2026-09-20T23:00:00Z,15.1,69,0
6401307.101,2026-09-21T00:00:00Z,14.4,74,0
6401307.101,2026-09-21T01:00:00Z,14.2,74,0
6401307.101,2026-09-21T02:00:00Z,14.2,74,0
6401307.101,2026-09-21T03:00:00Z,13.7,77,0
6401307.101,2026-09-21T04:00:00Z,13.0,81,0
6401307.101,2026-09-21T05:00:00Z,15.0,73,0
6401307.101,2026-09-21T06:00:00Z,17.1,68,0
6401307.101,2026-09-21T07:00:00Z,19.6,62,0
6401307.101,2026-09-21T08:00:00Z,21.6,56,0
6401307.101,2026-09-21T09:00:00Z,22.0,51,0
6401307.101,2026-09-21T10:00:00Z,21.3,52,0
6401307.101,2026-09-21T11:00:00Z,19.6,63,0.1
6401307.101,2026-09-21T12:00:00Z,16.9,89,0.7
6401307.101,2026-09-21T13:00:00Z,16.0,89,0.6
6401307.101,2026-09-21T14:00:00Z,14.0,89,0.5
6401307.101,2026-09-21T15:00:00Z,14.0,77,0
6401307.101,2026-09-21T16:00:00Z,13.3,77,0
6401307.101,2026-09-21T17:00:00Z,12.4,80,0
6401307.101,2026-09-21T18:00:00Z,11.6,80,0
6401307.101,2026-09-21T19:00:00Z,10.9,82,0
6401307.101,2026-09-21T20:00:00Z,10.3,84,0
6401307.101,2026-09-21T21:00:00Z,9.9,87,0
6401307.101,2026-09-21T22:00:00Z,9.7,90,0
6401307.101,2026-09-21T23:00:00Z,9.6,92,0
6401307.101,2026-09-22T00:00:00Z,8.8,91,0
6401307.101,2026-09-22T01:00:00Z,8.5,93,0
6401307.101,2026-09-22T02:00:00Z,8.2,94,0
6401307.101,2026-09-22T03:00:00Z,8.0,95,0
6401307.101,2026-09-22T04:00:00Z,7.9,95,0
6401307.101,2026-09-22T05:00:00Z,9.0,89,0
6401307.101,2026-09-22T06:00:00Z,10.8,82,0
6401307.101,2026-09-22T07:00:00Z,12.7,71,0
6401307.101,2026-09-22T08:00:00Z,14.2,62,0
6401307.101,2026-09-22T09:00:00Z,15.6,51,0
6401307.101,2026-09-22T10:00:00Z,16.4,48,0
6401307.101,2026-09-22T11:00:00Z,17.1,45,0
6401307.101,2026-09-22T12:00:00Z,16.0,51,0
6401307.101,2026-09-22T13:00:00Z,16.5,49,0
6401307.101,2026-09-22T14:00:00Z,16.3,49,0
6401307.101,2026-09-22T15:00:00Z,15.6,50,0
6401307.101,2026-09-22T16:00:00Z,13.4,60,0
6401307.101,2026-09-22T17:00:00Z,11.9,66,0
6401307.101,2026-09-22T18:00:00Z,12.1,66,0
6401307.101,2026-09-22T19:00:00Z,11.3,72,0
6401307.101,2026-09-22T20:00:00Z,10.1,81,0
6401307.101,2026-09-22T21:00:00Z,9.4,87,0
6401307.101,2026-09-22T22:00:00Z,8.9,91,0
6401307.101,2026-09-22T23:00:00Z,8.6,94,0
6401307.101,2026-09-23T00:00:00Z,7.8,96,0
6401307.101,2026-09-23T01:00:00Z,7.5,96,0
6401307.101,2026-09-23T02:00:00Z,7.2,96,0
6401307.101,2026-09-23T03:00:00Z,7.1,96,0
6401307.101,2026-09-23T04:00:00Z,7.2,95,0
6401307.101,2026-09-23T05:00:00Z,8.3,91,0
6401307.101,2026-09-23T06:00:00Z,9.6,84,0
6401307.101,2026-09-23T07:00:00Z,11.5,77,0
6401307.101,2026-09-23T08:00:00Z,13.0,71,0
6401307.101,2026-09-23T09:00:00Z,14.6,61,0
6401307.101,2026-09-23T10:00:00Z,15.2,55,0
6401307.101,2026-09-23T11:00:00Z,15.3,52,0
6401307.101,2026-09-23T12:00:00Z,14.7,60,0
6401307.101,2026-09-23T13:00:00Z,14.5,60,0
6401307.101,2026-09-23T14:00:00Z,14.4,59,0
6401307.101,2026-09-23T15:00:00Z,13.9,60,0
6401307.101,2026-09-23T16:00:00Z,13.4,62,0
6401307.101,2026-09-23T17:00:00Z,13.0,69,0
6401307.101,2026-09-23T18:00:00Z,11.1,91,0.3
6401307.101,2026-09-23T19:00:00Z,10.8,94,1.5
6401307.101,2026-09-23T20:00:00Z,11.0,93,0.3
6401307.101,2026-09-23T21:00:00Z,10.8,94,0.3
6401307.101,2026-09-23T22:00:00Z,10.6,94,0.2
6401307.101,2026-09-23T23:00:00Z,10.4,93,0.1
6401307.101,2026-09-24T00:00:00Z,10.2,94,0.1
6401307.101,2026-09-24T01:00:00Z,10.2,93,0.2
6401307.101,2026-09-24T02:00:00Z,10.0,93,0.2
6401307.101,2026-09-24T03:00:00Z,9.8,93,0.1
6401307.101,2026-09-24T04:00:00Z,9.8,91,0.1
6401307.101,2026-09-24T05:00:00Z,10.1,88,0
6401307.101,2026-09-24T06:00:00Z,11.2,81,0
6401307.101,2026-09-24T07:00:00Z,12.8,71,0
6401307.101,2026-09-24T08:00:00Z,14.2,63,0.2
6401307.101,2026-09-24T09:00:00Z,14.4,66,0.2
6401307.101,2026-09-24T10:00:00Z,15.3,60,0.1
6401307.101,2026-09-24T11:00:00Z,15.5,55,0
6401307.101,2026-09-24T12:00:00Z,17.1,45,0
6401307.101,2026-09-24T13:00:00Z,16.8,43,0
6401307.101,2026-09-24T14:00:00Z,16.4,45,0
6401307.101,2026-09-24T15:00:00Z,15.6,50,0
6401307.101,2026-09-24T16:00:00Z,13.5,61,0
6401307.101,2026-09-24T17:00:00Z,13.4,62,0
6401307.101,2026-09-24T18:00:00Z,12.3,66,0
6401307.101,2026-09-24T19:00:00Z,11.6,69,0
6401307.101,2026-09-24T20:00:00Z,11.1,72,0
6401307.101,2026-09-24T21:00:00Z,10.5,76,0
6401307.101,2026-09-24T22:00:00Z,10.3,79,0
6401307.101,2026-09-24T23:00:00Z,9.9,82,0
6401307.101,2026-09-25T00:00:00Z,10.0,81,0
6401307.101,2026-09-25T01:00:00Z,9.2,83,0
6401307.101,2026-09-25T02:00:00Z,8.5,86,0
6401307.101,2026-09-25T03:00:00Z,7.9,88,0
6401307.101,2026-09-25T04:00:00Z,7.8,90,0
6401307.101,2026-09-25T05:00:00Z,9.0,86,0
6401307.101,2026-09-25T06:00:00Z,10.9,79,0
6401307.101,2026-09-25T07:00:00Z,13.5,68,0
6401307.101,2026-09-25T08:00:00Z,16.0,57,0
6401307.101,2026-09-25T09:00:00Z,17.9,49,0
6401307.101,2026-09-25T10:00:00Z,19.1,40,0
6401307.101,2026-09-25T11:00:00Z,19.9,36,0
6401307.101,2026-09-25T12:00:00Z,20.2,33,0
6401307.101,2026-09-25T13:00:00Z,19.9,34,0
6401307.101,2026-09-25T14:00:00Z,19.5,35,0
6401307.101,2026-09-25T15:00:00Z,18.3,48,0
6401307.101,2026-09-25T16:00:00Z,15.4,57,0
6401307.101,2026-09-25T17:00:00Z,14.3,61,0
6401307.101,2026-09-25T18:00:00Z,14.5,69,0
6401307.101,2026-09-25T19:00:00Z,13.5,77,0
6401307.101,2026-09-25T20:00:00Z,12.4,81,0
6401307.101,2026-09-25T21:00:00Z,11.6,86,0
6401307.101,2026-09-25T22:00:00Z,11.2,89,0
6401307.101,2026-09-25T23:00:00Z,10.9,91,0
6401307.101,2026-09-26T00:00:00Z,10.2,92,0
6401307.101,2026-09-26T01:00:00Z,9.8,93,0
6401307.101,2026-09-26T02:00:00Z,9.8,94,0
6401307.101,2026-09-26T03:00:00Z,9.8,95,0
6401307.101,2026-09-26T04:00:00Z,9.8,96,0
6401307.101,2026-09-26T05:00:00Z,11.2,92,0
6401307.101,2026-09-26T06:00:00Z,12.4,87,0
6401307.101,2026-09-26T07:00:00Z,14.7,77,0
6401307.101,2026-09-26T08:00:00Z,16.9,67,0
6401307.101,2026-09-26T09:00:00Z,18.6,57,0
6401307.101,2026-09-26T10:00:00Z,19.4,53,0
6401307.101,2026-09-26T11:00:00Z,20.0,49,0
6401307.101,2026-09-26T12:00:00Z,19.3,48,0
6401307.101,2026-09-26T13:00:00Z,18.9,49,0
6401307.101,2026-09-26T14:00:00Z,18.5,52,0
6401307.101,2026-09-26T15:00:00Z,17.8,57,0
6401307.101,2026-09-26T16:00:00Z,15.8,67,0
6401307.101,2026-09-26T17:00:00Z,15.3,69,0
6401307.101,2026-09-26T18:00:00Z,14.7,69,0
6401307.101,2026-09-26T19:00:00Z,13.6,73,0
6401307.101,2026-09-26T20:00:00Z,12.6,78,0
6401307.101,2026-09-26T21:00:00Z,11.8,82,0
6401307.101,2026-09-26T22:00:00Z,10.9,87,0
6401307.101,2026-09-26T23:00:00Z,10.4,89,0
6401307.101,2026-09-27T00:00:00Z,9.5,92,0
6401307.101,2026-09-27T01:00:00Z,9.4,90,0
6401307.101,2026-09-27T02:00:00Z,9.2,90,0
6401307.101,2026-09-27T03:00:00Z,8.9,91,0
6401307.101,2026-09-27T04:00:00Z,8.5,92,0
6401307.101,2026-09-27T05:00:00Z,10.2,85,0
6401307.101,2026-09-27T06:00:00Z,12.3,76,0
6401307.101,2026-09-27T07:00:00Z,15.4,63,0
6401307.101,2026-09-27T08:00:00Z,17.9,51,0
6401307.101,2026-09-27T09:00:00Z,19.2,44,0
6401307.101,2026-09-27T10:00:00Z,19.9,41,0
6401307.101,2026-09-27T11:00:00Z,20.4,39,0
6401307.101,2026-09-27T12:00:00Z,21.3,35,0
6401307.101,2026-09-27T13:00:00Z,21.0,36,0
6401307.101,2026-09-27T14:00:00Z,20.5,36,0
6401307.101,2026-09-27T15:00:00Z,19.2,42,0
6401307.101,2026-09-27T16:00:00Z,16.4,52,0
6401307.101,2026-09-27T17:00:00Z,15.0,57,0
6401307.101,2026-09-27T18:00:00Z,14.5,58,0
6401307.101,2026-09-27T19:00:00Z,14.0,59,0
6401307.101,2026-09-27T20:00:00Z,13.2,62,0
6401307.101,2026-09-27T21:00:00Z,12.6,64,0
6401307.101,2026-09-27T22:00:00Z,12.1,66,0
6401307.101,2026-09-27T23:00:00Z,11.7,67,0
6401307.101,2026-09-28T00:00:00Z,10.9,69,0
6401307.101,2026-09-28T01:00:00Z,10.7,70,0
6401307.101,2026-09-28T02:00:00Z,10.6,71,0
6401307.101,2026-09-28T03:00:00Z,10.6,73,0
6401307.101,2026-09-28T04:00:00Z,10.6,74,0
6401307.101,2026-09-28T05:00:00Z,11.5,73,0
6401307.101,2026-09-28T06:00:00Z,13.1,71,0
6401307.101,2026-09-28T07:00:00Z,14.7,69,0
6401307.101,2026-09-28T08:00:00Z,15.3,73,0.4
6401307.101,2026-09-28T09:00:00Z,16.7,67,0.1
6401307.101,2026-09-28T10:00:00Z,17.7,62,0
6401307.101,2026-09-28T11:00:00Z,18.8,57,0
6401307.101,2026-09-28T12:00:00Z,20.0,48,0
6401307.101,2026-09-28T13:00:00Z,20.4,45,0
6401307.101,2026-09-28T14:00:00Z,20.2,46,0
6401307.101,2026-09-28T15:00:00Z,19.3,50,0
6401307.101,2026-09-28T16:00:00Z,18.0,56,0
6401307.101,2026-09-28T17:00:00Z,17.1,57,0
6401307.101,2026-09-28T18:00:00Z,16.8,55,0
6401307.101,2026-09-28T19:00:00Z,15.9,55,0
6401307.101,2026-09-28T20:00:00Z,15.2,57,0
6401307.101,2026-09-28T21:00:00Z,14.5,59,0
6401307.101,2026-09-28T22:00:00Z,13.7,63,0
6401307.101,2026-09-28T23:00:00Z,13.2,66,0
6401307.101,2026-09-29T00:00:00Z,12.7,68,0
6401307.101,2026-09-29T01:00:00Z,12.2,70,0
6401307.101,2026-09-29T02:00:00Z,11.8,72,0
6401307.101,2026-09-29T03:00:00Z,11.4,74,0
6401307.101,2026-09-29T04:00:00Z,11.1,76,0
6401307.101,2026-09-29T05:00:00Z,11.8,76,0
6401307.101,2026-09-29T06:00:00Z,13.1,74,0
6401307.101,2026-09-29T07:00:00Z,15.1,67,0
6401307.101,2026-09-29T08:00:00Z,17.0,61,0
6401307.101,2026-09-29T09:00:00Z,18.6,53,0
6401307.101,2026-09-29T10:00:00Z,19.7,47,0
6401307.101,2026-09-29T11:00:00Z,20.4,43,0
6401307.101,2026-09-29T12:00:00Z,21.3,40,0
6401307.101,2026-09-29T13:00:00Z,21.2,39,0
6401307.101,2026-09-29T14:00:00Z,20.6,38,0
6401307.101,2026-09-29T15:00:00Z,19.4,43,0
6401307.101,2026-09-29T16:00:00Z,17.7,49,0
6401307.101,2026-09-29T17:00:00Z,15.7,58,0
6401307.101,2026-09-29T18:00:00Z,14.5,59,0
6401307.101,2026-09-29T19:00:00Z,13.7,62,0
6401307.101,2026-09-29T20:00:00Z,12.7,67,0
6401307.101,2026-09-29T21:00:00Z,12.0,71,0
6401307.101,2026-09-29T22:00:00Z,11.4,75,0
6401307.101,2026-09-29T23:00:00Z,11.1,78,0
6401307.101,2026-09-30T00:00:00Z,10.7,77,0
6401307.101,2026-09-30T01:00:00Z,10.0,81,0
6401307.101,2026-09-30T02:00:00Z,9.5,84,0
6401307.101,2026-09-30T03:00:00Z,8.9,87,0
6401307.101,2026-09-30T04:00:00Z,8.5,88,0
6401307.101,2026-09-30T05:00:00Z,9.6,83,0
6401307.101,2026-09-30T06:00:00Z,11.3,75,0
6401307.101,2026-09-30T07:00:00Z,13.7,66,0
6401307.101,2026-09-30T08:00:00Z,15.8,58,0
6401307.101,2026-09-30T09:00:00Z,17.0,50,0
6401307.101,2026-09-30T10:00:00Z,17.9,44,0
6401307.101,2026-09-30T11:00:00Z,18.5,42,0
6401307.101,2026-09-30T12:00:00Z,19.7,35,0
6401307.101,2026-09-30T13:00:00Z,19.5,35,0
6401307.101,2026-09-30T14:00:00Z,19.0,36,0
6401307.101,2026-09-30T15:00:00Z,17.6,41,0
6401307.101,2026-09-30T16:00:00Z,14.8,50,0
6401307.101,2026-09-30T17:00:00Z,13.5,54,0
6401307.101,2026-09-30T18:00:00Z,12.6,55,0
6401307.101,2026-09-30T19:00:00Z,12.0,58,0
6401307.101,2026-09-30T20:00:00Z,11.4,61,0
6401307.101,2026-09-30T21:00:00Z,10.8,65,0
6401307.101,2026-09-30T22:00:00Z,10.0,69,0
6401307.101,2026-09-30T23:00:00Z,9.6,71,0
6401307.101,2026-10-01T00:00:00Z,8.5,72,0
6401307.101,2026-10-01T01:00:00Z,8.1,75,0
6401307.101,2026-10-01T02:00:00Z,7.8,77,0
6401307.101,2026-10-01T03:00:00Z,7.8,79,0
6401307.101,2026-10-01T04:00:00Z,7.6,80,0
6401307.101,2026-10-01T05:00:00Z,8.7,77,0
6401307.101,2026-10-01T06:00:00Z,10.6,70,0
6401307.101,2026-10-01T07:00:00Z,13.1,62,0
6401307.101,2026-10-01T08:00:00Z,15.5,56,0
6401307.101,2026-10-01T09:00:00Z,17.1,50,0
6401307.101,2026-10-01T10:00:00Z,18.1,46,0
6401307.101,2026-10-01T11:00:00Z,18.8,41,0
6401307.101,2026-10-01T12:00:00Z,20.0,33,0
6401307.101,2026-10-01T13:00:00Z,19.8,31,0
6401307.101,2026-10-01T14:00:00Z,19.2,31,0
6401307.101,2026-10-01T15:00:00Z,17.6,37,0
6401307.101,2026-10-01T16:00:00Z,14.7,45,0
6401307.101,2026-10-01T17:00:00Z,13.5,50,0
6401307.101,2026-10-01T18:00:00Z,12.8,51,0
6401307.101,2026-10-01T19:00:00Z,12.0,56,0
6401307.101,2026-10-01T20:00:00Z,11.4,61,0
6401307.101,2026-10-01T21:00:00Z,11.0,65,0
6401307.101,2026-10-01T22:00:00Z,10.3,71,0
6401307.101,2026-10-01T23:00:00Z,9.8,76,0
6401307.101,2026-10-02T00:00:00Z,9.4,75,0
6401307.101,2026-10-02T01:00:00Z,8.9,79,0
6401307.101,2026-10-02T02:00:00Z,8.5,82,0
6401307.101,2026-10-02T03:00:00Z,8.4,83,0
6401307.101,2026-10-02T04:00:00Z,8.3,83,0
6401307.101,2026-10-02T05:00:00Z,9.3,78,0
6401307.101,2026-10-02T06:00:00Z,10.9,71,0
6401307.101,2026-10-02T07:00:00Z,13.1,63,0
6401307.101,2026-10-02T08:00:00Z,15.2,56,0
6401307.101,2026-10-02T09:00:00Z,16.9,46,0
6401307.101,2026-10-02T10:00:00Z,17.6,41,0
6401307.101,2026-10-02T11:00:00Z,18.0,38,0
6401307.101,2026-10-02T12:00:00Z,19.0,32,0
6401307.101,2026-10-02T13:00:00Z,18.8,31,0
6401307.101,2026-10-02T14:00:00Z,18.1,33,0
6401307.101,2026-10-02T15:00:00Z,16.6,39,0
6401307.101,2026-10-02T16:00:00Z,13.3,49,0
6401307.101,2026-10-02T17:00:00Z,12.1,54,0
6401307.101,2026-10-02T18:00:00Z,10.8,56,0
6401307.101,2026-10-02T19:00:00Z,9.8,61,0
6401307.101,2026-10-02T20:00:00Z,8.9,67,0
6401307.101,2026-10-02T21:00:00Z,8.1,71,0
6401307.101,2026-10-02T22:00:00Z,7.6,74,0
6401307.101,2026-10-02T23:00:00Z,7.2,77,0
6401307.101,2026-10-03T00:00:00Z,5.9,78,0
6401307.101,2026-10-03T01:00:00Z,5.4,81,0
6401307.101,2026-10-03T02:00:00Z,4.7,84,0
6401307.101,2026-10-03T03:00:00Z,4.3,86,0
6401307.101,2026-10-03T04:00:00Z,4.0,86,0
6401307.101,2026-10-03T05:00:00Z,5.8,78,0
6401307.101,2026-10-03T06:00:00Z,8.8,67,0
6401307.101,2026-10-03T07:00:00Z,12.0,55,0
6401307.101,2026-10-03T08:00:00Z,14.7,46,0
6401307.101,2026-10-03T09:00:00Z,16.6,40,0
6401307.101,2026-10-03T10:00:00Z,17.9,36,0
6401307.101,2026-10-03T11:00:00Z,18.7,33,0
6401307.101,2026-10-03T12:00:00Z,20.2,29,0
6401307.101,2026-10-03T13:00:00Z,20.1,28,0
6401307.101,2026-10-03T14:00:00Z,19.6,29,0
6401307.101,2026-10-03T15:00:00Z,17.3,39,0
6401307.101,2026-10-03T16:00:00Z,13.9,48,0
6401307.101,2026-10-03T17:00:00Z,12.6,53,0
6401307.101,2026-10-03T18:00:00Z,11.5,56,0
6401307.101,2026-10-03T19:00:00Z,10.7,59,0
6401307.101,2026-10-03T20:00:00Z,9.8,62,0
6401307.102,2026-04-30T21:00:00Z,5.8,54,0
6401307.102,2026-04-30T22:00:00Z,5.2,57,0
6401307.102,2026-04-30T23:00:00Z,3.4,65,0
6401307.102,2026-05-01T00:00:00Z,4.2,59,0
6401307.102,2026-05-01T01:00:00Z,3.5,62,0
6401307.102,2026-05-01T02:00:00Z,2.2,67,0
6401307.102,2026-05-01T03:00:00Z,1.3,71,0
6401307.102,2026-05-01T04:00:00Z,2.8,67,0
6401307.102,2026-05-01T05:00:00Z,5.2,58,0
6401307.102,2026-05-01T06:00:00Z,7.3,49,0
6401307.102,2026-05-01T07:00:00Z,8.9,35,0
6401307.102,2026-05-01T08:00:00Z,8.8,36,0
6401307.102,2026-05-01T09:00:00Z,9.5,37,0
6401307.102,2026-05-01T10:00:00Z,9.7,35,0
6401307.102,2026-05-01T11:00:00Z,10.0,37,0
6401307.102,2026-05-01T12:00:00Z,11.2,32,0
6401307.102,2026-05-01T13:00:00Z,11.6,30,0
6401307.102,2026-05-01T14:00:00Z,11.4,32,0
6401307.102,2026-05-01T15:00:00Z,11.1,34,0
6401307.102,2026-05-01T16:00:00Z,10.5,38,0
6401307.102,2026-05-01T17:00:00Z,9.8,42,0
6401307.102,2026-05-01T18:00:00Z,8.7,47,0
6401307.102,2026-05-01T19:00:00Z,9.1,51,0
6401307.102,2026-05-01T20:00:00Z,8.9,52,0
6401307.102,2026-05-01T21:00:00Z,7.7,63,0
6401307.102,2026-05-01T22:00:00Z,5.4,78,0
6401307.102,2026-05-01T23:00:00Z,4.5,84,0
6401307.102,2026-05-02T00:00:00Z,5.0,88,0
6401307.102,2026-05-02T01:00:00Z,6.5,81,0
6401307.102,2026-05-02T02:00:00Z,6.5,81,0
6401307.102,2026-05-02T03:00:00Z,6.3,80,0
6401307.102,2026-05-02T04:00:00Z,6.7,75,0
6401307.102,2026-05-02T05:00:00Z,8.0,63,0
6401307.102,2026-05-02T06:00:00Z,10.2,35,0
6401307.102,2026-05-02T07:00:00Z,10.8,32,0
6401307.102,2026-05-02T08:00:00Z,11.6,31,0
6401307.102,2026-05-02T09:00:00Z,12.0,30,0
6401307.102,2026-05-02T10:00:00Z,12.2,30,0
6401307.102,2026-05-02T11:00:00Z,12.7,29,0
6401307.102,2026-05-02T12:00:00Z,12.1,32,0
6401307.102,2026-05-02T13:00:00Z,12.2,32,0
6401307.102,2026-05-02T14:00:00Z,12.1,32,0
6401307.102,2026-05-02T15:00:00Z,11.7,32,0
6401307.102,2026-05-02T16:00:00Z,11.3,33,0
6401307.102,2026-05-02T17:00:00Z,10.2,38,0
6401307.102,2026-05-02T18:00:00Z,8.6,42,0
6401307.102,2026-05-02T19:00:00Z,9.0,39,0
6401307.102,2026-05-02T20:00:00Z,7.6,46,0
6401307.102,2026-05-02T21:00:00Z,7.2,49,0
6401307.102,2026-05-02T22:00:00Z,5.7,58,0
6401307.102,2026-05-02T23:00:00Z,4.1,66,0
6401307.102,2026-05-03T00:00:00Z,3.3,63,0
6401307.102,2026-05-03T01:00:00Z,1.9,68,0
6401307.102,2026-05-03T02:00:00Z,1.2,70,0
6401307.102,2026-05-03T03:00:00Z,0.8,71,0
6401307.102,2026-05-03T04:00:00Z,2.7,66,0
6401307.102,2026-05-03T05:00:00Z,6.2,57,0
6401307.102,2026-05-03T06:00:00Z,9.6,44,0
6401307.102,2026-05-03T07:00:00Z,12.0,34,0
6401307.102,2026-05-03T08:00:00Z,13.2,31,0
6401307.102,2026-05-03T09:00:00Z,14.2,31,0
6401307.102,2026-05-03T10:00:00Z,14.9,32,0
6401307.102,2026-05-03T11:00:00Z,15.6,30,0
6401307.102,2026-05-03T12:00:00Z,16.4,29,0
6401307.102,2026-05-03T13:00:00Z,16.7,30,0
6401307.102,2026-05-03T14:00:00Z,17.0,30,0
6401307.102,2026-05-03T15:00:00Z,17.5,30,0
6401307.102,2026-05-03T16:00:00Z,15.6,38,0
6401307.102,2026-05-03T17:00:00Z,13.9,45,0
6401307.102,2026-05-03T18:00:00Z,12.1,48,0
6401307.102,2026-05-03T19:00:00Z,11.9,50,0
6401307.102,2026-05-03T20:00:00Z,12.4,48,0
6401307.102,2026-05-03T21:00:00Z,9.9,60,0
6401307.102,2026-05-03T22:00:00Z,8.9,63,0
6401307.102,2026-05-03T23:00:00Z,8.1,66,0
6401307.102,2026-05-04T00:00:00Z,6.2,71,0
6401307.102,2026-05-04T01:00:00Z,5.8,72,0
6401307.102,2026-05-04T02:00:00Z,6.0,71,0
6401307.102,2026-05-04T03:00:00Z,5.9,71,0
6401307.102,2026-05-04T04:00:00Z,7.6,64,0
6401307.102,2026-05-04T05:00:00Z,10.6,59,0
6401307.102,2026-05-04T06:00:00Z,13.8,45,0
6401307.102,2026-05-04T07:00:00Z,16.5,38,0
6401307.102,2026-05-04T08:00:00Z,18.4,34,0
6401307.102,2026-05-04T09:00:00Z,19.8,32,0
6401307.102,2026-05-04T10:00:00Z,20.8,33,0
6401307.102,2026-05-04T11:00:00Z,21.4,34,0
6401307.102,2026-05-04T12:00:00Z,22.5,29,0
6401307.102,2026-05-04T13:00:00Z,22.6,29,0
6401307.102,2026-05-04T14:00:00Z,22.4,29,0
6401307.102,2026-05-04T15:00:00Z,22.1,26,0
6401307.102,2026-05-04T16:00:00Z,20.8,30,0
6401307.102,2026-05-04T17:00:00Z,18.2,40,0
6401307.102,2026-05-04T18:00:00Z,17.0,37,0
6401307.102,2026-05-04T19:00:00Z,16.3,39,0
6401307.102,2026-05-04T20:00:00Z,14.8,44,0
6401307.102,2026-05-04T21:00:00Z,13.1,50,0
6401307.102,2026-05-04T22:00:00Z,12.0,56,0
6401307.102,2026-05-04T23:00:00Z,11.1,60,0
6401307.102,2026-05-05T00:00:00Z,9.4,64,0
6401307.102,2026-05-05T01:00:00Z,8.5,68,0
6401307.102,2026-05-05T02:00:00Z,8.4,68,0
6401307.102,2026-05-05T03:00:00Z,8.2,69,0
6401307.102,2026-05-05T04:00:00Z,9.8,64,0
6401307.102,2026-05-05T05:00:00Z,13.0,57,0
6401307.102,2026-05-05T06:00:00Z,16.5,45,0
6401307.102,2026-05-05T07:00:00Z,20.2,35,0
6401307.102,2026-05-05T08:00:00Z,22.3,29,0
6401307.102,2026-05-05T09:00:00Z,23.4,25,0
6401307.102,2026-05-05T10:00:00Z,24.0,24,0
6401307.102,2026-05-05T11:00:00Z,24.5,24,0
6401307.102,2026-05-05T12:00:00Z,25.2,22,0
6401307.102,2026-05-05T13:00:00Z,25.1,23,0
6401307.102,2026-05-05T14:00:00Z,24.7,24,0
6401307.102,2026-05-05T15:00:00Z,24.0,25,0
6401307.102,2026-05-05T16:00:00Z,22.8,28,0
6401307.102,2026-05-05T17:00:00Z,20.5,35,0
6401307.102,2026-05-05T18:00:00Z,19.1,36,0
6401307.102,2026-05-05T19:00:00Z,17.9,39,0
6401307.102,2026-05-05T20:00:00Z,16.8,44,0
6401307.102,2026-05-05T21:00:00Z,15.5,50,0
6401307.102,2026-05-05T22:00:00Z,14.7,53,0
6401307.102,2026-05-05T23:00:00Z,13.8,56,0
6401307.102,2026-05-06T00:00:00Z,12.2,60,0
6401307.102,2026-05-06T01:00:00Z,11.7,60,0
6401307.102,2026-05-06T02:00:00Z,11.4,59,0
6401307.102,2026-05-06T03:00:00Z,10.8,61,0
6401307.102,2026-05-06T04:00:00Z,12.3,56,0
6401307.102,2026-05-06T05:00:00Z,14.5,51,0
6401307.102,2026-05-06T06:00:00Z,16.9,43,0
6401307.102,2026-05-06T07:00:00Z,20.3,39,0
6401307.102,2026-05-06T08:00:00Z,23.0,34,0
6401307.102,2026-05-06T09:00:00Z,24.4,28,0
6401307.102,2026-05-06T10:00:00Z,25.2,26,0
6401307.102,2026-05-06T11:00:00Z,25.7,26,0
6401307.102,2026-05-06T12:00:00Z,26.4,24,0
6401307.102,2026-05-06T13:00:00Z,26.4,24,0
6401307.102,2026-05-06T14:00:00Z,26.1,24,0
6401307.102,2026-05-06T15:00:00Z,25.1,27,0
6401307.102,2026-05-06T16:00:00Z,23.8,30,0
6401307.102,2026-05-06T17:00:00Z,21.6,37,0
6401307.102,2026-05-06T18:00:00Z,20.1,38,0
6401307.102,2026-05-06T19:00:00Z,18.7,40,0
6401307.102,2026-05-06T20:00:00Z,17.2,43,0
6401307.102,2026-05-06T21:00:00Z,16.2,44,0
6401307.102,2026-05-06T22:00:00Z,15.3,44,0
6401307.102,2026-05-06T23:00:00Z,14.4,45,0
6401307.102,2026-05-07T00:00:00Z,13.2,54,0
6401307.102,2026-05-07T01:00:00Z,12.3,56,0
6401307.102,2026-05-07T02:00:00Z,11.3,59,0
6401307.102,2026-05-07T03:00:00Z,10.4,63,0
6401307.102,2026-05-07T04:00:00Z,12.2,57,0
6401307.102,2026-05-07T05:00:00Z,14.7,49,0
6401307.102,2026-05-07T06:00:00Z,16.8,43,0
6401307.102,2026-05-07T07:00:00Z,19.2,36,0
6401307.102,2026-05-07T08:00:00Z,20.9,31,0
6401307.102,2026-05-07T09:00:00Z,22.2,29,0
6401307.102,2026-05-07T10:00:00Z,23.0,27,0
6401307.102,2026-05-07T11:00:00Z,23.5,27,0
6401307.102,2026-05-07T12:00:00Z,23.7,27,0
6401307.102,2026-05-07T13:00:00Z,23.4,29,0
6401307.102,2026-05-07T14:00:00Z,23.0,32,0
6401307.102,2026-05-07T15:00:00Z,22.2,37,0
6401307.102,2026-05-07T16:00:00Z,21.0,44,0
6401307.102,2026-05-07T17:00:00Z,19.3,53,0
6401307.102,2026-05-07T18:00:00Z,17.3,60,0
6401307.102,2026-05-07T19:00:00Z,15.8,67,0
6401307.102,2026-05-07T20:00:00Z,14.4,73,0
6401307.102,2026-05-07T21:00:00Z,13.3,77,0
6401307.102,2026-05-07T22:00:00Z,12.2,79,0
6401307.102,2026-05-07T23:00:00Z,11.2,81,0
6401307.102,2026-05-08T00:00:00Z,10.3,85,0
6401307.102,2026-05-08T01:00:00Z,9.7,87,0
6401307.102,2026-05-08T02:00:00Z,9.2,90,0
6401307.102,2026-05-08T03:00:00Z,9.2,92,0
6401307.102,2026-05-08T04:00:00Z,10.7,82,0
6401307.102,2026-05-08T05:00:00Z,12.3,75,0
6401307.102,2026-05-08T06:00:00Z,12.9,71,0
6401307.102,2026-05-08T07:00:00Z,15.1,63,0
6401307.102,2026-05-08T08:00:00Z,17.3,57,0
6401307.102,2026-05-08T09:00:00Z,19.3,53,0
6401307.102,2026-05-08T10:00:00Z,21.2,50,0
6401307.102,2026-05-08T11:00:00Z,22.4,48,0
6401307.102,2026-05-08T12:00:00Z,21.4,54,0
6401307.102,2026-05-08T13:00:00Z,22.6,49,0
6401307.102,2026-05-08T14:00:00Z,23.1,48,0
6401307.102,2026-05-08T15:00:00Z,22.6,50,0
6401307.102,2026-05-08T16:00:00Z,20.2,60,0.2
6401307.102,2026-05-08T17:00:00Z,17.7,73,0.3
6401307.102,2026-05-08T18:00:00Z,16.9,93,1.6
6401307.102,2026-05-08T19:00:00Z,15.8,96,0
6401307.102,2026-05-08T20:00:00Z,14.7,98,0
6401307.102,2026-05-08T21:00:00Z,14.5,97,0
6401307.102,2026-05-08T22:00:00Z,13.9,96,0
6401307.102,2026-05-08T23:00:00Z,12.8,96,0
6401307.102,2026-05-09T00:00:00Z,12.6,97,0
6401307.102,2026-05-09T01:00:00Z,11.8,99,0
6401307.102,2026-05-09T02:00:00Z,11.4,100,0
6401307.102,2026-05-09T03:00:00Z,11.5,100,0
6401307.102,2026-05-09T04:00:00Z,12.1,98,0
6401307.102,2026-05-09T05:00:00Z,13.2,94,0
6401307.102,2026-05-09T06:00:00Z,13.8,87,0
6401307.102,2026-05-09T07:00:00Z,15.4,80,0
6401307.102,2026-05-09T08:00:00Z,17.0,74,0
6401307.102,2026-05-09T09:00:00Z,18.5,68,0
6401307.102,2026-05-09T10:00:00Z,19.3,65,0
6401307.102,2026-05-09T11:00:00Z,20.0,62,0
6401307.102,2026-05-09T12:00:00Z,19.7,64,0
6401307.102,2026-05-09T13:00:00Z,20.3,61,0
6401307.102,2026-05-09T14:00:00Z,19.8,56,0
6401307.102,2026-05-09T15:00:00Z,19.8,50,0
6401307.102,2026-05-09T16:00:00Z,17.0,68,0.1
6401307.102,2026-05-09T17:00:00Z,14.9,91,0.8
6401307.102,2026-05-09T18:00:00Z,15.5,88,0.1
6401307.102,2026-05-09T19:00:00Z,14.7,93,0
6401307.102,2026-05-09T20:00:00Z,14.4,93,0.1
6401307.102,2026-05-09T21:00:00Z,14.3,94,0.3
6401307.102,2026-05-09T22:00:00Z,14.0,97,0.5
6401307.102,2026-05-09T23:00:00Z,13.8,98,0.9
6401307.102,2026-05-10T00:00:00Z,13.9,95,0.9
6401307.102,2026-05-10T01:00:00Z,13.7,96,1.4
6401307.102,2026-05-10T02:00:00Z,13.3,98,1.2
6401307.102,2026-05-10T03:00:00Z,13.1,99,0.9
6401307.102,2026-05-10T04:00:00Z,13.2,99,0.5
6401307.102,2026-05-10T05:00:00Z,13.5,97,0.1
6401307.102,2026-05-10T06:00:00Z,13.9,95,0.2
6401307.102,2026-05-10T07:00:00Z,14.1,98,0.3
6401307.102,2026-05-10T08:00:00Z,14.5,97,0.4
6401307.102,2026-05-10T09:00:00Z,14.2,94,0.7
6401307.102,2026-05-10T10:00:00Z,14.2,96,0.7
6401307.102,2026-05-10T11:00:00Z,14.4,97,0.7
6401307.102,2026-05-10T12:00:00Z,13.7,96,1.0
6401307.102,2026-05-10T13:00:00Z,13.6,90,0.9
6401307.102,2026-05-10T14:00:00Z,13.9,96,0.5
6401307.102,2026-05-10T15:00:00Z,14.4,93,0.2
6401307.102,2026-05-10T16:00:00Z,14.2,92,0
6401307.102,2026-05-10T17:00:00Z,13.3,92,0
6401307.102,2026-05-10T18:00:00Z,12.8,94,0
6401307.102,2026-05-10T19:00:00Z,11.9,94,0
6401307.102,2026-05-10T20:00:00Z,11.0,95,0
6401307.102,2026-05-10T21:00:00Z,10.3,96,0
6401307.102,2026-05-10T22:00:00Z,9.7,96,0
6401307.102,2026-05-10T23:00:00Z,8.8,97,0
6401307.102,2026-05-11T00:00:00Z,9.0,97,0
6401307.102,2026-05-11T01:00:00Z,8.0,98,0
6401307.102,2026-05-11T02:00:00Z,7.5,98,0
6401307.102,2026-05-11T03:00:00Z,7.4,98,0
6401307.102,2026-05-11T04:00:00Z,9.5,97,0
6401307.102,2026-05-11T05:00:00Z,12.3,95,0
6401307.102,2026-05-11T06:00:00Z,13.5,90,0
6401307.102,2026-05-11T07:00:00Z,15.8,75,0
6401307.102,2026-05-11T08:00:00Z,17.6,62,0.3
6401307.102,2026-05-11T09:00:00Z,18.3,58,0.2
6401307.102,2026-05-11T10:00:00Z,19.2,54,0.1
6401307.102,2026-05-11T11:00:00Z,20.2,50,0.1
6401307.102,2026-05-11T12:00:00Z,20.8,49,0
6401307.102,2026-05-11T13:00:00Z,21.5,46,0
6401307.102,2026-05-11T14:00:00Z,21.5,46,0
6401307.102,2026-05-11T15:00:00Z,21.2,47,0
6401307.102,2026-05-11T16:00:00Z,20.1,57,0
6401307.102,2026-05-11T17:00:00Z,18.0,66,0
6401307.102,2026-05-11T18:00:00Z,17.4,71,0
6401307.102,2026-05-11T19:00:00Z,16.4,79,0
6401307.102,2026-05-11T20:00:00Z,15.4,84,0
6401307.102,2026-05-11T21:00:00Z,14.7,89,0
6401307.102,2026-05-11T22:00:00Z,14.0,92,0
6401307.102,2026-05-11T23:00:00Z,13.6,92,0
6401307.102,2026-05-12T00:00:00Z,13.1,95,0
6401307.102,2026-05-12T01:00:00Z,12.7,96,0
6401307.102,2026-05-12T02:00:00Z,12.4,96,0
6401307.102,2026-05-12T03:00:00Z,12.2,96,0
6401307.102,2026-05-12T04:00:00Z,13.1,93,0
6401307.102,2026-05-12T05:00:00Z,14.6,85,0
6401307.102,2026-05-12T06:00:00Z,15.0,82,0
6401307.102,2026-05-12T07:00:00Z,14.9,86,0.4
6401307.102,2026-05-12T08:00:00Z,14.8,94,1.6
6401307.102,2026-05-12T09:00:00Z,14.9,95,1.8
6401307.102,2026-05-12T10:00:00Z,15.2,95,1.5
6401307.102,2026-05-12T11:00:00Z,15.8,92,0.4
6401307.102,2026-05-12T12:00:00Z,17.4,76,0
6401307.102,2026-05-12T13:00:00Z,17.6,74,0.1
6401307.102,2026-05-12T14:00:00Z,17.2,80,0.4
6401307.102,2026-05-12T15:00:00Z,16.0,89,1.6
6401307.102,2026-05-12T16:00:00Z,14.9,97,2.5
6401307.102,2026-05-12T17:00:00Z,14.6,97,0
6401307.102,2026-05-12T18:00:00Z,13.0,97,0
6401307.102,2026-05-12T19:00:00Z,13.1,97,0
6401307.102,2026-05-12T20:00:00Z,13.1,98,0
6401307.102,2026-05-12T21:00:00Z,12.1,99,0
6401307.102,2026-05-12T22:00:00Z,12.7,99,0.2
6401307.102,2026-05-12T23:00:00Z,11.7,100,0.2
6401307.102,2026-05-13T00:00:00Z,11.7,99,0
6401307.102,2026-05-13T01:00:00Z,10.9,99,0
6401307.102,2026-05-13T02:00:00Z,12.0,99,0
6401307.102,2026-05-13T03:00:00Z,12.1,99,0
6401307.102,2026-05-13T04:00:00Z,12.1,97,0
6401307.102,2026-05-13T05:00:00Z,12.3,94,0
6401307.102,2026-05-13T06:00:00Z,12.1,91,0
6401307.102,2026-05-13T07:00:00Z,12.9,84,0
6401307.102,2026-05-13T08:00:00Z,13.3,79,0
6401307.102,2026-05-13T09:00:00Z,13.4,76,0
6401307.102,2026-05-13T10:00:00Z,13.8,75,0.1
6401307.102,2026-05-13T11:00:00Z,14.2,75,0.4
6401307.102,2026-05-13T12:00:00Z,14.5,68,0.2
6401307.102,2026-05-13T13:00:00Z,14.4,68,0
6401307.102,2026-05-13T14:00:00Z,14.1,66,0
6401307.102,2026-05-13T15:00:00Z,13.7,66,0
6401307.102,2026-05-13T16:00:00Z,13.6,65,0
6401307.102,2026-05-13T17:00:00Z,13.3,65,0
6401307.102,2026-05-13T18:00:00Z,12.9,65,0
6401307.102,2026-05-13T19:00:00Z,12.4,67,0
6401307.102,2026-05-13T20:00:00Z,12.1,67,0
6401307.102,2026-05-13T21:00:00Z,11.1,70,0
6401307.102,2026-05-13T22:00:00Z,10.3,74,0
6401307.102,2026-05-13T23:00:00Z,9.4,78,0
6401307.102,2026-05-14T00:00:00Z,10.1,74,0
6401307.102,2026-05-14T01:00:00Z,9.8,74,0
6401307.102,2026-05-14T02:00:00Z,9.2,74,0
6401307.102,2026-05-14T03:00:00Z,8.9,71,0
6401307.102,2026-05-14T04:00:00Z,9.4,69,0
6401307.102,2026-05-14T05:00:00Z,10.3,67,0
6401307.102,2026-05-14T06:00:00Z,11.7,65,0
6401307.102,2026-05-14T07:00:00Z,13.1,60,0
6401307.102,2026-05-14T08:00:00Z,14.3,52,0
6401307.102,2026-05-14T09:00:00Z,15.1,47,0
6401307.102,2026-05-14T10:00:00Z,16.0,40,0
6401307.102,2026-05-14T11:00:00Z,16.2,42,0
6401307.102,2026-05-14T12:00:00Z,16.6,42,0
6401307.102,2026-05-14T13:00:00Z,16.7,43,0
6401307.102,2026-05-14T14:00:00Z,16.6,42,0
6401307.102,2026-05-14T15:00:00Z,16.5,41,0
6401307.102,2026-05-14T16:00:00Z,15.6,54,0
6401307.102,2026-05-14T17:00:00Z,13.6,60,0
6401307.102,2026-05-14T18:00:00Z,12.3,58,0
6401307.102,2026-05-14T19:00:00Z,10.6,65,0
6401307.102,2026-05-14T20:00:00Z,9.7,68,0
6401307.102,2026-05-14T21:00:00Z,9.4,67,0
6401307.102,2026-05-14T22:00:00Z,9.1,66,0
6401307.102,2026-05-14T23:00:00Z,8.5,67,0
6401307.102,2026-05-15T00:00:00Z,7.2,81,0
6401307.102,2026-05-15T01:00:00Z,6.9,81,0
6401307.102,2026-05-15T02:00:00Z,6.6,81,0
6401307.102,2026-05-15T03:00:00Z,6.4,83,0
6401307.102,2026-05-15T04:00:00Z,8.3,79,0
6401307.102,2026-05-15T05:00:00Z,10.9,75,0
6401307.102,2026-05-15T06:00:00Z,13.2,68,0
6401307.102,2026-05-15T07:00:00Z,15.3,59,0
6401307.102,2026-05-15T08:00:00Z,16.7,52,0
6401307.102,2026-05-15T09:00:00Z,17.8,47,0
6401307.102,2026-05-15T10:00:00Z,18.6,44,0
6401307.102,2026-05-15T11:00:00Z,19.1,43,0
6401307.102,2026-05-15T12:00:00Z,20.3,38,0
6401307.102,2026-05-15T13:00:00Z,20.3,39,0
6401307.102,2026-05-15T14:00:00Z,20.2,41,0
6401307.102,2026-05-15T15:00:00Z,19.7,44,0
6401307.102,2026-05-15T16:00:00Z,18.6,56,0
6401307.102,2026-05-15T17:00:00Z,16.1,62,0
6401307.102,2026-05-15T18:00:00Z,14.7,58,0
6401307.102,2026-05-15T19:00:00Z,13.8,61,0
6401307.102,2026-05-15T20:00:00Z,12.8,67,0
6401307.102,2026-05-15T21:00:00Z,12.1,70,0
6401307.102,2026-05-15T22:00:00Z,10.9,78,0
6401307.102,2026-05-15T23:00:00Z,10.3,82,0
6401307.102,2026-05-16T00:00:00Z,9.8,85,0
6401307.102,2026-05-16T01:00:00Z,9.5,85,0
6401307.102,2026-05-16T02:00:00Z,8.9,89,0
6401307.102,2026-05-16T03:00:00Z,8.8,92,0
6401307.102,2026-05-16T04:00:00Z,10.5,87,0
6401307.102,2026-05-16T05:00:00Z,12.7,79,0
6401307.102,2026-05-16T06:00:00Z,15.0,71,0
6401307.102,2026-05-16T07:00:00Z,17.4,63,0
6401307.102,2026-05-16T08:00:00Z,19.2,52,0
6401307.102,2026-05-16T09:00:00Z,20.2,46,0
6401307.102,2026-05-16T10:00:00Z,20.8,44,0
6401307.102,2026-05-16T11:00:00Z,21.2,43,0
6401307.102,2026-05-16T12:00:00Z,21.9,41,0
6401307.102,2026-05-16T13:00:00Z,21.5,43,0
6401307.102,2026-05-16T14:00:00Z,20.7,44,0
6401307.102,2026-05-16T15:00:00Z,19.6,46,0
6401307.102,2026-05-16T16:00:00Z,18.1,51,0
6401307.102,2026-05-16T17:00:00Z,16.3,56,0
6401307.102,2026-05-16T18:00:00Z,14.7,59,0
6401307.102,2026-05-16T19:00:00Z,13.4,65,0
6401307.102,2026-05-16T20:00:00Z,12.1,72,0
6401307.102,2026-05-16T21:00:00Z,11.0,78,0
6401307.102,2026-05-16T22:00:00Z,10.0,82,0
6401307.102,2026-05-16T23:00:00Z,9.2,85,0
6401307.102,2026-05-17T00:00:00Z,8.9,88,0
6401307.102,2026-05-17T01:00:00Z,8.3,90,0
6401307.102,2026-05-17T02:00:00Z,7.9,91,0
6401307.102,2026-05-17T03:00:00Z,7.9,91,0
6401307.102,2026-05-17T04:00:00Z,9.5,86,0
6401307.102,2026-05-17T05:00:00Z,11.8,77,0
6401307.102,2026-05-17T06:00:00Z,14.0,65,0
6401307.102,2026-05-17T07:00:00Z,15.8,56,0
6401307.102,2026-05-17T08:00:00Z,17.4,50,0
6401307.102,2026-05-17T09:00:00Z,18.7,48,0
6401307.102,2026-05-17T10:00:00Z,19.9,48,0
6401307.102,2026-05-17T11:00:00Z,20.7,45,0
6401307.102,2026-05-17T12:00:00Z,20.8,43,0
6401307.102,2026-05-17T13:00:00Z,21.0,44,0
6401307.102,2026-05-17T14:00:00Z,21.1,44,0
6401307.102,2026-05-17T15:00:00Z,20.7,45,0
6401307.102,2026-05-17T16:00:00Z,19.3,58,0.1
6401307.102,2026-05-17T17:00:00Z,17.6,71,0
6401307.102,2026-05-17T18:00:00Z,16.2,72,0
6401307.102,2026-05-17T19:00:00Z,15.1,74,0
6401307.102,2026-05-17T20:00:00Z,14.8,73,0
6401307.102,2026-05-17T21:00:00Z,14.6,73,0
6401307.102,2026-05-17T22:00:00Z,13.8,80,0
6401307.102,2026-05-17T23:00:00Z,13.1,85,0
6401307.102,2026-05-18T00:00:00Z,12.8,85,0
6401307.102,2026-05-18T01:00:00Z,12.9,85,0
6401307.102,2026-05-18T02:00:00Z,12.0,91,0
6401307.102,2026-05-18T03:00:00Z,12.2,90,0
6401307.102,2026-05-18T04:00:00Z,13.6,86,0
6401307.102,2026-05-18T05:00:00Z,15.0,80,0
6401307.102,2026-05-18T06:00:00Z,14.9,79,0.5
6401307.102,2026-05-18T07:00:00Z,15.4,80,0.1
6401307.102,2026-05-18T08:00:00Z,17.5,73,0
6401307.102,2026-05-18T09:00:00Z,19.6,64,0
6401307.102,2026-05-18T10:00:00Z,20.9,59,0
6401307.102,2026-05-18T11:00:00Z,21.6,59,0
6401307.102,2026-05-18T12:00:00Z,20.2,62,0.1
6401307.102,2026-05-18T13:00:00Z,21.3,55,0.2
6401307.102,2026-05-18T14:00:00Z,20.9,56,0.2
6401307.102,2026-05-18T15:00:00Z,20.8,57,0.1
6401307.102,2026-05-18T16:00:00Z,19.8,65,0
6401307.102,2026-05-18T17:00:00Z,18.5,72,0
6401307.102,2026-05-18T18:00:00Z,16.4,81,0
6401307.102,2026-05-18T19:00:00Z,16.0,82,0
6401307.102,2026-05-18T20:00:00Z,15.4,83,0
6401307.102,2026-05-18T21:00:00Z,14.8,84,0
6401307.102,2026-05-18T22:00:00Z,14.3,86,0
6401307.102,2026-05-18T23:00:00Z,14.0,87,0
6401307.102,2026-05-19T00:00:00Z,13.1,92,0
6401307.102,2026-05-19T01:00:00Z,12.9,93,0
6401307.102,2026-05-19T02:00:00Z,12.8,94,0
6401307.102,2026-05-19T03:00:00Z,12.8,94,0
6401307.102,2026-05-19T04:00:00Z,14.0,90,0
6401307.102,2026-05-19T05:00:00Z,15.5,84,0
6401307.102,2026-05-19T06:00:00Z,16.0,85,0
6401307.102,2026-05-19T07:00:00Z,17.0,80,0.1
6401307.102,2026-05-19T08:00:00Z,17.7,77,0
6401307.102,2026-05-19T09:00:00Z,18.6,75,0.1
6401307.102,2026-05-19T10:00:00Z,20.5,68,0
6401307.102,2026-05-19T11:00:00Z,20.5,67,0.1
6401307.102,2026-05-19T12:00:00Z,21.5,61,0.5
6401307.102,2026-05-19T13:00:00Z,18.6,81,0.7
6401307.102,2026-05-19T14:00:00Z,19.9,75,0.1
6401307.102,2026-05-19T15:00:00Z,18.6,82,0.6
6401307.102,2026-05-19T16:00:00Z,18.6,83,0.1
6401307.102,2026-05-19T17:00:00Z,17.9,85,0
6401307.102,2026-05-19T18:00:00Z,17.1,85,0
6401307.102,2026-05-19T19:00:00Z,16.4,87,0
6401307.102,2026-05-19T20:00:00Z,15.7,88,0
6401307.102,2026-05-19T21:00:00Z,15.1,86,0
6401307.102,2026-05-19T22:00:00Z,14.4,87,0
6401307.102,2026-05-19T23:00:00Z,14.0,87,0
6401307.102,2026-05-20T00:00:00Z,13.5,89,0
6401307.102,2026-05-20T01:00:00Z,13.1,90,0
6401307.102,2026-05-20T02:00:00Z,12.8,91,0
6401307.102,2026-05-20T03:00:00Z,12.9,92,0
6401307.102,2026-05-20T04:00:00Z,14.2,89,0
6401307.102,2026-05-20T05:00:00Z,15.9,84,0
6401307.102,2026-05-20T06:00:00Z,17.6,74,0
6401307.102,2026-05-20T07:00:00Z,19.1,69,0
6401307.102,2026-05-20T08:00:00Z,20.1,68,0
6401307.102,2026-05-20T09:00:00Z,21.8,63,0
6401307.102,2026-05-20T10:00:00Z,21.4,66,0.2
6401307.102,2026-05-20T11:00:00Z,22.1,64,0.1
6401307.102,2026-05-20T12:00:00Z,22.6,65,0.7
6401307.102,2026-05-20T13:00:00Z,18.1,91,3.2
6401307.102,2026-05-20T14:00:00Z,17.0,94,1.5
6401307.102,2026-05-20T15:00:00Z,17.8,93,0.5
6401307.102,2026-05-20T16:00:00Z,17.8,94,0
6401307.102,2026-05-20T17:00:00Z,17.6,91,0
6401307.102,2026-05-20T18:00:00Z,17.3,91,0
6401307.102,2026-05-20T19:00:00Z,17.1,90,0
6401307.102,2026-05-20T20:00:00Z,16.7,89,0
6401307.102,2026-05-20T21:00:00Z,16.2,90,0
6401307.102,2026-05-20T22:00:00Z,16.0,91,0
6401307.102,2026-05-20T23:00:00Z,15.5,92,0
6401307.102,2026-05-21T00:00:00Z,14.9,96,0
6401307.102,2026-05-21T01:00:00Z,14.6,96,0
6401307.102,2026-05-21T02:00:00Z,14.6,96,0
6401307.102,2026-05-21T03:00:00Z,14.6,96,0
6401307.102,2026-05-21T04:00:00Z,15.9,90,0
6401307.102,2026-05-21T05:00:00Z,17.2,86,0.2
6401307.102,2026-05-21T06:00:00Z,18.1,81,3.0
6401307.102,2026-05-21T07:00:00Z,19.4,78,0
6401307.102,2026-05-21T08:00:00Z,21.1,71,0.1
6401307.102,2026-05-21T09:00:00Z,21.3,70,0.4
6401307.102,2026-05-21T10:00:00Z,19.8,83,2.1
6401307.102,2026-05-21T11:00:00Z,18.4,89,2.4
6401307.102,2026-05-21T12:00:00Z,18.4,90,0.1
6401307.102,2026-05-21T13:00:00Z,18.2,95,3.4
6401307.102,2026-05-21T14:00:00Z,18.6,95,1.2
6401307.102,2026-05-21T15:00:00Z,17.9,95,1.1
6401307.102,2026-05-21T16:00:00Z,17.9,94,0
6401307.102,2026-05-21T17:00:00Z,17.3,94,0
6401307.102,2026-05-21T18:00:00Z,16.5,93,0
6401307.102,2026-05-21T19:00:00Z,16.3,93,0
6401307.102,2026-05-21T20:00:00Z,16.0,93,0
6401307.102,2026-05-21T21:00:00Z,15.8,93,0
6401307.102,2026-05-21T22:00:00Z,15.2,92,0.1
6401307.102,2026-05-21T23:00:00Z,14.3,96,0.8
6401307.102,2026-05-22T00:00:00Z,14.9,96,0
6401307.102,2026-05-22T01:00:00Z,14.2,96,0
6401307.102,2026-05-22T02:00:00Z,13.8,95,0
6401307.102,2026-05-22T03:00:00Z,13.8,95,0
6401307.102,2026-05-22T04:00:00Z,15.0,94,0
6401307.102,2026-05-22T05:00:00Z,16.7,91,0
6401307.102,2026-05-22T06:00:00Z,18.6,84,0
6401307.102,2026-05-22T07:00:00Z,20.5,74,0
6401307.102,2026-05-22T08:00:00Z,22.3,66,0
6401307.102,2026-05-22T09:00:00Z,23.7,60,0
6401307.102,2026-05-22T10:00:00Z,24.6,57,0
6401307.102,2026-05-22T11:00:00Z,25.2,55,0
6401307.102,2026-05-22T12:00:00Z,26.7,49,0.1
6401307.102,2026-05-22T13:00:00Z,24.1,64,0.8
6401307.102,2026-05-22T14:00:00Z,21.8,82,0.9
6401307.102,2026-05-22T15:00:00Z,20.4,86,0
6401307.102,2026-05-22T16:00:00Z,18.8,90,0
6401307.102,2026-05-22T17:00:00Z,18.7,87,0
6401307.102,2026-05-22T18:00:00Z,17.7,88,0
6401307.102,2026-05-22T19:00:00Z,17.7,86,0
6401307.102,2026-05-22T20:00:00Z,17.6,85,0
6401307.102,2026-05-22T21:00:00Z,18.4,78,0
6401307.102,2026-05-22T22:00:00Z,18.2,75,0
6401307.102,2026-05-22T23:00:00Z,18.5,73,0
6401307.102,2026-05-23T00:00:00Z,16.1,89,0
6401307.102,2026-05-23T01:00:00Z,15.4,92,0
6401307.102,2026-05-23T02:00:00Z,15.2,92,0
6401307.102,2026-05-23T03:00:00Z,15.4,89,0
6401307.102,2026-05-23T04:00:00Z,16.5,84,0
6401307.102,2026-05-23T05:00:00Z,17.6,79,0
6401307.102,2026-05-23T06:00:00Z,18.7,72,0
6401307.102,2026-05-23T07:00:00Z,20.1,68,0
6401307.102,2026-05-23T08:00:00Z,21.6,64,0
6401307.102,2026-05-23T09:00:00Z,22.7,61,0
6401307.102,2026-05-23T10:00:00Z,23.4,59,0
6401307.102,2026-05-23T11:00:00Z,23.9,57,0
6401307.102,2026-05-23T12:00:00Z,23.3,57,0
6401307.102,2026-05-23T13:00:00Z,22.2,61,0.2
6401307.102,2026-05-23T14:00:00Z,22.5,60,0.1
6401307.102,2026-05-23T15:00:00Z,22.0,63,0
6401307.102,2026-05-23T16:00:00Z,21.3,68,0
6401307.102,2026-05-23T17:00:00Z,20.0,73,0
6401307.102,2026-05-23T18:00:00Z,18.9,75,0
6401307.102,2026-05-23T19:00:00Z,17.7,78,0
6401307.102,2026-05-23T20:00:00Z,17.0,74,0
6401307.102,2026-05-23T21:00:00Z,16.5,68,0
6401307.102,2026-05-23T22:00:00Z,16.0,66,0
6401307.102,2026-05-23T23:00:00Z,15.4,67,0
6401307.102,2026-05-24T00:00:00Z,14.8,72,0
6401307.102,2026-05-24T01:00:00Z,14.0,76,0
6401307.102,2026-05-24T02:00:00Z,13.1,79,0
6401307.102,2026-05-24T03:00:00Z,12.9,80,0
6401307.102,2026-05-24T04:00:00Z,14.3,78,0
6401307.102,2026-05-24T05:00:00Z,16.1,72,0
6401307.102,2026-05-24T06:00:00Z,18.0,67,0
6401307.102,2026-05-24T07:00:00Z,19.8,60,0
6401307.102,2026-05-24T08:00:00Z,21.3,46,0
6401307.102,2026-05-24T09:00:00Z,22.0,44,0
6401307.102,2026-05-24T10:00:00Z,22.5,40,0
6401307.102,2026-05-24T11:00:00Z,22.7,40,0
6401307.102,2026-05-24T12:00:00Z,23.3,39,0
6401307.102,2026-05-24T13:00:00Z,23.2,38,0
6401307.102,2026-05-24T14:00:00Z,22.7,42,0
6401307.102,2026-05-24T15:00:00Z,22.5,45,0
6401307.102,2026-05-24T16:00:00Z,21.2,55,0
6401307.102,2026-05-24T17:00:00Z,19.4,60,0
6401307.102,2026-05-24T18:00:00Z,17.4,65,0
6401307.102,2026-05-24T19:00:00Z,16.1,69,0
6401307.102,2026-05-24T20:00:00Z,15.6,66,0
6401307.102,2026-05-24T21:00:00Z,14.6,67,0
6401307.102,2026-05-24T22:00:00Z,14.1,68,0
6401307.102,2026-05-24T23:00:00Z,13.8,68,0
6401307.102,2026-05-25T00:00:00Z,13.0,77,0
6401307.102,2026-05-25T01:00:00Z,12.7,78,0
6401307.102,2026-05-25T02:00:00Z,12.6,79,0
6401307.102,2026-05-25T03:00:00Z,12.7,80,0
6401307.102,2026-05-25T04:00:00Z,14.3,79,0
6401307.102,2026-05-25T05:00:00Z,16.5,76,0
6401307.102,2026-05-25T06:00:00Z,18.4,71,0
6401307.102,2026-05-25T07:00:00Z,20.2,69,0
6401307.102,2026-05-25T08:00:00Z,22.1,64,0
6401307.102,2026-05-25T09:00:00Z,23.5,60,0
6401307.102,2026-05-25T10:00:00Z,22.9,62,0.4
6401307.102,2026-05-25T11:00:00Z,23.5,56,0.1
6401307.102,2026-05-25T12:00:00Z,24.8,45,0
6401307.102,2026-05-25T13:00:00Z,24.6,40,0
6401307.102,2026-05-25T14:00:00Z,23.8,43,0
6401307.102,2026-05-25T15:00:00Z,22.9,45,0
6401307.102,2026-05-25T16:00:00Z,21.7,47,0
6401307.102,2026-05-25T17:00:00Z,20.0,50,0
6401307.102,2026-05-25T18:00:00Z,19.3,49,0
6401307.102,2026-05-25T19:00:00Z,18.4,52,0
6401307.102,2026-05-25T20:00:00Z,17.2,58,0
6401307.102,2026-05-25T21:00:00Z,16.8,59,0
6401307.102,2026-05-25T22:00:00Z,16.3,60,0
6401307.102,2026-05-25T23:00:00Z,15.8,62,0
6401307.102,2026-05-26T00:00:00Z,14.8,66,0
6401307.102,2026-05-26T01:00:00Z,14.1,67,0
6401307.102,2026-05-26T02:00:00Z,13.6,67,0
6401307.102,2026-05-26T03:00:00Z,13.6,70,0
6401307.102,2026-05-26T04:00:00Z,14.8,72,0
6401307.102,2026-05-26T05:00:00Z,16.7,71,0
6401307.102,2026-05-26T06:00:00Z,18.7,65,0
6401307.102,2026-05-26T07:00:00Z,20.1,58,0
6401307.102,2026-05-26T08:00:00Z,21.6,52,0
6401307.102,2026-05-26T09:00:00Z,22.9,47,0
6401307.102,2026-05-26T10:00:00Z,23.9,47,0
6401307.102,2026-05-26T11:00:00Z,24.8,46,0
6401307.102,2026-05-26T12:00:00Z,25.9,44,0
6401307.102,2026-05-26T13:00:00Z,26.1,43,0
6401307.102,2026-05-26T14:00:00Z,25.9,45,0
6401307.102,2026-05-26T15:00:00Z,25.5,48,0
6401307.102,2026-05-26T16:00:00Z,24.2,45,0
6401307.102,2026-05-26T17:00:00Z,22.4,44,0
6401307.102,2026-05-26T18:00:00Z,21.2,43,0
6401307.102,2026-05-26T19:00:00Z,20.0,48,0
6401307.102,2026-05-26T20:00:00Z,19.2,52,0
6401307.102,2026-05-26T21:00:00Z,18.5,55,0
6401307.102,2026-05-26T22:00:00Z,17.8,58,0
6401307.102,2026-05-26T23:00:00Z,17.5,59,0
6401307.102,2026-05-27T00:00:00Z,16.7,64,0
6401307.102,2026-05-27T01:00:00Z,16.3,66,0
6401307.102,2026-05-27T02:00:00Z,16.0,68,0
6401307.102,2026-05-27T03:00:00Z,16.2,69,0
6401307.102,2026-05-27T04:00:00Z,17.3,69,0
6401307.102,2026-05-27T05:00:00Z,19.1,67,0
6401307.102,2026-05-27T06:00:00Z,20.8,62,0
6401307.102,2026-05-27T07:00:00Z,22.5,57,0
6401307.102,2026-05-27T08:00:00Z,24.1,52,0
6401307.102,2026-05-27T09:00:00Z,25.3,47,0
6401307.102,2026-05-27T10:00:00Z,26.2,45,0
6401307.102,2026-05-27T11:00:00Z,27.0,44,0
6401307.102,2026-05-27T12:00:00Z,27.6,38,0
6401307.102,2026-05-27T13:00:00Z,28.1,36,0
6401307.102,2026-05-27T14:00:00Z,24.0,55,0
6401307.102,2026-05-27T15:00:00Z,23.1,66,0.1
6401307.102,2026-05-27T16:00:00Z,23.7,57,0
6401307.102,2026-05-27T17:00:00Z,19.7,68,0.4
6401307.102,2026-05-27T18:00:00Z,19.1,69,0
6401307.102,2026-05-27T19:00:00Z,16.8,87,0.9
6401307.102,2026-05-27T20:00:00Z,16.3,92,0.1
6401307.102,2026-05-27T21:00:00Z,15.3,94,0
6401307.102,2026-05-27T22:00:00Z,14.7,94,0
6401307.102,2026-05-27T23:00:00Z,14.3,95,0
6401307.102,2026-05-28T00:00:00Z,14.8,76,0
6401307.102,2026-05-28T01:00:00Z,14.1,72,0
6401307.102,2026-05-28T02:00:00Z,11.8,78,0
6401307.102,2026-05-28T03:00:00Z,11.6,80,0
6401307.102,2026-05-28T04:00:00Z,13.1,78,0
6401307.102,2026-05-28T05:00:00Z,14.5,70,0
6401307.102,2026-05-28T06:00:00Z,15.7,65,0
6401307.102,2026-05-28T07:00:00Z,17.1,51,0
6401307.102,2026-05-28T08:00:00Z,17.8,41,0
6401307.102,2026-05-28T09:00:00Z,18.1,39,0
6401307.102,2026-05-28T10:00:00Z,18.2,37,0
6401307.102,2026-05-28T11:00:00Z,18.2,35,0
6401307.102,2026-05-28T12:00:00Z,18.2,34,0
6401307.102,2026-05-28T13:00:00Z,17.9,36,0
6401307.102,2026-05-28T14:00:00Z,17.5,37,0
6401307.102,2026-05-28T15:00:00Z,17.2,38,0
6401307.102,2026-05-28T16:00:00Z,16.5,43,0
6401307.102,2026-05-28T17:00:00Z,15.3,45,0
6401307.102,2026-05-28T18:00:00Z,14.1,46,0
6401307.102,2026-05-28T19:00:00Z,12.8,51,0
6401307.102,2026-05-28T20:00:00Z,11.9,54,0
6401307.102,2026-05-28T21:00:00Z,10.7,60,0
6401307.102,2026-05-28T22:00:00Z,10.2,61,0
6401307.102,2026-05-28T23:00:00Z,10.1,60,0
6401307.102,2026-05-29T00:00:00Z,9.0,66,0
6401307.102,2026-05-29T01:00:00Z,8.4,69,0
6401307.102,2026-05-29T02:00:00Z,8.1,71,0
6401307.102,2026-05-29T03:00:00Z,8.3,73,0
6401307.102,2026-05-29T04:00:00Z,9.7,73,0
6401307.102,2026-05-29T05:00:00Z,11.3,70,0
6401307.102,2026-05-29T06:00:00Z,13.1,64,0
6401307.102,2026-05-29T07:00:00Z,14.4,56,0
6401307.102,2026-05-29T08:00:00Z,15.0,48,0
6401307.102,2026-05-29T09:00:00Z,15.7,47,0
6401307.102,2026-05-29T10:00:00Z,16.2,47,0
6401307.102,2026-05-29T11:00:00Z,16.4,47,0
6401307.102,2026-05-29T12:00:00Z,17.0,42,0
6401307.102,2026-05-29T13:00:00Z,16.8,37,0
6401307.102,2026-05-29T14:00:00Z,16.6,38,0
6401307.102,2026-05-29T15:00:00Z,16.3,41,0
6401307.102,2026-05-29T16:00:00Z,15.7,44,0
6401307.102,2026-05-29T17:00:00Z,14.0,50,0.1
6401307.102,2026-05-29T18:00:00Z,13.3,48,0
6401307.102,2026-05-29T19:00:00Z,12.4,50,0
6401307.102,2026-05-29T20:00:00Z,12.0,54,0
6401307.102,2026-05-29T21:00:00Z,11.4,56,0
6401307.102,2026-05-29T22:00:00Z,10.5,61,0
6401307.102,2026-05-29T23:00:00Z,9.8,64,0
6401307.102,2026-05-30T00:00:00Z,9.9,64,0
6401307.102,2026-05-30T01:00:00Z,10.5,66,0
6401307.102,2026-05-30T02:00:00Z,10.4,70,0
6401307.102,2026-05-30T03:00:00Z,10.7,73,0.1
6401307.102,2026-05-30T04:00:00Z,10.8,79,0.3
6401307.102,2026-05-30T05:00:00Z,10.4,91,1.0
6401307.102,2026-05-30T06:00:00Z,10.4,92,0.4
6401307.102,2026-05-30T07:00:00Z,10.9,86,0.3
6401307.102,2026-05-30T08:00:00Z,11.3,86,0.4
6401307.102,2026-05-30T09:00:00Z,13.8,69,0.4
6401307.102,2026-05-30T10:00:00Z,9.8,91,3.6
6401307.102,2026-05-30T11:00:00Z,12.9,68,0.2
6401307.102,2026-05-30T12:00:00Z,14.9,55,0.2
6401307.102,2026-05-30T13:00:00Z,15.6,54,0
6401307.102,2026-05-30T14:00:00Z,16.0,48,0
6401307.102,2026-05-30T15:00:00Z,15.9,48,0
6401307.102,2026-05-30T16:00:00Z,15.6,53,0
6401307.102,2026-05-30T17:00:00Z,14.0,64,0
6401307.102,2026-05-30T18:00:00Z,12.6,67,0
6401307.102,2026-05-30T19:00:00Z,12.1,67,0
6401307.102,2026-05-30T20:00:00Z,11.1,73,0
6401307.102,2026-05-30T21:00:00Z,11.5,73,0
6401307.102,2026-05-30T22:00:00Z,11.6,73,0
6401307.102,2026-05-30T23:00:00Z,10.6,77,0
6401307.102,2026-05-31T00:00:00Z,10.9,86,0
6401307.102,2026-05-31T01:00:00Z,9.4,91,0
6401307.102,2026-05-31T02:00:00Z,8.9,92,0
6401307.102,2026-05-31T03:00:00Z,9.2,94,0
6401307.102,2026-05-31T04:00:00Z,11.6,90,0
6401307.102,2026-05-31T05:00:00Z,13.2,85,0
6401307.102,2026-05-31T06:00:00Z,14.6,80,0
6401307.102,2026-05-31T07:00:00Z,16.1,73,0
6401307.102,2026-05-31T08:00:00Z,17.5,64,0.1
6401307.102,2026-05-31T09:00:00Z,18.2,59,0.1
6401307.102,2026-05-31T10:00:00Z,18.3,60,0.1
6401307.102,2026-05-31T11:00:00Z,18.2,61,0.2
6401307.102,2026-05-31T12:00:00Z,18.8,52,0.1
6401307.102,2026-05-31T13:00:00Z,18.8,52,0
6401307.102,2026-05-31T14:00:00Z,18.7,53,0
6401307.102,2026-05-31T15:00:00Z,18.4,54,0
6401307.102,2026-05-31T16:00:00Z,17.6,61,0
6401307.102,2026-05-31T17:00:00Z,16.4,67,0
6401307.102,2026-05-31T18:00:00Z,15.4,74,0
6401307.102,2026-05-31T19:00:00Z,14.9,76,0
6401307.102,2026-05-31T20:00:00Z,14.2,79,0
6401307.102,2026-05-31T21:00:00Z,14.0,82,0.1
6401307.102,2026-05-31T22:00:00Z,13.3,89,0
6401307.102,2026-05-31T23:00:00Z,13.1,93,0.3
6401307.102,2026-06-01T00:00:00Z,12.8,86,0.6
6401307.102,2026-06-01T01:00:00Z,12.6,87,0
6401307.102,2026-06-01T02:00:00Z,12.4,89,0
6401307.102,2026-06-01T03:00:00Z,12.3,92,0
6401307.102,2026-06-01T04:00:00Z,12.9,89,0
6401307.102,2026-06-01T05:00:00Z,13.9,82,0
6401307.102,2026-06-01T06:00:00Z,14.0,83,0
6401307.102,2026-06-01T07:00:00Z,14.6,79,0
6401307.102,2026-06-01T08:00:00Z,14.8,79,0
6401307.102,2026-06-01T09:00:00Z,16.4,70,0.1
6401307.102,2026-06-01T10:00:00Z,17.5,64,0.2
6401307.102,2026-06-01T11:00:00Z,18.5,60,0.1
6401307.102,2026-06-01T12:00:00Z,19.0,55,0
6401307.102,2026-06-01T13:00:00Z,19.2,53,0
6401307.102,2026-06-01T14:00:00Z,19.1,53,0
6401307.102,2026-06-01T15:00:00Z,19.1,52,0
6401307.102,2026-06-01T16:00:00Z,18.5,57,0
6401307.102,2026-06-01T17:00:00Z,17.0,68,0
6401307.102,2026-06-01T18:00:00Z,15.7,67,0
6401307.102,2026-06-01T19:00:00Z,14.7,68,0
6401307.102,2026-06-01T20:00:00Z,14.8,69,0
6401307.102,2026-06-01T21:00:00Z,14.0,84,0
6401307.102,2026-06-01T22:00:00Z,13.0,92,0
6401307.102,2026-06-01T23:00:00Z,12.3,95,0
6401307.102,2026-06-02T00:00:00Z,12.1,95,0
6401307.102,2026-06-02T01:00:00Z,11.5,96,0
6401307.102,2026-06-02T02:00:00Z,11.5,95,0
6401307.102,2026-06-02T03:00:00Z,12.0,92,0
6401307.102,2026-06-02T04:00:00Z,12.7,89,0
6401307.102,2026-06-02T05:00:00Z,12.8,91,0
6401307.102,2026-06-02T06:00:00Z,13.3,92,0.3
6401307.102,2026-06-02T07:00:00Z,13.5,94,0.5
6401307.102,2026-06-02T08:00:00Z,14.0,96,0.6
6401307.102,2026-06-02T09:00:00Z,13.9,95,1.8
6401307.102,2026-06-02T10:00:00Z,14.1,95,2.0
6401307.102,2026-06-02T11:00:00Z,14.1,94,1.1
6401307.102,2026-06-02T12:00:00Z,13.6,95,0.5
6401307.102,2026-06-02T13:00:00Z,14.1,95,1.4
6401307.102,2026-06-02T14:00:00Z,13.5,96,1.8
6401307.102,2026-06-02T15:00:00Z,13.5,96,2.4
6401307.102,2026-06-02T16:00:00Z,13.3,96,3.7
6401307.102,2026-06-02T17:00:00Z,13.1,96,4.7
6401307.102,2026-06-02T18:00:00Z,13.1,96,4.9
6401307.102,2026-06-02T19:00:00Z,13.3,97,2.1
6401307.102,2026-06-02T20:00:00Z,13.4,97,2.3
6401307.102,2026-06-02T21:00:00Z,13.5,97,2.1
6401307.102,2026-06-02T22:00:00Z,13.6,98,2.5
6401307.102,2026-06-02T23:00:00Z,13.7,98,2.6
6401307.102,2026-06-03T00:00:00Z,13.5,98,2.1
6401307.102,2026-06-03T01:00:00Z,13.5,98,0.5
6401307.102,2026-06-03T02:00:00Z,13.5,98,0.9
6401307.102,2026-06-03T03:00:00Z,13.4,98,0.7
6401307.102,2026-06-03T04:00:00Z,13.5,98,1.2
6401307.102,2026-06-03T05:00:00Z,13.7,98,0.5
6401307.102,2026-06-03T06:00:00Z,13.1,97,0.3
6401307.102,2026-06-03T07:00:00Z,13.7,94,0.1
6401307.102,2026-06-03T08:00:00Z,14.4,91,0
6401307.102,2026-06-03T09:00:00Z,15.3,88,0.1
6401307.102,2026-06-03T10:00:00Z,16.4,84,0.1
6401307.102,2026-06-03T11:00:00Z,17.1,81,0.1
6401307.102,2026-06-03T12:00:00Z,17.1,79,0
6401307.102,2026-06-03T13:00:00Z,17.5,77,0
6401307.102,2026-06-03T14:00:00Z,17.7,76,0
6401307.102,2026-06-03T15:00:00Z,17.5,77,0
6401307.102,2026-06-03T16:00:00Z,17.6,77,0
6401307.102,2026-06-03T17:00:00Z,17.1,80,0
6401307.102,2026-06-03T18:00:00Z,16.2,85,0
6401307.102,2026-06-03T19:00:00Z,14.9,91,0
6401307.102,2026-06-03T20:00:00Z,14.3,92,0
6401307.102,2026-06-03T21:00:00Z,13.9,93,0
6401307.102,2026-06-03T22:00:00Z,13.3,94,0
6401307.102,2026-06-03T23:00:00Z,12.9,95,0
6401307.102,2026-06-04T00:00:00Z,13.4,98,0
6401307.102,2026-06-04T01:00:00Z,13.3,98,0
6401307.102,2026-06-04T02:00:00Z,13.7,99,0
6401307.102,2026-06-04T03:00:00Z,14.3,99,0
6401307.102,2026-06-04T04:00:00Z,15.0,97,0
6401307.102,2026-06-04T05:00:00Z,15.7,95,0
6401307.102,2026-06-04T06:00:00Z,16.2,90,0
6401307.102,2026-06-04T07:00:00Z,17.1,83,0
6401307.102,2026-06-04T08:00:00Z,18.3,79,0.1
6401307.102,2026-06-04T09:00:00Z,19.5,75,0.1
6401307.102,2026-06-04T10:00:00Z,20.0,74,0.1
6401307.102,2026-06-04T11:00:00Z,20.4,72,0.1
6401307.102,2026-06-04T12:00:00Z,22.0,68,0.1
6401307.102,2026-06-04T13:00:00Z,22.4,68,0
6401307.102,2026-06-04T14:00:00Z,22.4,68,0
6401307.102,2026-06-04T15:00:00Z,22.2,69,0
6401307.102,2026-06-04T16:00:00Z,21.6,73,0.1
6401307.102,2026-06-04T17:00:00Z,20.4,80,0
6401307.102,2026-06-04T18:00:00Z,19.3,78,0
6401307.102,2026-06-04T19:00:00Z,18.4,82,0
6401307.102,2026-06-04T20:00:00Z,17.2,88,0
6401307.102,2026-06-04T21:00:00Z,16.6,90,0
6401307.102,2026-06-04T22:00:00Z,16.0,92,0
6401307.102,2026-06-04T23:00:00Z,15.1,95,0
6401307.102,2026-06-05T00:00:00Z,14.6,97,0
6401307.102,2026-06-05T01:00:00Z,13.9,98,0
6401307.102,2026-06-05T02:00:00Z,13.5,99,0
6401307.102,2026-06-05T03:00:00Z,13.9,99,0
6401307.102,2026-06-05T04:00:00Z,15.6,94,0
6401307.102,2026-06-05T05:00:00Z,17.6,87,0
6401307.102,2026-06-05T06:00:00Z,19.3,78,0
6401307.102,2026-06-05T07:00:00Z,20.8,71,0
6401307.102,2026-06-05T08:00:00Z,22.1,65,0
6401307.102,2026-06-05T09:00:00Z,23.1,63,0
6401307.102,2026-06-05T10:00:00Z,24.0,58,0
6401307.102,2026-06-05T11:00:00Z,24.4,58,0.1
6401307.102,2026-06-05T12:00:00Z,24.9,54,0
6401307.102,2026-06-05T13:00:00Z,24.9,55,0
6401307.102,2026-06-05T14:00:00Z,24.8,56,0
6401307.102,2026-06-05T15:00:00Z,24.5,59,0
6401307.102,2026-06-05T16:00:00Z,23.8,67,0
6401307.102,2026-06-05T17:00:00Z,22.3,75,0
6401307.102,2026-06-05T18:00:00Z,20.9,79,0
6401307.102,2026-06-05T19:00:00Z,20.0,82,0
6401307.102,2026-06-05T20:00:00Z,19.5,84,0
6401307.102,2026-06-05T21:00:00Z,18.9,85,0
6401307.102,2026-06-05T22:00:00Z,18.3,87,0.1
6401307.102,2026-06-05T23:00:00Z,17.5,91,0.7
6401307.102,2026-06-06T00:00:00Z,17.4,90,0.2
6401307.102,2026-06-06T01:00:00Z,16.6,95,0
6401307.102,2026-06-06T02:00:00Z,16.1,96,0.1
6401307.102,2026-06-06T03:00:00Z,16.1,96,0.2
6401307.102,2026-06-06T04:00:00Z,17.3,95,1.1
6401307.102,2026-06-06T05:00:00Z,17.7,97,6.6
6401307.102,2026-06-06T06:00:00Z,19.6,93,0.2
6401307.102,2026-06-06T07:00:00Z,20.9,88,0
6401307.102,2026-06-06T08:00:00Z,23.0,79,0
6401307.102,2026-06-06T09:00:00Z,24.2,73,0.1
6401307.102,2026-06-06T10:00:00Z,25.0,69,0.1
6401307.102,2026-06-06T11:00:00Z,24.7,65,0.1
6401307.102,2026-06-06T12:00:00Z,24.5,69,0.4
6401307.102,2026-06-06T13:00:00Z,21.6,83,1.1
6401307.102,2026-06-06T14:00:00Z,20.5,92,3.5
6401307.102,2026-06-06T15:00:00Z,19.9,94,0.9
6401307.102,2026-06-06T16:00:00Z,20.2,93,0.2
6401307.102,2026-06-06T17:00:00Z,19.9,95,0
6401307.102,2026-06-06T18:00:00Z,19.6,93,0
6401307.102,2026-06-06T19:00:00Z,18.7,98,0.6
6401307.102,2026-06-06T20:00:00Z,18.1,98,0.2
6401307.102,2026-06-06T21:00:00Z,17.7,99,0.4
6401307.102,2026-06-06T22:00:00Z,17.3,100,0.6
6401307.102,2026-06-06T23:00:00Z,17.0,100,0
6401307.102,2026-06-07T00:00:00Z,17.0,100,0
6401307.102,2026-06-07T01:00:00Z,16.5,100,0
6401307.102,2026-06-07T02:00:00Z,16.2,100,0.3
6401307.102,2026-06-07T03:00:00Z,16.3,99,0.2
6401307.102,2026-06-07T04:00:00Z,16.7,98,0.1
6401307.102,2026-06-07T05:00:00Z,17.4,95,0
6401307.102,2026-06-07T06:00:00Z,16.8,98,0
6401307.102,2026-06-07T07:00:00Z,17.7,98,1.8
6401307.102,2026-06-07T08:00:00Z,17.7,94,2.5
6401307.102,2026-06-07T09:00:00Z,17.8,95,1.9
6401307.102,2026-06-07T10:00:00Z,17.5,92,2.7
6401307.102,2026-06-07T11:00:00Z,17.7,94,1.7
6401307.102,2026-06-07T12:00:00Z,17.9,94,0.7
6401307.102,2026-06-07T13:00:00Z,18.1,99,1.3
6401307.102,2026-06-07T14:00:00Z,18.0,95,0.5
6401307.102,2026-06-07T15:00:00Z,17.8,94,0.4
6401307.102,2026-06-07T16:00:00Z,17.3,96,0.5
6401307.102,2026-06-07T17:00:00Z,17.1,96,0.1
6401307.102,2026-06-07T18:00:00Z,17.1,95,0.2
6401307.102,2026-06-07T19:00:00Z,16.9,95,0
6401307.102,2026-06-07T20:00:00Z,16.5,95,0
6401307.102,2026-06-07T21:00:00Z,16.2,94,0
6401307.102,2026-06-07T22:00:00Z,15.9,92,0
6401307.102,2026-06-07T23:00:00Z,15.5,91,0
6401307.102,2026-06-08T00:00:00Z,15.2,92,0
6401307.102,2026-06-08T01:00:00Z,15.0,92,0
6401307.102,2026-06-08T02:00:00Z,14.8,91,0
6401307.102,2026-06-08T03:00:00Z,15.0,91,0
6401307.102,2026-06-08T04:00:00Z,16.1,87,0
6401307.102,2026-06-08T05:00:00Z,17.4,81,0
6401307.102,2026-06-08T06:00:00Z,19.1,75,0
6401307.102,2026-06-08T07:00:00Z,20.6,66,0
6401307.102,2026-06-08T08:00:00Z,21.6,57,0
6401307.102,2026-06-08T09:00:00Z,22.4,53,0
6401307.102,2026-06-08T10:00:00Z,22.9,51,0
6401307.102,2026-06-08T11:00:00Z,23.3,50,0
6401307.102,2026-06-08T12:00:00Z,24.0,45,0
6401307.102,2026-06-08T13:00:00Z,23.8,46,0
6401307.102,2026-06-08T14:00:00Z,23.7,47,0
6401307.102,2026-06-08T15:00:00Z,23.2,52,0
6401307.102,2026-06-08T16:00:00Z,22.3,59,0
6401307.102,2026-06-08T17:00:00Z,20.7,68,0
6401307.102,2026-06-08T18:00:00Z,19.4,68,0
6401307.102,2026-06-08T19:00:00Z,18.6,71,0
6401307.102,2026-06-08T20:00:00Z,17.8,74,0
6401307.102,2026-06-08T21:00:00Z,17.2,77,0
6401307.102,2026-06-08T22:00:00Z,16.4,80,0
6401307.102,2026-06-08T23:00:00Z,15.9,82,0
6401307.102,2026-06-09T00:00:00Z,15.6,82,0
6401307.102,2026-06-09T01:00:00Z,14.7,87,0
6401307.102,2026-06-09T02:00:00Z,14.1,90,0
6401307.102,2026-06-09T03:00:00Z,14.6,89,0
6401307.102,2026-06-09T04:00:00Z,16.2,87,0
6401307.102,2026-06-09T05:00:00Z,18.0,81,0
6401307.102,2026-06-09T06:00:00Z,19.9,75,0
6401307.102,2026-06-09T07:00:00Z,21.5,69,0
6401307.102,2026-06-09T08:00:00Z,22.8,61,0
6401307.102,2026-06-09T09:00:00Z,23.7,54,0
6401307.102,2026-06-09T10:00:00Z,23.9,50,0
6401307.102,2026-06-09T11:00:00Z,24.0,49,0.1
6401307.102,2026-06-09T12:00:00Z,24.3,49,0.1
6401307.102,2026-06-09T13:00:00Z,24.3,49,0.1
6401307.102,2026-06-09T14:00:00Z,24.2,50,0
6401307.102,2026-06-09T15:00:00Z,23.9,52,0
6401307.102,2026-06-09T16:00:00Z,23.2,60,0
6401307.102,2026-06-09T17:00:00Z,21.7,75,0
6401307.102,2026-06-09T18:00:00Z,21.0,64,0
6401307.102,2026-06-09T19:00:00Z,20.0,66,0
6401307.102,2026-06-09T20:00:00Z,18.9,69,0
6401307.102,2026-06-09T21:00:00Z,17.7,75,0
6401307.102,2026-06-09T22:00:00Z,17.0,79,0
6401307.102,2026-06-09T23:00:00Z,16.6,81,0
6401307.102,2026-06-10T00:00:00Z,15.5,86,0
6401307.102,2026-06-10T01:00:00Z,15.1,87,0
6401307.102,2026-06-10T02:00:00Z,15.0,88,0
6401307.102,2026-06-10T03:00:00Z,15.7,86,0
6401307.102,2026-06-10T04:00:00Z,17.2,86,0
6401307.102,2026-06-10T05:00:00Z,19.6,78,0
6401307.102,2026-06-10T06:00:00Z,21.3,70,0
6401307.102,2026-06-10T07:00:00Z,22.9,63,0
6401307.102,2026-06-10T08:00:00Z,24.1,56,0
6401307.102,2026-06-10T09:00:00Z,24.7,50,0
6401307.102,2026-06-10T10:00:00Z,25.2,48,0
6401307.102,2026-06-10T11:00:00Z,25.5,48,0
6401307.102,2026-06-10T12:00:00Z,26.3,42,0
6401307.102,2026-06-10T13:00:00Z,26.2,43,0
6401307.102,2026-06-10T14:00:00Z,26.0,44,0
6401307.102,2026-06-10T15:00:00Z,25.7,46,0
6401307.102,2026-06-10T16:00:00Z,25.0,53,0
6401307.102,2026-06-10T17:00:00Z,23.2,70,0
6401307.102,2026-06-10T18:00:00Z,21.4,70,0
6401307.102,2026-06-10T19:00:00Z,20.6,72,0
6401307.102,2026-06-10T20:00:00Z,20.0,74,0
6401307.102,2026-06-10T21:00:00Z,19.6,75,0
6401307.102,2026-06-10T22:00:00Z,18.9,77,0
6401307.102,2026-06-10T23:00:00Z,18.1,79,0
6401307.102,2026-06-11T00:00:00Z,17.3,75,0
6401307.102,2026-06-11T01:00:00Z,16.4,79,0
6401307.102,2026-06-11T02:00:00Z,15.7,82,0
6401307.102,2026-06-11T03:00:00Z,16.0,87,0
6401307.102,2026-06-11T04:00:00Z,18.0,83,0
6401307.102,2026-06-11T05:00:00Z,20.4,76,0
6401307.102,2026-06-11T06:00:00Z,22.5,67,0
6401307.102,2026-06-11T07:00:00Z,24.0,62,0
6401307.102,2026-06-11T08:00:00Z,25.3,60,0
6401307.102,2026-06-11T09:00:00Z,26.1,52,0.1
6401307.102,2026-06-11T10:00:00Z,26.6,48,0
6401307.102,2026-06-11T11:00:00Z,26.8,47,0
6401307.102,2026-06-11T12:00:00Z,27.4,45,0
6401307.102,2026-06-11T13:00:00Z,27.3,46,0
6401307.102,2026-06-11T14:00:00Z,26.9,46,0
6401307.102,2026-06-11T15:00:00Z,26.6,49,0
6401307.102,2026-06-11T16:00:00Z,25.8,61,0
6401307.102,2026-06-11T17:00:00Z,24.0,69,0
6401307.102,2026-06-11T18:00:00Z,22.7,68,0
6401307.102,2026-06-11T19:00:00Z,22.5,71,0
6401307.102,2026-06-11T20:00:00Z,21.1,75,0
6401307.102,2026-06-11T21:00:00Z,19.9,80,0
6401307.102,2026-06-11T22:00:00Z,18.2,89,0.6
6401307.102,2026-06-11T23:00:00Z,17.7,92,0.2
6401307.102,2026-06-12T00:00:00Z,17.4,97,0
6401307.102,2026-06-12T01:00:00Z,17.2,98,0
6401307.102,2026-06-12T02:00:00Z,16.9,98,0
6401307.102,2026-06-12T03:00:00Z,17.2,98,0
6401307.102,2026-06-12T04:00:00Z,18.1,96,0
6401307.102,2026-06-12T05:00:00Z,19.2,91,0
6401307.102,2026-06-12T06:00:00Z,19.1,89,0
6401307.102,2026-06-12T07:00:00Z,19.8,85,0
6401307.102,2026-06-12T08:00:00Z,18.9,89,0.7
6401307.102,2026-06-12T09:00:00Z,17.9,96,1.1
6401307.102,2026-06-12T10:00:00Z,19.3,85,0.5
6401307.102,2026-06-12T11:00:00Z,18.3,83,0.3
6401307.102,2026-06-12T12:00:00Z,15.6,85,0.1
6401307.102,2026-06-12T13:00:00Z,14.8,88,0.5
6401307.102,2026-06-12T14:00:00Z,14.6,87,0.3
6401307.102,2026-06-12T15:00:00Z,15.3,76,0
6401307.102,2026-06-12T16:00:00Z,14.9,72,0
6401307.102,2026-06-12T17:00:00Z,14.0,75,0
6401307.102,2026-06-12T18:00:00Z,13.1,80,0
6401307.102,2026-06-12T19:00:00Z,12.6,82,0
6401307.102,2026-06-12T20:00:00Z,12.4,83,0
6401307.102,2026-06-12T21:00:00Z,12.1,83,0
6401307.102,2026-06-12T22:00:00Z,12.6,78,0
6401307.102,2026-06-12T23:00:00Z,12.4,77,0
6401307.102,2026-06-13T00:00:00Z,12.0,78,0
6401307.102,2026-06-13T01:00:00Z,11.2,80,0
6401307.102,2026-06-13T02:00:00Z,10.4,83,0
6401307.102,2026-06-13T03:00:00Z,10.1,85,0
6401307.102,2026-06-13T04:00:00Z,11.1,83,0
6401307.102,2026-06-13T05:00:00Z,12.5,78,0
6401307.102,2026-06-13T06:00:00Z,13.8,75,0
6401307.102,2026-06-13T07:00:00Z,15.4,69,0
6401307.102,2026-06-13T08:00:00Z,16.9,63,0
6401307.102,2026-06-13T09:00:00Z,18.2,59,0
6401307.102,2026-06-13T10:00:00Z,19.3,55,0
6401307.102,2026-06-13T11:00:00Z,20.4,49,0
6401307.102,2026-06-13T12:00:00Z,21.0,47,0
6401307.102,2026-06-13T13:00:00Z,21.1,45,0
6401307.102,2026-06-13T14:00:00Z,21.1,44,0
6401307.102,2026-06-13T15:00:00Z,20.7,46,0
6401307.102,2026-06-13T16:00:00Z,19.9,55,0
6401307.102,2026-06-13T17:00:00Z,18.5,63,0
6401307.102,2026-06-13T18:00:00Z,16.8,64,0
6401307.102,2026-06-13T19:00:00Z,16.2,66,0
6401307.102,2026-06-13T20:00:00Z,15.4,69,0
6401307.102,2026-06-13T21:00:00Z,14.9,71,0
6401307.102,2026-06-13T22:00:00Z,14.2,75,0
6401307.102,2026-06-13T23:00:00Z,13.8,77,0
6401307.102,2026-06-14T00:00:00Z,12.9,81,0
6401307.102,2026-06-14T01:00:00Z,12.1,85,0
6401307.102,2026-06-14T02:00:00Z,11.4,89,0
6401307.102,2026-06-14T03:00:00Z,12.7,84,0
6401307.102,2026-06-14T04:00:00Z,15.6,74,0
6401307.102,2026-06-14T05:00:00Z,17.3,71,0
6401307.102,2026-06-14T06:00:00Z,18.3,71,0
6401307.102,2026-06-14T07:00:00Z,20.1,66,0
6401307.102,2026-06-14T08:00:00Z,21.5,58,0.1
6401307.102,2026-06-14T09:00:00Z,21.0,63,0.7
6401307.102,2026-06-14T10:00:00Z,22.2,62,0.3
6401307.102,2026-06-14T11:00:00Z,23.0,59,0
6401307.102,2026-06-14T12:00:00Z,22.9,54,0.1
6401307.102,2026-06-14T13:00:00Z,21.4,63,0.3
6401307.102,2026-06-14T14:00:00Z,22.1,58,0
6401307.102,2026-06-14T15:00:00Z,22.1,57,0
6401307.102,2026-06-14T16:00:00Z,21.6,63,0
6401307.102,2026-06-14T17:00:00Z,20.2,73,0
6401307.102,2026-06-14T18:00:00Z,18.7,73,0
6401307.102,2026-06-14T19:00:00Z,18.3,72,0
6401307.102,2026-06-14T20:00:00Z,17.9,73,0
6401307.102,2026-06-14T21:00:00Z,16.9,77,0
6401307.102,2026-06-14T22:00:00Z,16.6,76,0
6401307.102,2026-06-14T23:00:00Z,17.6,67,0
6401307.102,2026-06-15T00:00:00Z,14.2,90,0
6401307.102,2026-06-15T01:00:00Z,13.4,93,0
6401307.102,2026-06-15T02:00:00Z,12.7,95,0
6401307.102,2026-06-15T03:00:00Z,12.8,95,0
6401307.102,2026-06-15T04:00:00Z,14.0,89,0
6401307.102,2026-06-15T05:00:00Z,14.7,85,0
6401307.102,2026-06-15T06:00:00Z,15.7,76,0
6401307.102,2026-06-15T07:00:00Z,16.9,70,0
6401307.102,2026-06-15T08:00:00Z,18.0,63,0
6401307.102,2026-06-15T09:00:00Z,18.7,59,0
6401307.102,2026-06-15T10:00:00Z,19.2,58,0.1
6401307.102,2026-06-15T11:00:00Z,20.0,55,0.1
6401307.102,2026-06-15T12:00:00Z,20.4,50,0.1
6401307.102,2026-06-15T13:00:00Z,20.4,50,0
6401307.102,2026-06-15T14:00:00Z,20.6,49,0
6401307.102,2026-06-15T15:00:00Z,20.4,50,0
6401307.102,2026-06-15T16:00:00Z,19.9,55,0
6401307.102,2026-06-15T17:00:00Z,18.7,68,0
6401307.102,2026-06-15T18:00:00Z,17.2,66,0
6401307.102,2026-06-15T19:00:00Z,16.2,69,0
6401307.102,2026-06-15T20:00:00Z,15.5,70,0
6401307.102,2026-06-15T21:00:00Z,15.1,71,0
6401307.102,2026-06-15T22:00:00Z,14.6,72,0
6401307.102,2026-06-15T23:00:00Z,13.6,77,0
6401307.102,2026-06-16T00:00:00Z,12.8,82,0
6401307.102,2026-06-16T01:00:00Z,11.9,86,0
6401307.102,2026-06-16T02:00:00Z,11.2,88,0
6401307.102,2026-06-16T03:00:00Z,11.5,88,0
6401307.102,2026-06-16T04:00:00Z,13.5,83,0
6401307.102,2026-06-16T05:00:00Z,15.6,76,0
6401307.102,2026-06-16T06:00:00Z,17.3,70,0
6401307.102,2026-06-16T07:00:00Z,18.7,62,0
6401307.102,2026-06-16T08:00:00Z,19.7,59,0
6401307.102,2026-06-16T09:00:00Z,20.7,58,0
6401307.102,2026-06-16T10:00:00Z,20.9,54,0.1
6401307.102,2026-06-16T11:00:00Z,21.4,50,0
6401307.102,2026-06-16T12:00:00Z,22.0,44,0
6401307.102,2026-06-16T13:00:00Z,22.0,45,0
6401307.102,2026-06-16T14:00:00Z,21.8,46,0
6401307.102,2026-06-16T15:00:00Z,21.3,49,0
6401307.102,2026-06-16T16:00:00Z,20.7,58,0
6401307.102,2026-06-16T17:00:00Z,19.7,70,0
6401307.102,2026-06-16T18:00:00Z,18.6,69,0
6401307.102,2026-06-16T19:00:00Z,17.6,71,0
6401307.102,2026-06-16T20:00:00Z,16.1,78,0
6401307.102,2026-06-16T21:00:00Z,15.1,83,0
6401307.102,2026-06-16T22:00:00Z,14.7,84,0
6401307.102,2026-06-16T23:00:00Z,14.3,85,0
6401307.102,2026-06-17T00:00:00Z,13.3,84,0
6401307.102,2026-06-17T01:00:00Z,13.2,79,0
6401307.102,2026-06-17T02:00:00Z,13.1,77,0
6401307.102,2026-06-17T03:00:00Z,14.2,75,0
6401307.102,2026-06-17T04:00:00Z,17.0,71,0
6401307.102,2026-06-17T05:00:00Z,19.6,67,0
6401307.102,2026-06-17T06:00:00Z,21.4,61,0
6401307.102,2026-06-17T07:00:00Z,22.9,56,0
6401307.102,2026-06-17T08:00:00Z,23.8,47,0
6401307.102,2026-06-17T09:00:00Z,24.0,44,0
6401307.102,2026-06-17T10:00:00Z,24.1,45,0
6401307.102,2026-06-17T11:00:00Z,24.6,46,0
6401307.102,2026-06-17T12:00:00Z,25.0,43,0
6401307.102,2026-06-17T13:00:00Z,24.1,44,0
6401307.102,2026-06-17T14:00:00Z,21.9,56,0.2
6401307.102,2026-06-17T15:00:00Z,21.9,56,0
6401307.102,2026-06-17T16:00:00Z,21.3,62,0
6401307.102,2026-06-17T17:00:00Z,20.3,73,0
6401307.102,2026-06-17T18:00:00Z,18.8,72,0
6401307.102,2026-06-17T19:00:00Z,18.2,72,0
6401307.102,2026-06-17T20:00:00Z,17.5,74,0
6401307.102,2026-06-17T21:00:00Z,17.1,76,0
6401307.102,2026-06-17T22:00:00Z,16.3,81,0
6401307.102,2026-06-17T23:00:00Z,16.1,82,0
6401307.102,2026-06-18T00:00:00Z,15.1,93,0
6401307.102,2026-06-18T01:00:00Z,14.8,96,0
6401307.102,2026-06-18T02:00:00Z,14.3,97,0
6401307.102,2026-06-18T03:00:00Z,14.1,98,0
6401307.102,2026-06-18T04:00:00Z,14.9,95,0
6401307.102,2026-06-18T05:00:00Z,16.4,86,0
6401307.102,2026-06-18T06:00:00Z,17.9,79,0
6401307.102,2026-06-18T07:00:00Z,19.6,67,0
6401307.102,2026-06-18T08:00:00Z,20.9,52,0
6401307.102,2026-06-18T09:00:00Z,21.7,48,0
6401307.102,2026-06-18T10:00:00Z,22.2,46,0
6401307.102,2026-06-18T11:00:00Z,22.4,46,0
6401307.102,2026-06-18T12:00:00Z,23.0,40,0
6401307.102,2026-06-18T13:00:00Z,22.6,41,0
6401307.102,2026-06-18T14:00:00Z,22.4,42,0
6401307.102,2026-06-18T15:00:00Z,22.4,43,0
6401307.102,2026-06-18T16:00:00Z,21.6,50,0
6401307.102,2026-06-18T17:00:00Z,20.2,57,0
6401307.102,2026-06-18T18:00:00Z,18.8,56,0
6401307.102,2026-06-18T19:00:00Z,17.5,59,0
6401307.102,2026-06-18T20:00:00Z,16.2,68,0
6401307.102,2026-06-18T21:00:00Z,15.4,72,0
6401307.102,2026-06-18T22:00:00Z,14.5,76,0
6401307.102,2026-06-18T23:00:00Z,13.8,79,0
6401307.102,2026-06-19T00:00:00Z,12.9,85,0
6401307.102,2026-06-19T01:00:00Z,12.3,87,0
6401307.102,2026-06-19T02:00:00Z,12.0,88,0
6401307.102,2026-06-19T03:00:00Z,12.7,85,0
6401307.102,2026-06-19T04:00:00Z,14.8,78,0
6401307.102,2026-06-19T05:00:00Z,17.2,73,0
6401307.102,2026-06-19T06:00:00Z,19.0,66,0
6401307.102,2026-06-19T07:00:00Z,21.0,61,0
6401307.102,2026-06-19T08:00:00Z,22.6,55,0
6401307.102,2026-06-19T09:00:00Z,23.7,51,0
6401307.102,2026-06-19T10:00:00Z,24.6,46,0
6401307.102,2026-06-19T11:00:00Z,25.4,42,0
6401307.102,2026-06-19T12:00:00Z,25.9,40,0
6401307.102,2026-06-19T13:00:00Z,26.0,41,0
6401307.102,2026-06-19T14:00:00Z,25.5,43,0
6401307.102,2026-06-19T15:00:00Z,25.1,46,0
6401307.102,2026-06-19T16:00:00Z,24.4,56,0
6401307.102,2026-06-19T17:00:00Z,22.9,67,0
6401307.102,2026-06-19T18:00:00Z,20.9,69,0
6401307.102,2026-06-19T19:00:00Z,19.7,72,0
6401307.102,2026-06-19T20:00:00Z,19.0,75,0
6401307.102,2026-06-19T21:00:00Z,18.2,77,0
6401307.102,2026-06-19T22:00:00Z,17.6,79,0
6401307.102,2026-06-19T23:00:00Z,16.8,82,0
6401307.102,2026-06-20T00:00:00Z,16.1,85,0
6401307.102,2026-06-20T01:00:00Z,15.6,85,0
6401307.102,2026-06-20T02:00:00Z,15.2,87,0
6401307.102,2026-06-20T03:00:00Z,15.8,85,0
6401307.102,2026-06-20T04:00:00Z,18.0,80,0
6401307.102,2026-06-20T05:00:00Z,20.4,74,0
6401307.102,2026-06-20T06:00:00Z,22.2,69,0
6401307.102,2026-06-20T07:00:00Z,24.0,64,0
6401307.102,2026-06-20T08:00:00Z,25.0,59,0.1
6401307.102,2026-06-20T09:00:00Z,25.4,57,0.2
6401307.102,2026-06-20T10:00:00Z,25.7,54,0.3
6401307.102,2026-06-20T11:00:00Z,26.1,55,0.3
6401307.102,2026-06-20T12:00:00Z,27.6,52,0
6401307.102,2026-06-20T13:00:00Z,26.9,53,0.1
6401307.102,2026-06-20T14:00:00Z,26.9,49,0.1
6401307.102,2026-06-20T15:00:00Z,26.7,49,0
6401307.102,2026-06-20T16:00:00Z,25.6,56,0
6401307.102,2026-06-20T17:00:00Z,24.2,64,0
6401307.102,2026-06-20T18:00:00Z,23.1,64,0
6401307.102,2026-06-20T19:00:00Z,21.8,67,0
6401307.102,2026-06-20T20:00:00Z,21.1,68,0
6401307.102,2026-06-20T21:00:00Z,19.8,70,0
6401307.102,2026-06-20T22:00:00Z,18.7,73,0
6401307.102,2026-06-20T23:00:00Z,18.2,72,0
6401307.102,2026-06-21T00:00:00Z,17.5,75,0
6401307.102,2026-06-21T01:00:00Z,16.1,80,0
6401307.102,2026-06-21T02:00:00Z,15.2,84,0
6401307.102,2026-06-21T03:00:00Z,15.7,82,0
6401307.102,2026-06-21T04:00:00Z,17.6,77,0
6401307.102,2026-06-21T05:00:00Z,19.4,71,0
6401307.102,2026-06-21T06:00:00Z,21.5,66,0
6401307.102,2026-06-21T07:00:00Z,23.5,60,0
6401307.102,2026-06-21T08:00:00Z,25.0,52,0
6401307.102,2026-06-21T09:00:00Z,26.0,45,0
6401307.102,2026-06-21T10:00:00Z,26.8,41,0
6401307.102,2026-06-21T11:00:00Z,26.9,40,0
6401307.102,2026-06-21T12:00:00Z,26.8,39,0
6401307.102,2026-06-21T13:00:00Z,27.0,39,0
6401307.102,2026-06-21T14:00:00Z,26.8,40,0
6401307.102,2026-06-21T15:00:00Z,26.5,43,0
6401307.102,2026-06-21T16:00:00Z,26.0,54,0
6401307.102,2026-06-21T17:00:00Z,24.7,69,0
6401307.102,2026-06-21T18:00:00Z,22.7,65,0
6401307.102,2026-06-21T19:00:00Z,21.0,71,0
6401307.102,2026-06-21T20:00:00Z,19.7,74,0
6401307.102,2026-06-21T21:00:00Z,18.9,75,0
6401307.102,2026-06-21T22:00:00Z,18.4,76,0
6401307.102,2026-06-21T23:00:00Z,17.8,78,0
6401307.102,2026-06-22T00:00:00Z,16.8,83,0
6401307.102,2026-06-22T01:00:00Z,16.1,85,0
6401307.102,2026-06-22T02:00:00Z,15.6,86,0
6401307.102,2026-06-22T03:00:00Z,16.2,86,0
6401307.102,2026-06-22T04:00:00Z,18.3,81,0
6401307.102,2026-06-22T05:00:00Z,20.9,73,0
6401307.102,2026-06-22T06:00:00Z,22.8,66,0
6401307.102,2026-06-22T07:00:00Z,24.4,60,0
6401307.102,2026-06-22T08:00:00Z,25.8,54,0
6401307.102,2026-06-22T09:00:00Z,26.7,50,0
6401307.102,2026-06-22T10:00:00Z,27.4,47,0
6401307.102,2026-06-22T11:00:00Z,27.7,46,0
6401307.102,2026-06-22T12:00:00Z,28.1,43,0
6401307.102,2026-06-22T13:00:00Z,27.9,43,0
6401307.102,2026-06-22T14:00:00Z,28.0,41,0
6401307.102,2026-06-22T15:00:00Z,28.0,41,0
6401307.102,2026-06-22T16:00:00Z,27.0,58,0
6401307.102,2026-06-22T17:00:00Z,25.5,69,0
6401307.102,2026-06-22T18:00:00Z,23.4,71,0
6401307.102,2026-06-22T19:00:00Z,22.1,72,0
6401307.102,2026-06-22T20:00:00Z,21.5,68,0
6401307.102,2026-06-22T21:00:00Z,20.7,69,0
6401307.102,2026-06-22T22:00:00Z,19.8,73,0
6401307.102,2026-06-22T23:00:00Z,19.0,77,0
6401307.102,2026-06-23T00:00:00Z,17.5,85,0
6401307.102,2026-06-23T01:00:00Z,16.9,87,0
6401307.102,2026-06-23T02:00:00Z,16.5,88,0
6401307.102,2026-06-23T03:00:00Z,17.4,84,0
6401307.102,2026-06-23T04:00:00Z,19.9,75,0
6401307.102,2026-06-23T05:00:00Z,22.1,70,0
6401307.102,2026-06-23T06:00:00Z,23.2,66,0
6401307.102,2026-06-23T07:00:00Z,24.7,61,0
6401307.102,2026-06-23T08:00:00Z,26.0,57,0
6401307.102,2026-06-23T09:00:00Z,27.1,51,0
6401307.102,2026-06-23T10:00:00Z,27.6,48,0
6401307.102,2026-06-23T11:00:00Z,27.7,48,0
6401307.102,2026-06-23T12:00:00Z,26.1,63,0.9
6401307.102,2026-06-23T13:00:00Z,23.9,75,1.1
6401307.102,2026-06-23T14:00:00Z,25.7,66,0.1
6401307.102,2026-06-23T15:00:00Z,25.5,63,0
6401307.102,2026-06-23T16:00:00Z,24.2,67,0
6401307.102,2026-06-23T17:00:00Z,21.9,83,0.2
6401307.102,2026-06-23T18:00:00Z,20.0,96,0
6401307.102,2026-06-23T19:00:00Z,19.9,96,0
6401307.102,2026-06-23T20:00:00Z,19.4,97,0
6401307.102,2026-06-23T21:00:00Z,19.1,97,0
6401307.102,2026-06-23T22:00:00Z,18.9,97,0
6401307.102,2026-06-23T23:00:00Z,18.7,98,0
6401307.102,2026-06-24T00:00:00Z,18.1,99,0
6401307.102,2026-06-24T01:00:00Z,17.9,99,0
6401307.102,2026-06-24T02:00:00Z,17.8,100,0
6401307.102,2026-06-24T03:00:00Z,18.3,99,0
6401307.102,2026-06-24T04:00:00Z,18.7,98,0
6401307.102,2026-06-24T05:00:00Z,20.4,90,0.1
6401307.102,2026-06-24T06:00:00Z,22.5,82,0
6401307.102,2026-06-24T07:00:00Z,24.2,75,0
6401307.102,2026-06-24T08:00:00Z,25.8,68,0
6401307.102,2026-06-24T09:00:00Z,26.8,62,0
6401307.102,2026-06-24T10:00:00Z,27.5,57,0.1
6401307.102,2026-06-24T11:00:00Z,28.0,53,0
6401307.102,2026-06-24T12:00:00Z,26.2,62,0
6401307.102,2026-06-24T13:00:00Z,28.1,42,0.2
6401307.102,2026-06-24T14:00:00Z,28.2,40,0
6401307.102,2026-06-24T15:00:00Z,27.7,41,0
6401307.102,2026-06-24T16:00:00Z,26.6,49,0
6401307.102,2026-06-24T17:00:00Z,24.9,58,0
6401307.102,2026-06-24T18:00:00Z,23.5,58,0
6401307.102,2026-06-24T19:00:00Z,22.4,61,0
6401307.102,2026-06-24T20:00:00Z,21.4,65,0
6401307.102,2026-06-24T21:00:00Z,20.6,68,0
6401307.102,2026-06-24T22:00:00Z,20.0,69,0
6401307.102,2026-06-24T23:00:00Z,19.5,70,0
6401307.102,2026-06-25T00:00:00Z,17.9,75,0
6401307.102,2026-06-25T01:00:00Z,17.0,79,0
6401307.102,2026-06-25T02:00:00Z,16.3,83,0
6401307.102,2026-06-25T03:00:00Z,16.6,82,0
6401307.102,2026-06-25T04:00:00Z,18.5,76,0
6401307.102,2026-06-25T05:00:00Z,20.7,70,0
6401307.102,2026-06-25T06:00:00Z,22.9,62,0
6401307.102,2026-06-25T07:00:00Z,24.8,56,0
6401307.102,2026-06-25T08:00:00Z,26.5,48,0
6401307.102,2026-06-25T09:00:00Z,27.6,40,0
6401307.102,2026-06-25T10:00:00Z,28.2,37,0
6401307.102,2026-06-25T11:00:00Z,28.2,38,0
6401307.102,2026-06-25T12:00:00Z,28.7,36,0
6401307.102,2026-06-25T13:00:00Z,28.4,37,0
6401307.102,2026-06-25T14:00:00Z,28.3,38,0
6401307.102,2026-06-25T15:00:00Z,27.9,40,0
6401307.102,2026-06-25T16:00:00Z,27.0,47,0
6401307.102,2026-06-25T17:00:00Z,25.6,63,0
6401307.102,2026-06-25T18:00:00Z,23.7,56,0
6401307.102,2026-06-25T19:00:00Z,22.5,59,0
6401307.102,2026-06-25T20:00:00Z,21.4,66,0
6401307.102,2026-06-25T21:00:00Z,20.6,68,0
6401307.102,2026-06-25T22:00:00Z,19.6,71,0
6401307.102,2026-06-25T23:00:00Z,19.0,74,0
6401307.102,2026-06-26T00:00:00Z,17.9,80,0
6401307.102,2026-06-26T01:00:00Z,17.3,83,0
6401307.102,2026-06-26T02:00:00Z,16.9,85,0
6401307.102,2026-06-26T03:00:00Z,17.3,84,0
6401307.102,2026-06-26T04:00:00Z,19.1,80,0
6401307.102,2026-06-26T05:00:00Z,21.3,74,0
6401307.102,2026-06-26T06:00:00Z,23.4,67,0
6401307.102,2026-06-26T07:00:00Z,25.4,59,0
6401307.102,2026-06-26T08:00:00Z,26.8,52,0
6401307.102,2026-06-26T09:00:00Z,27.4,46,0
6401307.102,2026-06-26T10:00:00Z,28.2,42,0
6401307.102,2026-06-26T11:00:00Z,28.5,41,0.2
6401307.102,2026-06-26T12:00:00Z,29.1,39,0.2
6401307.102,2026-06-26T13:00:00Z,28.5,42,0.2
6401307.102,2026-06-26T14:00:00Z,28.6,41,0.1
6401307.102,2026-06-26T15:00:00Z,27.5,46,0.1
6401307.102,2026-06-26T16:00:00Z,24.4,69,0.2
6401307.102,2026-06-26T17:00:00Z,24.2,73,0
6401307.102,2026-06-26T18:00:00Z,23.4,73,0
6401307.102,2026-06-26T19:00:00Z,22.2,74,0
6401307.102,2026-06-26T20:00:00Z,21.1,76,0
6401307.102,2026-06-26T21:00:00Z,20.0,81,0
6401307.102,2026-06-26T22:00:00Z,19.3,84,0
6401307.102,2026-06-26T23:00:00Z,18.5,86,0
6401307.102,2026-06-27T00:00:00Z,17.2,94,0
6401307.102,2026-06-27T01:00:00Z,16.4,94,0
6401307.102,2026-06-27T02:00:00Z,15.8,95,0
6401307.102,2026-06-27T03:00:00Z,16.1,95,0
6401307.102,2026-06-27T04:00:00Z,17.6,92,0
6401307.102,2026-06-27T05:00:00Z,19.9,77,0
6401307.102,2026-06-27T06:00:00Z,22.1,65,0
6401307.102,2026-06-27T07:00:00Z,23.9,57,0
6401307.102,2026-06-27T08:00:00Z,25.2,48,0
6401307.102,2026-06-27T09:00:00Z,26.1,46,0
6401307.102,2026-06-27T10:00:00Z,26.7,44,0
6401307.102,2026-06-27T11:00:00Z,27.3,43,0
6401307.102,2026-06-27T12:00:00Z,28.5,37,0
6401307.102,2026-06-27T13:00:00Z,28.3,37,0
6401307.102,2026-06-27T14:00:00Z,28.1,38,0
6401307.102,2026-06-27T15:00:00Z,27.4,40,0
6401307.102,2026-06-27T16:00:00Z,27.1,45,0
6401307.102,2026-06-27T17:00:00Z,25.4,60,0
6401307.102,2026-06-27T18:00:00Z,23.4,61,0
6401307.102,2026-06-27T19:00:00Z,22.9,55,0
6401307.102,2026-06-27T20:00:00Z,22.3,58,0
6401307.102,2026-06-27T21:00:00Z,21.6,62,0
6401307.102,2026-06-27T22:00:00Z,21.1,64,0
6401307.102,2026-06-27T23:00:00Z,20.6,66,0
6401307.102,2026-06-28T00:00:00Z,19.4,73,0
6401307.102,2026-06-28T01:00:00Z,19.1,74,0
6401307.102,2026-06-28T02:00:00Z,18.9,75,0
6401307.102,2026-06-28T03:00:00Z,19.2,75,0
6401307.102,2026-06-28T04:00:00Z,20.7,73,0
6401307.102,2026-06-28T05:00:00Z,22.5,71,0
6401307.102,2026-06-28T06:00:00Z,24.7,65,0
6401307.102,2026-06-28T07:00:00Z,26.9,59,0
6401307.102,2026-06-28T08:00:00Z,28.7,53,0
6401307.102,2026-06-28T09:00:00Z,30.0,47,0
6401307.102,2026-06-28T10:00:00Z,30.9,44,0
6401307.102,2026-06-28T11:00:00Z,31.7,41,0
6401307.102,2026-06-28T12:00:00Z,32.2,40,0
6401307.102,2026-06-28T13:00:00Z,32.3,40,0
6401307.102,2026-06-28T14:00:00Z,32.1,41,0
6401307.102,2026-06-28T15:00:00Z,31.6,44,0
6401307.102,2026-06-28T16:00:00Z,30.6,52,0
6401307.102,2026-06-28T17:00:00Z,29.0,61,0
6401307.102,2026-06-28T18:00:00Z,27.4,57,0
6401307.102,2026-06-28T19:00:00Z,26.0,63,0
6401307.102,2026-06-28T20:00:00Z,24.6,69,0
6401307.102,2026-06-28T21:00:00Z,23.8,72,0
6401307.102,2026-06-28T22:00:00Z,23.2,74,0
6401307.102,2026-06-28T23:00:00Z,22.6,75,0
6401307.102,2026-06-29T00:00:00Z,20.5,85,0
6401307.102,2026-06-29T01:00:00Z,20.2,85,0
6401307.102,2026-06-29T02:00:00Z,19.5,87,0
6401307.102,2026-06-29T03:00:00Z,19.8,87,0
6401307.102,2026-06-29T04:00:00Z,21.9,83,0
6401307.102,2026-06-29T05:00:00Z,24.3,75,0
6401307.102,2026-06-29T06:00:00Z,26.5,68,0
6401307.102,2026-06-29T07:00:00Z,28.6,61,0
6401307.102,2026-06-29T08:00:00Z,30.4,55,0
6401307.102,2026-06-29T09:00:00Z,31.7,50,0
6401307.102,2026-06-29T10:00:00Z,32.6,46,0
6401307.102,2026-06-29T11:00:00Z,33.3,43,0
6401307.102,2026-06-29T12:00:00Z,34.0,40,0
6401307.102,2026-06-29T13:00:00Z,33.9,41,0
6401307.102,2026-06-29T14:00:00Z,33.9,40,0
6401307.102,2026-06-29T15:00:00Z,33.5,41,0
6401307.102,2026-06-29T16:00:00Z,32.3,50,0
6401307.102,2026-06-29T17:00:00Z,30.5,58,0
6401307.102,2026-06-29T18:00:00Z,28.8,59,0
6401307.102,2026-06-29T19:00:00Z,27.6,65,0
6401307.102,2026-06-29T20:00:00Z,26.7,70,0
6401307.102,2026-06-29T21:00:00Z,25.6,77,0
6401307.102,2026-06-29T22:00:00Z,24.4,82,0
6401307.102,2026-06-29T23:00:00Z,24.1,81,0
6401307.102,2026-06-30T00:00:00Z,23.1,83,0
6401307.102,2026-06-30T01:00:00Z,22.3,85,0
6401307.102,2026-06-30T02:00:00Z,22.2,82,0
6401307.102,2026-06-30T03:00:00Z,22.4,81,0
6401307.102,2026-06-30T04:00:00Z,23.5,80,0
6401307.102,2026-06-30T05:00:00Z,25.7,75,0
6401307.102,2026-06-30T06:00:00Z,27.4,68,0
6401307.102,2026-06-30T07:00:00Z,29.6,61,0
6401307.102,2026-06-30T08:00:00Z,31.6,56,0
6401307.102,2026-06-30T09:00:00Z,33.0,52,0
6401307.102,2026-06-30T10:00:00Z,33.0,51,0.2
6401307.102,2026-06-30T11:00:00Z,33.7,45,0
6401307.102,2026-06-30T12:00:00Z,34.6,38,0
6401307.102,2026-06-30T13:00:00Z,34.1,39,0
6401307.102,2026-06-30T14:00:00Z,33.3,42,0
6401307.102,2026-06-30T15:00:00Z,32.5,45,0
6401307.102,2026-06-30T16:00:00Z,31.6,48,0
6401307.102,2026-06-30T17:00:00Z,30.1,52,0
6401307.102,2026-06-30T18:00:00Z,29.1,52,0
6401307.102,2026-06-30T19:00:00Z,28.1,55,0
6401307.102,2026-06-30T20:00:00Z,26.6,61,0
6401307.102,2026-06-30T21:00:00Z,25.5,66,0
6401307.102,2026-06-30T22:00:00Z,24.5,70,0
6401307.102,2026-06-30T23:00:00Z,23.5,74,0
6401307.102,2026-07-01T00:00:00Z,22.5,75,0
6401307.102,2026-07-01T01:00:00Z,21.8,76,0
6401307.102,2026-07-01T02:00:00Z,21.0,79,0
6401307.102,2026-07-01T03:00:00Z,21.0,80,0
6401307.102,2026-07-01T04:00:00Z,22.5,77,0
6401307.102,2026-07-01T05:00:00Z,24.1,71,0
6401307.102,2026-07-01T06:00:00Z,25.7,66,0
6401307.102,2026-07-01T07:00:00Z,27.3,58,0
6401307.102,2026-07-01T08:00:00Z,28.4,52,0
6401307.102,2026-07-01T09:00:00Z,29.3,50,0
6401307.102,2026-07-01T10:00:00Z,30.1,49,0
6401307.102,2026-07-01T11:00:00Z,30.7,47,0
6401307.102,2026-07-01T12:00:00Z,31.4,39,0
6401307.102,2026-07-01T13:00:00Z,31.5,39,0
6401307.102,2026-07-01T14:00:00Z,31.5,39,0
6401307.102,2026-07-01T15:00:00Z,31.3,40,0
6401307.102,2026-07-01T16:00:00Z,30.6,47,0
6401307.102,2026-07-01T17:00:00Z,29.1,55,0
6401307.102,2026-07-01T18:00:00Z,27.6,46,0
6401307.102,2026-07-01T19:00:00Z,26.4,45,0
6401307.102,2026-07-01T20:00:00Z,25.3,49,0
6401307.102,2026-07-01T21:00:00Z,24.5,53,0
6401307.102,2026-07-01T22:00:00Z,23.4,60,0
6401307.102,2026-07-01T23:00:00Z,22.6,66,0
6401307.102,2026-07-02T00:00:00Z,22.3,67,0
6401307.102,2026-07-02T01:00:00Z,21.7,68,0
6401307.102,2026-07-02T02:00:00Z,20.9,71,0
6401307.102,2026-07-02T03:00:00Z,20.9,73,0
6401307.102,2026-07-02T04:00:00Z,22.3,72,0
6401307.102,2026-07-02T05:00:00Z,24.2,67,0
6401307.102,2026-07-02T06:00:00Z,26.0,62,0
6401307.102,2026-07-02T07:00:00Z,27.8,58,0
6401307.102,2026-07-02T08:00:00Z,29.4,52,0
6401307.102,2026-07-02T09:00:00Z,29.9,44,0
6401307.102,2026-07-02T10:00:00Z,30.4,42,0.1
6401307.102,2026-07-02T11:00:00Z,30.6,41,0.1
6401307.102,2026-07-02T12:00:00Z,31.6,37,0
6401307.102,2026-07-02T13:00:00Z,31.3,37,0
6401307.102,2026-07-02T14:00:00Z,31.3,37,0
6401307.102,2026-07-02T15:00:00Z,30.8,38,0
6401307.102,2026-07-02T16:00:00Z,29.9,44,0
6401307.102,2026-07-02T17:00:00Z,28.7,58,0
6401307.102,2026-07-02T18:00:00Z,26.9,55,0
6401307.102,2026-07-02T19:00:00Z,25.6,53,0
6401307.102,2026-07-02T20:00:00Z,24.5,59,0
6401307.102,2026-07-02T21:00:00Z,23.6,66,0
6401307.102,2026-07-02T22:00:00Z,23.0,67,0
6401307.102,2026-07-02T23:00:00Z,22.7,66,0
6401307.102,2026-07-03T00:00:00Z,21.6,68,0
6401307.102,2026-07-03T01:00:00Z,20.7,75,0
6401307.102,2026-07-03T02:00:00Z,20.4,79,0
6401307.102,2026-07-03T03:00:00Z,20.6,82,0
6401307.102,2026-07-03T04:00:00Z,21.8,81,0
6401307.102,2026-07-03T05:00:00Z,23.3,77,0
6401307.102,2026-07-03T06:00:00Z,24.6,72,0
6401307.102,2026-07-03T07:00:00Z,25.8,67,0
6401307.102,2026-07-03T08:00:00Z,27.0,62,0
6401307.102,2026-07-03T09:00:00Z,28.0,58,0
6401307.102,2026-07-03T10:00:00Z,28.2,55,0
6401307.102,2026-07-03T11:00:00Z,28.2,55,0
6401307.102,2026-07-03T12:00:00Z,28.3,52,0.4
6401307.102,2026-07-03T13:00:00Z,28.3,54,0
6401307.102,2026-07-03T14:00:00Z,27.2,58,0
6401307.102,2026-07-03T15:00:00Z,25.8,65,0
6401307.102,2026-07-03T16:00:00Z,24.5,72,0.6
6401307.102,2026-07-03T17:00:00Z,23.4,74,0
6401307.102,2026-07-03T18:00:00Z,23.3,72,0
6401307.102,2026-07-03T19:00:00Z,22.2,74,0
6401307.102,2026-07-03T20:00:00Z,21.6,68,0
6401307.102,2026-07-03T21:00:00Z,20.7,62,0
6401307.102,2026-07-03T22:00:00Z,20.3,61,0
6401307.102,2026-07-03T23:00:00Z,19.0,73,0
6401307.102,2026-07-04T00:00:00Z,17.9,83,0
6401307.102,2026-07-04T01:00:00Z,17.7,90,0
6401307.102,2026-07-04T02:00:00Z,17.8,89,0
6401307.102,2026-07-04T03:00:00Z,17.6,85,0
6401307.102,2026-07-04T04:00:00Z,18.2,81,0
6401307.102,2026-07-04T05:00:00Z,19.4,72,0
6401307.102,2026-07-04T06:00:00Z,20.4,61,0
6401307.102,2026-07-04T07:00:00Z,21.4,54,0
6401307.102,2026-07-04T08:00:00Z,22.3,47,0
6401307.102,2026-07-04T09:00:00Z,22.9,43,0
6401307.102,2026-07-04T10:00:00Z,23.3,40,0
6401307.102,2026-07-04T11:00:00Z,23.3,36,0
6401307.102,2026-07-04T12:00:00Z,23.9,36,0
6401307.102,2026-07-04T13:00:00Z,23.6,35,0
6401307.102,2026-07-04T14:00:00Z,23.5,34,0
6401307.102,2026-07-04T15:00:00Z,22.3,37,0
6401307.102,2026-07-04T16:00:00Z,21.8,39,0
6401307.102,2026-07-04T17:00:00Z,20.7,44,0
6401307.102,2026-07-04T18:00:00Z,19.7,46,0
6401307.102,2026-07-04T19:00:00Z,18.8,49,0
6401307.102,2026-07-04T20:00:00Z,17.9,53,0
6401307.102,2026-07-04T21:00:00Z,17.1,57,0
6401307.102,2026-07-04T22:00:00Z,16.5,60,0
6401307.102,2026-07-04T23:00:00Z,16.0,62,0
6401307.102,2026-07-05T00:00:00Z,14.7,66,0
6401307.102,2026-07-05T01:00:00Z,14.4,68,0
6401307.102,2026-07-05T02:00:00Z,14.0,71,0
6401307.102,2026-07-05T03:00:00Z,14.1,73,0
6401307.102,2026-07-05T04:00:00Z,15.4,72,0
6401307.102,2026-07-05T05:00:00Z,16.9,66,0
6401307.102,2026-07-05T06:00:00Z,18.6,62,0
6401307.102,2026-07-05T07:00:00Z,19.7,56,0.1
6401307.102,2026-07-05T08:00:00Z,20.5,53,0.1
6401307.102,2026-07-05T09:00:00Z,21.6,46,0.1
6401307.102,2026-07-05T10:00:00Z,22.4,42,0.1
6401307.102,2026-07-05T11:00:00Z,22.9,40,0
6401307.102,2026-07-05T12:00:00Z,23.6,40,0
6401307.102,2026-07-05T13:00:00Z,23.5,40,0
6401307.102,2026-07-05T14:00:00Z,23.7,38,0
6401307.102,2026-07-05T15:00:00Z,23.5,36,0
6401307.102,2026-07-05T16:00:00Z,23.1,38,0
6401307.102,2026-07-05T17:00:00Z,21.8,46,0
6401307.102,2026-07-05T18:00:00Z,19.7,52,0
6401307.102,2026-07-05T19:00:00Z,18.8,56,0
6401307.102,2026-07-05T20:00:00Z,18.4,58,0
6401307.102,2026-07-05T21:00:00Z,17.8,60,0
6401307.102,2026-07-05T22:00:00Z,17.2,64,0
6401307.102,2026-07-05T23:00:00Z,16.4,70,0
6401307.102,2026-07-06T00:00:00Z,16.1,67,0
6401307.102,2026-07-06T01:00:00Z,15.1,73,0
6401307.102,2026-07-06T02:00:00Z,14.6,76,0
6401307.102,2026-07-06T03:00:00Z,14.8,78,0
6401307.102,2026-07-06T04:00:00Z,16.7,74,0
6401307.102,2026-07-06T05:00:00Z,18.4,69,0
6401307.102,2026-07-06T06:00:00Z,20.8,60,0
6401307.102,2026-07-06T07:00:00Z,21.6,57,0.1
6401307.102,2026-07-06T08:00:00Z,22.0,57,0
6401307.102,2026-07-06T09:00:00Z,23.1,50,0
6401307.102,2026-07-06T10:00:00Z,23.4,48,0.1
6401307.102,2026-07-06T11:00:00Z,24.2,42,0
6401307.102,2026-07-06T12:00:00Z,25.1,35,0
6401307.102,2026-07-06T13:00:00Z,25.1,33,0
6401307.102,2026-07-06T14:00:00Z,25.0,33,0
6401307.102,2026-07-06T15:00:00Z,24.7,33,0
6401307.102,2026-07-06T16:00:00Z,23.9,34,0
6401307.102,2026-07-06T17:00:00Z,22.4,39,0
6401307.102,2026-07-06T18:00:00Z,20.3,43,0
6401307.102,2026-07-06T19:00:00Z,19.2,45,0
6401307.102,2026-07-06T20:00:00Z,18.7,46,0
6401307.102,2026-07-06T21:00:00Z,18.5,46,0
6401307.102,2026-07-06T22:00:00Z,18.2,47,0
6401307.102,2026-07-06T23:00:00Z,17.4,50,0
6401307.102,2026-07-07T00:00:00Z,16.0,64,0
6401307.102,2026-07-07T01:00:00Z,14.9,66,0
6401307.102,2026-07-07T02:00:00Z,14.7,65,0
6401307.102,2026-07-07T03:00:00Z,15.8,65,0
6401307.102,2026-07-07T04:00:00Z,18.1,63,0
6401307.102,2026-07-07T05:00:00Z,20.7,57,0
6401307.102,2026-07-07T06:00:00Z,22.7,50,0
6401307.102,2026-07-07T07:00:00Z,24.5,40,0
6401307.102,2026-07-07T08:00:00Z,25.5,38,0
6401307.102,2026-07-07T09:00:00Z,26.4,37,0
6401307.102,2026-07-07T10:00:00Z,26.7,36,0
6401307.102,2026-07-07T11:00:00Z,27.4,34,0.1
6401307.102,2026-07-07T12:00:00Z,27.4,37,0.4
6401307.102,2026-07-07T13:00:00Z,27.4,41,0.1
6401307.102,2026-07-07T14:00:00Z,27.7,40,0
6401307.102,2026-07-07T15:00:00Z,27.2,38,0
6401307.102,2026-07-07T16:00:00Z,26.6,40,0
6401307.102,2026-07-07T17:00:00Z,25.1,46,0
6401307.102,2026-07-07T18:00:00Z,22.7,57,0
6401307.102,2026-07-07T19:00:00Z,22.2,59,0
6401307.102,2026-07-07T20:00:00Z,20.9,65,0
6401307.102,2026-07-07T21:00:00Z,20.4,67,0
6401307.102,2026-07-07T22:00:00Z,19.7,70,0
6401307.102,2026-07-07T23:00:00Z,19.1,72,0
6401307.102,2026-07-08T00:00:00Z,18.1,75,0
6401307.102,2026-07-08T01:00:00Z,17.7,76,0
6401307.102,2026-07-08T02:00:00Z,17.6,76,0
6401307.102,2026-07-08T03:00:00Z,17.8,76,0
6401307.102,2026-07-08T04:00:00Z,19.4,72,0
6401307.102,2026-07-08T05:00:00Z,21.1,67,0
6401307.102,2026-07-08T06:00:00Z,22.4,61,0
6401307.102,2026-07-08T07:00:00Z,24.3,54,0
6401307.102,2026-07-08T08:00:00Z,25.7,48,0
6401307.102,2026-07-08T09:00:00Z,26.2,43,0
6401307.102,2026-07-08T10:00:00Z,20.3,84,1.3
6401307.102,2026-07-08T11:00:00Z,22.9,63,0
6401307.102,2026-07-08T12:00:00Z,21.3,68,0
6401307.102,2026-07-08T13:00:00Z,23.4,60,0.1
6401307.102,2026-07-08T14:00:00Z,18.5,88,1.2
6401307.102,2026-07-08T15:00:00Z,18.4,91,0.4
6401307.102,2026-07-08T16:00:00Z,18.7,91,0
6401307.102,2026-07-08T17:00:00Z,18.5,91,0
6401307.102,2026-07-08T18:00:00Z,17.2,87,0
6401307.102,2026-07-08T19:00:00Z,16.8,87,0
6401307.102,2026-07-08T20:00:00Z,16.9,84,0
6401307.102,2026-07-08T21:00:00Z,15.8,86,0
6401307.102,2026-07-08T22:00:00Z,14.9,89,0
6401307.102,2026-07-08T23:00:00Z,14.5,90,0
6401307.102,2026-07-09T00:00:00Z,13.7,92,0
6401307.102,2026-07-09T01:00:00Z,13.1,95,0
6401307.102,2026-07-09T02:00:00Z,12.6,96,0
6401307.102,2026-07-09T03:00:00Z,12.7,95,0
6401307.102,2026-07-09T04:00:00Z,14.2,88,0
6401307.102,2026-07-09T05:00:00Z,15.9,78,0
6401307.102,2026-07-09T06:00:00Z,17.7,69,0
6401307.102,2026-07-09T07:00:00Z,19.2,61,0
6401307.102,2026-07-09T08:00:00Z,20.6,49,0
6401307.102,2026-07-09T09:00:00Z,21.4,43,0
6401307.102,2026-07-09T10:00:00Z,21.8,42,0
6401307.102,2026-07-09T11:00:00Z,22.1,41,0
6401307.102,2026-07-09T12:00:00Z,22.6,39,0
6401307.102,2026-07-09T13:00:00Z,22.6,39,0
6401307.102,2026-07-09T14:00:00Z,22.6,39,0
6401307.102,2026-07-09T15:00:00Z,22.2,40,0
6401307.102,2026-07-09T16:00:00Z,21.7,42,0
6401307.102,2026-07-09T17:00:00Z,20.2,53,0
6401307.102,2026-07-09T18:00:00Z,18.9,51,0
6401307.102,2026-07-09T19:00:00Z,16.9,63,0
6401307.102,2026-07-09T20:00:00Z,15.9,70,0
6401307.102,2026-07-09T21:00:00Z,15.1,74,0
6401307.102,2026-07-09T22:00:00Z,14.3,78,0
6401307.102,2026-07-09T23:00:00Z,14.4,78,0
6401307.102,2026-07-10T00:00:00Z,14.0,84,0
6401307.102,2026-07-10T01:00:00Z,13.3,89,0
6401307.102,2026-07-10T02:00:00Z,12.5,95,0
6401307.102,2026-07-10T03:00:00Z,12.6,94,0
6401307.102,2026-07-10T04:00:00Z,13.8,88,0
6401307.102,2026-07-10T05:00:00Z,15.5,79,0
6401307.102,2026-07-10T06:00:00Z,16.7,73,0
6401307.102,2026-07-10T07:00:00Z,18.4,63,0
6401307.102,2026-07-10T08:00:00Z,19.8,55,0
6401307.102,2026-07-10T09:00:00Z,20.6,49,0
6401307.102,2026-07-10T10:00:00Z,21.2,45,0
6401307.102,2026-07-10T11:00:00Z,21.5,44,0
6401307.102,2026-07-10T12:00:00Z,22.2,43,0
6401307.102,2026-07-10T13:00:00Z,21.9,46,0
6401307.102,2026-07-10T14:00:00Z,20.8,51,0.4
6401307.102,2026-07-10T15:00:00Z,18.6,68,0.8
6401307.102,2026-07-10T16:00:00Z,18.5,65,0.3
6401307.102,2026-07-10T17:00:00Z,17.0,70,0
6401307.102,2026-07-10T18:00:00Z,16.6,72,0
6401307.102,2026-07-10T19:00:00Z,15.3,77,0
6401307.102,2026-07-10T20:00:00Z,14.3,81,0
6401307.102,2026-07-10T21:00:00Z,13.8,83,0
6401307.102,2026-07-10T22:00:00Z,14.1,82,0
6401307.102,2026-07-10T23:00:00Z,13.6,84,0
6401307.102,2026-07-11T00:00:00Z,12.6,89,0
6401307.102,2026-07-11T01:00:00Z,12.3,90,0
6401307.102,2026-07-11T02:00:00Z,11.8,91,0
6401307.102,2026-07-11T03:00:00Z,12.2,90,0
6401307.102,2026-07-11T04:00:00Z,14.3,82,0
6401307.102,2026-07-11T05:00:00Z,16.7,71,0
6401307.102,2026-07-11T06:00:00Z,18.3,65,0
6401307.102,2026-07-11T07:00:00Z,19.8,60,0
6401307.102,2026-07-11T08:00:00Z,21.3,50,0
6401307.102,2026-07-11T09:00:00Z,22.4,45,0
6401307.102,2026-07-11T10:00:00Z,23.2,42,0
6401307.102,2026-07-11T11:00:00Z,24.0,40,0
6401307.102,2026-07-11T12:00:00Z,24.7,37,0
6401307.102,2026-07-11T13:00:00Z,24.7,36,0
6401307.102,2026-07-11T14:00:00Z,24.7,37,0
6401307.102,2026-07-11T15:00:00Z,23.9,40,0.2
6401307.102,2026-07-11T16:00:00Z,23.1,43,0
6401307.102,2026-07-11T17:00:00Z,21.7,51,0
6401307.102,2026-07-11T18:00:00Z,19.6,59,0
6401307.102,2026-07-11T19:00:00Z,18.5,61,0
6401307.102,2026-07-11T20:00:00Z,17.3,64,0
6401307.102,2026-07-11T21:00:00Z,16.4,69,0
6401307.102,2026-07-11T22:00:00Z,15.8,72,0
6401307.102,2026-07-11T23:00:00Z,15.2,76,0
6401307.102,2026-07-12T00:00:00Z,13.6,84,0
6401307.102,2026-07-12T01:00:00Z,13.2,86,0
6401307.102,2026-07-12T02:00:00Z,12.9,89,0
6401307.102,2026-07-12T03:00:00Z,12.9,89,0
6401307.102,2026-07-12T04:00:00Z,14.4,85,0
6401307.102,2026-07-12T05:00:00Z,16.3,78,0
6401307.102,2026-07-12T06:00:00Z,18.2,71,0
6401307.102,2026-07-12T07:00:00Z,20.1,62,0
6401307.102,2026-07-12T08:00:00Z,21.8,55,0
6401307.102,2026-07-12T09:00:00Z,22.9,48,0
6401307.102,2026-07-12T10:00:00Z,23.6,46,0
6401307.102,2026-07-12T11:00:00Z,24.3,43,0
6401307.102,2026-07-12T12:00:00Z,25.2,38,0
6401307.102,2026-07-12T13:00:00Z,25.2,37,0
6401307.102,2026-07-12T14:00:00Z,25.1,38,0
6401307.102,2026-07-12T15:00:00Z,24.8,39,0
6401307.102,2026-07-12T16:00:00Z,24.1,41,0
6401307.102,2026-07-12T17:00:00Z,22.5,51,0
6401307.102,2026-07-12T18:00:00Z,20.9,55,0
6401307.102,2026-07-12T19:00:00Z,19.9,58,0
6401307.102,2026-07-12T20:00:00Z,18.8,65,0
6401307.102,2026-07-12T21:00:00Z,17.7,69,0
6401307.102,2026-07-12T22:00:00Z,17.9,70,0
6401307.102,2026-07-12T23:00:00Z,17.0,72,0
6401307.102,2026-07-13T00:00:00Z,16.6,74,0
6401307.102,2026-07-13T01:00:00Z,16.1,81,0
6401307.102,2026-07-13T02:00:00Z,15.0,88,0
6401307.102,2026-07-13T03:00:00Z,15.0,88,0
6401307.102,2026-07-13T04:00:00Z,16.6,80,0
6401307.102,2026-07-13T05:00:00Z,18.6,70,0
6401307.102,2026-07-13T06:00:00Z,20.3,67,0
6401307.102,2026-07-13T07:00:00Z,21.3,62,0
6401307.102,2026-07-13T08:00:00Z,22.2,57,0
6401307.102,2026-07-13T09:00:00Z,22.9,53,0
6401307.102,2026-07-13T10:00:00Z,24.2,49,0
6401307.102,2026-07-13T11:00:00Z,25.0,48,0.1
6401307.102,2026-07-13T12:00:00Z,22.4,64,0
6401307.102,2026-07-13T13:00:00Z,23.0,64,0.7
6401307.102,2026-07-13T14:00:00Z,22.5,64,0.3
6401307.102,2026-07-13T15:00:00Z,21.9,60,0.8
6401307.102,2026-07-13T16:00:00Z,22.3,57,0
6401307.102,2026-07-13T17:00:00Z,21.6,60,0
6401307.102,2026-07-13T18:00:00Z,21.0,54,0
6401307.102,2026-07-13T19:00:00Z,20.1,58,0
6401307.102,2026-07-13T20:00:00Z,19.0,63,0
6401307.102,2026-07-13T21:00:00Z,18.1,67,0
6401307.102,2026-07-13T22:00:00Z,17.0,74,0
6401307.102,2026-07-13T23:00:00Z,15.9,80,0
6401307.102,2026-07-14T00:00:00Z,15.3,86,0
6401307.102,2026-07-14T01:00:00Z,15.1,88,0
6401307.102,2026-07-14T02:00:00Z,15.2,88,0
6401307.102,2026-07-14T03:00:00Z,15.5,89,0
6401307.102,2026-07-14T04:00:00Z,17.0,85,0
6401307.102,2026-07-14T05:00:00Z,18.5,82,0
6401307.102,2026-07-14T06:00:00Z,20.0,76,0
6401307.102,2026-07-14T07:00:00Z,21.1,72,0
6401307.102,2026-07-14T08:00:00Z,22.0,71,0.1
6401307.102,2026-07-14T09:00:00Z,22.7,69,0.1
6401307.102,2026-07-14T10:00:00Z,24.2,65,0.1
6401307.102,2026-07-14T11:00:00Z,25.5,62,0.1
6401307.102,2026-07-14T12:00:00Z,20.7,93,0.1
6401307.102,2026-07-14T13:00:00Z,23.2,83,0.2
6401307.102,2026-07-14T14:00:00Z,24.6,74,0
6401307.102,2026-07-14T15:00:00Z,24.6,70,0
6401307.102,2026-07-14T16:00:00Z,24.2,72,0
6401307.102,2026-07-14T17:00:00Z,23.3,78,0
6401307.102,2026-07-14T18:00:00Z,19.7,93,0
6401307.102,2026-07-14T19:00:00Z,19.9,95,0.2
6401307.102,2026-07-14T20:00:00Z,18.8,97,0
6401307.102,2026-07-14T21:00:00Z,18.3,96,0
6401307.102,2026-07-14T22:00:00Z,18.1,95,0
6401307.102,2026-07-14T23:00:00Z,18.0,96,0
6401307.102,2026-07-15T00:00:00Z,18.0,94,0
6401307.102,2026-07-15T01:00:00Z,17.8,95,0
6401307.102,2026-07-15T02:00:00Z,17.6,95,0
6401307.102,2026-07-15T03:00:00Z,17.7,94,0
6401307.102,2026-07-15T04:00:00Z,19.1,89,0
6401307.102,2026-07-15T05:00:00Z,20.8,81,0
6401307.102,2026-07-15T06:00:00Z,22.6,74,0
6401307.102,2026-07-15T07:00:00Z,24.3,68,0
6401307.102,2026-07-15T08:00:00Z,25.8,62,0
6401307.102,2026-07-15T09:00:00Z,26.9,58,0
6401307.102,2026-07-15T10:00:00Z,27.6,55,0.1
6401307.102,2026-07-15T11:00:00Z,28.3,51,0
6401307.102,2026-07-15T12:00:00Z,29.2,43,0
6401307.102,2026-07-15T13:00:00Z,29.1,43,0
6401307.102,2026-07-15T14:00:00Z,28.8,42,0
6401307.102,2026-07-15T15:00:00Z,28.4,43,0
6401307.102,2026-07-15T16:00:00Z,27.7,48,0
6401307.102,2026-07-15T17:00:00Z,26.0,56,0
6401307.102,2026-07-15T18:00:00Z,25.0,55,0
6401307.102,2026-07-15T19:00:00Z,24.0,58,0
6401307.102,2026-07-15T20:00:00Z,22.8,62,0
6401307.102,2026-07-15T21:00:00Z,21.9,67,0
6401307.102,2026-07-15T22:00:00Z,21.2,70,0
6401307.102,2026-07-15T23:00:00Z,20.5,73,0
6401307.102,2026-07-16T00:00:00Z,19.5,78,0
6401307.102,2026-07-16T01:00:00Z,18.9,81,0
6401307.102,2026-07-16T02:00:00Z,18.6,83,0
6401307.102,2026-07-16T03:00:00Z,18.7,83,0
6401307.102,2026-07-16T04:00:00Z,20.0,80,0
6401307.102,2026-07-16T05:00:00Z,22.1,73,0
6401307.102,2026-07-16T06:00:00Z,24.4,64,0
6401307.102,2026-07-16T07:00:00Z,26.5,56,0
6401307.102,2026-07-16T08:00:00Z,28.0,45,0
6401307.102,2026-07-16T09:00:00Z,28.8,41,0
6401307.102,2026-07-16T10:00:00Z,29.3,39,0
6401307.102,2026-07-16T11:00:00Z,29.8,38,0
6401307.102,2026-07-16T12:00:00Z,30.6,34,0
6401307.102,2026-07-16T13:00:00Z,30.4,33,0
6401307.102,2026-07-16T14:00:00Z,30.0,33,0
6401307.102,2026-07-16T15:00:00Z,29.5,34,0
6401307.102,2026-07-16T16:00:00Z,28.7,38,0
6401307.102,2026-07-16T17:00:00Z,26.8,48,0
6401307.102,2026-07-16T18:00:00Z,25.0,52,0
6401307.102,2026-07-16T19:00:00Z,24.1,53,0
6401307.102,2026-07-16T20:00:00Z,23.0,57,0
6401307.102,2026-07-16T21:00:00Z,22.1,62,0
6401307.102,2026-07-16T22:00:00Z,21.2,64,0
6401307.102,2026-07-16T23:00:00Z,20.4,66,0
6401307.102,2026-07-17T00:00:00Z,18.9,76,0
6401307.102,2026-07-17T01:00:00Z,18.4,80,0
6401307.102,2026-07-17T02:00:00Z,18.4,80,0
6401307.102,2026-07-17T03:00:00Z,18.1,82,0
6401307.102,2026-07-17T04:00:00Z,19.8,76,0
6401307.102,2026-07-17T05:00:00Z,21.9,69,0
6401307.102,2026-07-17T06:00:00Z,24.4,60,0
6401307.102,2026-07-17T07:00:00Z,26.1,55,0
6401307.102,2026-07-17T08:00:00Z,27.4,46,0
6401307.102,2026-07-17T09:00:00Z,28.3,41,0
6401307.102,2026-07-17T10:00:00Z,29.1,37,0
6401307.102,2026-07-17T11:00:00Z,29.9,33,0
6401307.102,2026-07-17T12:00:00Z,30.2,34,0
6401307.102,2026-07-17T13:00:00Z,29.8,33,0
6401307.102,2026-07-17T14:00:00Z,28.9,35,0
6401307.102,2026-07-17T15:00:00Z,29.0,35,0
6401307.102,2026-07-17T16:00:00Z,27.9,40,0
6401307.102,2026-07-17T17:00:00Z,26.5,48,0
6401307.102,2026-07-17T18:00:00Z,24.4,55,0
6401307.102,2026-07-17T19:00:00Z,23.5,56,0
6401307.102,2026-07-17T20:00:00Z,23.2,53,0
6401307.102,2026-07-17T21:00:00Z,22.8,50,0
6401307.102,2026-07-17T22:00:00Z,21.8,52,0
6401307.102,2026-07-17T23:00:00Z,21.0,56,0
6401307.102,2026-07-18T00:00:00Z,19.8,63,0
6401307.102,2026-07-18T01:00:00Z,19.1,66,0
6401307.102,2026-07-18T02:00:00Z,18.6,68,0
6401307.102,2026-07-18T03:00:00Z,18.2,68,0
6401307.102,2026-07-18T04:00:00Z,19.2,64,0
6401307.102,2026-07-18T05:00:00Z,20.7,57,0
6401307.102,2026-07-18T06:00:00Z,22.7,53,0
6401307.102,2026-07-18T07:00:00Z,24.7,50,0
6401307.102,2026-07-18T08:00:00Z,26.6,46,0
6401307.102,2026-07-18T09:00:00Z,28.2,43,0
6401307.102,2026-07-18T10:00:00Z,29.4,38,0
6401307.102,2026-07-18T11:00:00Z,30.4,34,0
6401307.102,2026-07-18T12:00:00Z,30.6,34,0
6401307.102,2026-07-18T13:00:00Z,30.8,33,0
6401307.102,2026-07-18T14:00:00Z,31.1,31,0
6401307.102,2026-07-18T15:00:00Z,30.7,32,0
6401307.102,2026-07-18T16:00:00Z,29.2,38,0
6401307.102,2026-07-18T17:00:00Z,27.5,45,0
6401307.102,2026-07-18T18:00:00Z,26.3,53,0
6401307.102,2026-07-18T19:00:00Z,25.1,59,0
6401307.102,2026-07-18T20:00:00Z,24.1,64,0
6401307.102,2026-07-18T21:00:00Z,23.1,71,0
6401307.102,2026-07-18T22:00:00Z,22.2,76,0
6401307.102,2026-07-18T23:00:00Z,21.6,79,0
6401307.102,2026-07-19T00:00:00Z,20.6,84,0
6401307.102,2026-07-19T01:00:00Z,20.3,85,0
6401307.102,2026-07-19T02:00:00Z,20.0,85,0
6401307.102,2026-07-19T03:00:00Z,19.9,86,0
6401307.102,2026-07-19T04:00:00Z,21.1,81,0
6401307.102,2026-07-19T05:00:00Z,22.9,74,0
6401307.102,2026-07-19T06:00:00Z,24.7,67,0
6401307.102,2026-07-19T07:00:00Z,26.3,58,0
6401307.102,2026-07-19T08:00:00Z,27.1,55,0
6401307.102,2026-07-19T09:00:00Z,28.6,53,0
6401307.102,2026-07-19T10:00:00Z,30.0,49,0
6401307.102,2026-07-19T11:00:00Z,31.0,47,0
6401307.102,2026-07-19T12:00:00Z,31.0,47,0
6401307.102,2026-07-19T13:00:00Z,32.3,42,0
6401307.102,2026-07-19T14:00:00Z,27.4,63,1.2
6401307.102,2026-07-19T15:00:00Z,27.9,57,0.3
6401307.102,2026-07-19T16:00:00Z,22.8,96,2.4
6401307.102,2026-07-19T17:00:00Z,22.8,96,0.7
6401307.102,2026-07-19T18:00:00Z,22.3,93,0
6401307.102,2026-07-19T19:00:00Z,21.6,94,0
6401307.102,2026-07-19T20:00:00Z,21.4,93,0
6401307.102,2026-07-19T21:00:00Z,21.2,93,0
6401307.102,2026-07-19T22:00:00Z,21.4,93,0
6401307.102,2026-07-19T23:00:00Z,21.2,93,0
6401307.102,2026-07-20T00:00:00Z,20.3,99,0
6401307.102,2026-07-20T01:00:00Z,19.7,98,0
6401307.102,2026-07-20T02:00:00Z,19.2,98,0
6401307.102,2026-07-20T03:00:00Z,19.0,98,0
6401307.102,2026-07-20T04:00:00Z,20.2,97,0
6401307.102,2026-07-20T05:00:00Z,21.6,93,0
6401307.102,2026-07-20T06:00:00Z,22.8,86,0
6401307.102,2026-07-20T07:00:00Z,24.5,76,0
6401307.102,2026-07-20T08:00:00Z,25.7,71,0
6401307.102,2026-07-20T09:00:00Z,26.8,66,0
6401307.102,2026-07-20T10:00:00Z,27.6,62,0
6401307.102,2026-07-20T11:00:00Z,28.3,59,0
6401307.102,2026-07-20T12:00:00Z,27.9,58,0
6401307.102,2026-07-20T13:00:00Z,23.4,92,1.6
6401307.102,2026-07-20T14:00:00Z,25.9,76,0.1
6401307.102,2026-07-20T15:00:00Z,26.1,58,0.1
6401307.102,2026-07-20T16:00:00Z,25.8,61,0
6401307.102,2026-07-20T17:00:00Z,24.4,68,0
6401307.102,2026-07-20T18:00:00Z,23.6,68,0
6401307.102,2026-07-20T19:00:00Z,22.6,72,0
6401307.102,2026-07-20T20:00:00Z,21.5,75,0
6401307.102,2026-07-20T21:00:00Z,20.7,78,0
6401307.102,2026-07-20T22:00:00Z,20.1,82,0.1
6401307.102,2026-07-20T23:00:00Z,19.6,83,0
6401307.102,2026-07-21T00:00:00Z,18.6,95,0
6401307.102,2026-07-21T01:00:00Z,18.6,94,0
6401307.102,2026-07-21T02:00:00Z,17.9,94,0
6401307.102,2026-07-21T03:00:00Z,17.5,94,0
6401307.102,2026-07-21T04:00:00Z,18.0,92,0
6401307.102,2026-07-21T05:00:00Z,18.6,88,0
6401307.102,2026-07-21T06:00:00Z,19.1,84,0
6401307.102,2026-07-21T07:00:00Z,21.4,70,0
6401307.102,2026-07-21T08:00:00Z,23.2,59,0
6401307.102,2026-07-21T09:00:00Z,24.4,50,0
6401307.102,2026-07-21T10:00:00Z,25.2,46,0
6401307.102,2026-07-21T11:00:00Z,25.8,44,0
6401307.102,2026-07-21T12:00:00Z,26.5,37,0
6401307.102,2026-07-21T13:00:00Z,26.5,38,0
6401307.102,2026-07-21T14:00:00Z,26.0,40,0
6401307.102,2026-07-21T15:00:00Z,25.6,42,0
6401307.102,2026-07-21T16:00:00Z,25.0,52,0
6401307.102,2026-07-21T17:00:00Z,23.4,59,0
6401307.102,2026-07-21T18:00:00Z,22.4,51,0
6401307.102,2026-07-21T19:00:00Z,21.1,50,0
6401307.102,2026-07-21T20:00:00Z,19.5,58,0
6401307.102,2026-07-21T21:00:00Z,19.1,63,0
6401307.102,2026-07-21T22:00:00Z,18.6,68,0
6401307.102,2026-07-21T23:00:00Z,18.5,68,0
6401307.102,2026-07-22T00:00:00Z,16.9,84,0
6401307.102,2026-07-22T01:00:00Z,15.9,88,0
6401307.102,2026-07-22T02:00:00Z,15.0,91,0
6401307.102,2026-07-22T03:00:00Z,14.9,91,0
6401307.102,2026-07-22T04:00:00Z,16.5,84,0
6401307.102,2026-07-22T05:00:00Z,18.0,74,0
6401307.102,2026-07-22T06:00:00Z,19.7,65,0
6401307.102,2026-07-22T07:00:00Z,21.1,58,0
6401307.102,2026-07-22T08:00:00Z,22.3,54,0
6401307.102,2026-07-22T09:00:00Z,23.2,51,0
6401307.102,2026-07-22T10:00:00Z,23.3,50,0
6401307.102,2026-07-22T11:00:00Z,23.2,50,0
6401307.102,2026-07-22T12:00:00Z,23.0,49,0
6401307.102,2026-07-22T13:00:00Z,22.4,51,0
6401307.102,2026-07-22T14:00:00Z,22.0,53,0
6401307.102,2026-07-22T15:00:00Z,21.6,55,0
6401307.102,2026-07-22T16:00:00Z,20.8,60,0
6401307.102,2026-07-22T17:00:00Z,19.6,66,0.1
6401307.102,2026-07-22T18:00:00Z,18.8,71,0.5
6401307.102,2026-07-22T19:00:00Z,17.3,84,0.6
6401307.102,2026-07-22T20:00:00Z,16.7,92,0.6
6401307.102,2026-07-22T21:00:00Z,16.6,94,0.7
6401307.102,2026-07-22T22:00:00Z,16.4,95,0.9
6401307.102,2026-07-22T23:00:00Z,16.2,95,0.6
6401307.102,2026-07-23T00:00:00Z,15.3,93,0.5
6401307.102,2026-07-23T01:00:00Z,14.9,92,0.9
6401307.102,2026-07-23T02:00:00Z,14.7,93,0.4
6401307.102,2026-07-23T03:00:00Z,14.5,93,0.1
6401307.102,2026-07-23T04:00:00Z,15.1,94,0
6401307.102,2026-07-23T05:00:00Z,16.2,89,0
6401307.102,2026-07-23T06:00:00Z,17.7,76,0
6401307.102,2026-07-23T07:00:00Z,19.2,60,0
6401307.102,2026-07-23T08:00:00Z,20.6,49,0
6401307.102,2026-07-23T09:00:00Z,22.0,43,0
6401307.102,2026-07-23T10:00:00Z,22.8,39,0
6401307.102,2026-07-23T11:00:00Z,23.3,37,0
6401307.102,2026-07-23T12:00:00Z,23.8,35,0
6401307.102,2026-07-23T13:00:00Z,23.6,34,0
6401307.102,2026-07-23T14:00:00Z,23.1,37,0
6401307.102,2026-07-23T15:00:00Z,22.2,44,0
6401307.102,2026-07-23T16:00:00Z,21.4,49,0
6401307.102,2026-07-23T17:00:00Z,19.9,54,0
6401307.102,2026-07-23T18:00:00Z,19.7,53,0
6401307.102,2026-07-23T19:00:00Z,18.7,56,0
6401307.102,2026-07-23T20:00:00Z,18.3,60,0
6401307.102,2026-07-23T21:00:00Z,17.3,63,0
6401307.102,2026-07-23T22:00:00Z,16.2,68,0
6401307.102,2026-07-23T23:00:00Z,15.3,73,0
6401307.102,2026-07-24T00:00:00Z,15.5,70,0
6401307.102,2026-07-24T01:00:00Z,15.0,71,0
6401307.102,2026-07-24T02:00:00Z,14.7,73,0
6401307.102,2026-07-24T03:00:00Z,14.0,77,0
6401307.102,2026-07-24T04:00:00Z,15.5,73,0
6401307.102,2026-07-24T05:00:00Z,18.2,69,0
6401307.102,2026-07-24T06:00:00Z,19.7,62,0
6401307.102,2026-07-24T07:00:00Z,21.3,56,0
6401307.102,2026-07-24T08:00:00Z,22.6,49,0
6401307.102,2026-07-24T09:00:00Z,21.5,48,0.2
6401307.102,2026-07-24T10:00:00Z,20.9,57,0.6
6401307.102,2026-07-24T11:00:00Z,23.0,45,0
6401307.102,2026-07-24T12:00:00Z,23.0,48,0
6401307.102,2026-07-24T13:00:00Z,23.1,47,0
6401307.102,2026-07-24T14:00:00Z,22.7,47,0.1
6401307.102,2026-07-24T15:00:00Z,21.8,51,0.1
6401307.102,2026-07-24T16:00:00Z,20.5,61,0
6401307.102,2026-07-24T17:00:00Z,19.2,71,0
6401307.102,2026-07-24T18:00:00Z,18.3,76,0
6401307.102,2026-07-24T19:00:00Z,17.6,80,0
6401307.102,2026-07-24T20:00:00Z,16.8,82,0
6401307.102,2026-07-24T21:00:00Z,16.4,80,0
6401307.102,2026-07-24T22:00:00Z,15.8,81,0
6401307.102,2026-07-24T23:00:00Z,15.1,85,0
6401307.102,2026-07-25T00:00:00Z,14.2,85,0
6401307.102,2026-07-25T01:00:00Z,13.7,88,0
6401307.102,2026-07-25T02:00:00Z,13.3,89,0
6401307.102,2026-07-25T03:00:00Z,13.3,88,0
6401307.102,2026-07-25T04:00:00Z,14.4,84,0
6401307.102,2026-07-25T05:00:00Z,16.4,76,0
6401307.102,2026-07-25T06:00:00Z,18.5,69,0
6401307.102,2026-07-25T07:00:00Z,20.2,63,0
6401307.102,2026-07-25T08:00:00Z,21.8,55,0
6401307.102,2026-07-25T09:00:00Z,23.0,51,0
6401307.102,2026-07-25T10:00:00Z,23.7,48,0
6401307.102,2026-07-25T11:00:00Z,24.2,46,0.1
6401307.102,2026-07-25T12:00:00Z,21.3,69,0
6401307.102,2026-07-25T13:00:00Z,21.4,60,0.3
6401307.102,2026-07-25T14:00:00Z,21.3,64,0.1
6401307.102,2026-07-25T15:00:00Z,22.4,53,0
6401307.102,2026-07-25T16:00:00Z,22.1,51,0
6401307.102,2026-07-25T17:00:00Z,20.5,59,0
6401307.102,2026-07-25T18:00:00Z,19.3,59,0
6401307.102,2026-07-25T19:00:00Z,18.5,63,0
6401307.102,2026-07-25T20:00:00Z,17.5,70,0
6401307.102,2026-07-25T21:00:00Z,16.8,74,0
6401307.102,2026-07-25T22:00:00Z,16.1,78,0
6401307.102,2026-07-25T23:00:00Z,15.4,81,0
6401307.102,2026-07-26T00:00:00Z,14.3,85,0
6401307.102,2026-07-26T01:00:00Z,13.9,87,0
6401307.102,2026-07-26T02:00:00Z,13.3,91,0
6401307.102,2026-07-26T03:00:00Z,13.0,93,0
6401307.102,2026-07-26T04:00:00Z,14.5,87,0
6401307.102,2026-07-26T05:00:00Z,16.7,80,0
6401307.102,2026-07-26T06:00:00Z,19.3,72,0
6401307.102,2026-07-26T07:00:00Z,21.4,63,0
6401307.102,2026-07-26T08:00:00Z,23.1,55,0
6401307.102,2026-07-26T09:00:00Z,24.2,46,0
6401307.102,2026-07-26T10:00:00Z,24.8,43,0
6401307.102,2026-07-26T11:00:00Z,25.2,42,0
6401307.102,2026-07-26T12:00:00Z,26.1,38,0
6401307.102,2026-07-26T13:00:00Z,26.2,39,0
6401307.102,2026-07-26T14:00:00Z,26.2,38,0
6401307.102,2026-07-26T15:00:00Z,26.0,37,0
6401307.102,2026-07-26T16:00:00Z,25.3,45,0
6401307.102,2026-07-26T17:00:00Z,24.2,56,0
6401307.102,2026-07-26T18:00:00Z,22.4,50,0
6401307.102,2026-07-26T19:00:00Z,20.9,52,0
6401307.102,2026-07-26T20:00:00Z,20.5,53,0
6401307.102,2026-07-26T21:00:00Z,18.9,64,0
6401307.102,2026-07-26T22:00:00Z,18.6,65,0
6401307.102,2026-07-26T23:00:00Z,18.5,64,0
6401307.102,2026-07-27T00:00:00Z,17.2,72,0
6401307.102,2026-07-27T01:00:00Z,17.0,73,0
6401307.102,2026-07-27T02:00:00Z,16.6,75,0
6401307.102,2026-07-27T03:00:00Z,16.1,78,0
6401307.102,2026-07-27T04:00:00Z,17.8,72,0
6401307.102,2026-07-27T05:00:00Z,19.6,68,0
6401307.102,2026-07-27T06:00:00Z,21.7,61,0
6401307.102,2026-07-27T07:00:00Z,23.6,55,0
6401307.102,2026-07-27T08:00:00Z,25.4,50,0
6401307.102,2026-07-27T09:00:00Z,26.8,44,0
6401307.102,2026-07-27T10:00:00Z,27.6,40,0
6401307.102,2026-07-27T11:00:00Z,27.2,41,0
6401307.102,2026-07-27T12:00:00Z,28.7,36,0
6401307.102,2026-07-27T13:00:00Z,28.8,36,0
6401307.102,2026-07-27T14:00:00Z,27.9,39,0.4
6401307.102,2026-07-27T15:00:00Z,28.4,36,0
6401307.102,2026-07-27T16:00:00Z,28.0,36,0
6401307.102,2026-07-27T17:00:00Z,26.2,43,0
6401307.102,2026-07-27T18:00:00Z,24.4,58,0
6401307.102,2026-07-27T19:00:00Z,22.1,66,0
6401307.102,2026-07-27T20:00:00Z,20.0,87,0.8
6401307.102,2026-07-27T21:00:00Z,19.4,87,0.1
6401307.102,2026-07-27T22:00:00Z,18.7,92,0.3
6401307.102,2026-07-27T23:00:00Z,18.4,95,0.5
6401307.102,2026-07-28T00:00:00Z,17.5,95,0.1
6401307.102,2026-07-28T01:00:00Z,16.9,95,0
6401307.102,2026-07-28T02:00:00Z,16.6,96,0
6401307.102,2026-07-28T03:00:00Z,16.3,96,0
6401307.102,2026-07-28T04:00:00Z,16.9,94,0
6401307.102,2026-07-28T05:00:00Z,18.2,85,0
6401307.102,2026-07-28T06:00:00Z,18.8,76,0
6401307.102,2026-07-28T07:00:00Z,20.2,67,0
6401307.102,2026-07-28T08:00:00Z,21.2,60,0
6401307.102,2026-07-28T09:00:00Z,21.9,53,0.1
6401307.102,2026-07-28T10:00:00Z,23.0,44,0
6401307.102,2026-07-28T11:00:00Z,23.8,37,0
6401307.102,2026-07-28T12:00:00Z,24.2,35,0
6401307.102,2026-07-28T13:00:00Z,24.0,36,0
6401307.102,2026-07-28T14:00:00Z,23.5,38,0
6401307.102,2026-07-28T15:00:00Z,23.4,38,0
6401307.102,2026-07-28T16:00:00Z,22.6,41,0
6401307.102,2026-07-28T17:00:00Z,21.2,45,0
6401307.102,2026-07-28T18:00:00Z,20.2,48,0
6401307.102,2026-07-28T19:00:00Z,19.2,51,0
6401307.102,2026-07-28T20:00:00Z,18.3,56,0
6401307.102,2026-07-28T21:00:00Z,17.5,60,0
6401307.102,2026-07-28T22:00:00Z,16.8,63,0
6401307.102,2026-07-28T23:00:00Z,16.0,67,0
6401307.102,2026-07-29T00:00:00Z,14.9,73,0
6401307.102,2026-07-29T01:00:00Z,14.5,76,0
6401307.102,2026-07-29T02:00:00Z,14.0,79,0
6401307.102,2026-07-29T03:00:00Z,13.7,82,0
6401307.102,2026-07-29T04:00:00Z,14.9,79,0
6401307.102,2026-07-29T05:00:00Z,16.8,70,0
6401307.102,2026-07-29T06:00:00Z,18.8,62,0
6401307.102,2026-07-29T07:00:00Z,20.6,53,0
6401307.102,2026-07-29T08:00:00Z,22.0,47,0
6401307.102,2026-07-29T09:00:00Z,23.0,40,0
6401307.102,2026-07-29T10:00:00Z,23.7,38,0
6401307.102,2026-07-29T11:00:00Z,24.3,37,0
6401307.102,2026-07-29T12:00:00Z,25.4,34,0
6401307.102,2026-07-29T13:00:00Z,25.5,34,0
6401307.102,2026-07-29T14:00:00Z,25.4,34,0
6401307.102,2026-07-29T15:00:00Z,24.9,35,0
6401307.102,2026-07-29T16:00:00Z,24.1,39,0
6401307.102,2026-07-29T17:00:00Z,22.2,46,0
6401307.102,2026-07-29T18:00:00Z,20.7,46,0
6401307.102,2026-07-29T19:00:00Z,19.9,49,0
6401307.102,2026-07-29T20:00:00Z,18.8,54,0
6401307.102,2026-07-29T21:00:00Z,17.8,60,0
6401307.102,2026-07-29T22:00:00Z,16.9,64,0
6401307.102,2026-07-29T23:00:00Z,16.1,66,0
6401307.102,2026-07-30T00:00:00Z,14.6,74,0
6401307.102,2026-07-30T01:00:00Z,14.1,77,0
6401307.102,2026-07-30T02:00:00Z,13.6,78,0
6401307.102,2026-07-30T03:00:00Z,13.5,78,0
6401307.102,2026-07-30T04:00:00Z,15.4,72,0
6401307.102,2026-07-30T05:00:00Z,18.2,64,0
6401307.102,2026-07-30T06:00:00Z,20.5,56,0
6401307.102,2026-07-30T07:00:00Z,22.8,47,0
6401307.102,2026-07-30T08:00:00Z,24.4,41,0
6401307.102,2026-07-30T09:00:00Z,25.3,39,0
6401307.102,2026-07-30T10:00:00Z,26.3,37,0
6401307.102,2026-07-30T11:00:00Z,27.3,35,0
6401307.102,2026-07-30T12:00:00Z,28.0,34,0
6401307.102,2026-07-30T13:00:00Z,27.8,34,0
6401307.102,2026-07-30T14:00:00Z,27.6,36,0
6401307.102,2026-07-30T15:00:00Z,27.2,36,0
6401307.102,2026-07-30T16:00:00Z,26.7,41,0
6401307.102,2026-07-30T17:00:00Z,24.7,52,0
6401307.102,2026-07-30T18:00:00Z,23.0,51,0
6401307.102,2026-07-30T19:00:00Z,21.7,57,0
6401307.102,2026-07-30T20:00:00Z,20.5,64,0
6401307.102,2026-07-30T21:00:00Z,19.9,67,0
6401307.102,2026-07-30T22:00:00Z,19.5,69,0
6401307.102,2026-07-30T23:00:00Z,19.0,70,0
6401307.102,2026-07-31T00:00:00Z,16.6,81,0
6401307.102,2026-07-31T01:00:00Z,15.7,85,0
6401307.102,2026-07-31T02:00:00Z,15.2,87,0
6401307.102,2026-07-31T03:00:00Z,15.0,88,0
6401307.102,2026-07-31T04:00:00Z,16.9,81,0
6401307.102,2026-07-31T05:00:00Z,20.1,70,0
6401307.102,2026-07-31T06:00:00Z,22.6,61,0
6401307.102,2026-07-31T07:00:00Z,24.5,55,0
6401307.102,2026-07-31T08:00:00Z,26.2,49,0
6401307.102,2026-07-31T09:00:00Z,27.4,44,0
6401307.102,2026-07-31T10:00:00Z,28.4,41,0
6401307.102,2026-07-31T11:00:00Z,29.0,38,0
6401307.102,2026-07-31T12:00:00Z,29.7,37,0
6401307.102,2026-07-31T13:00:00Z,29.9,37,0
6401307.102,2026-07-31T14:00:00Z,29.5,38,0
6401307.102,2026-07-31T15:00:00Z,29.1,39,0
6401307.102,2026-07-31T16:00:00Z,28.5,43,0
6401307.102,2026-07-31T17:00:00Z,26.5,49,0
6401307.102,2026-07-31T18:00:00Z,24.9,52,0
6401307.102,2026-07-31T19:00:00Z,24.0,54,0
6401307.102,2026-07-31T20:00:00Z,22.9,61,0
6401307.102,2026-07-31T21:00:00Z,21.9,66,0
6401307.102,2026-07-31T22:00:00Z,21.5,67,0
6401307.102,2026-07-31T23:00:00Z,20.4,73,0
6401307.102,2026-08-01T00:00:00Z,18.9,79,0
6401307.102,2026-08-01T01:00:00Z,18.2,81,0
6401307.102,2026-08-01T02:00:00Z,17.8,84,0
6401307.102,2026-08-01T03:00:00Z,17.5,86,0
6401307.102,2026-08-01T04:00:00Z,18.9,81,0
6401307.102,2026-08-01T05:00:00Z,21.5,72,0
6401307.102,2026-08-01T06:00:00Z,23.5,63,0
6401307.102,2026-08-01T07:00:00Z,26.0,55,0
6401307.102,2026-08-01T08:00:00Z,28.2,45,0
6401307.102,2026-08-01T09:00:00Z,29.6,38,0
6401307.102,2026-08-01T10:00:00Z,30.5,34,0
6401307.102,2026-08-01T11:00:00Z,31.1,32,0
6401307.102,2026-08-01T12:00:00Z,32.4,28,0
6401307.102,2026-08-01T13:00:00Z,32.6,28,0
6401307.102,2026-08-01T14:00:00Z,32.6,28,0
6401307.102,2026-08-01T15:00:00Z,32.3,28,0
6401307.102,2026-08-01T16:00:00Z,31.1,40,0
6401307.102,2026-08-01T17:00:00Z,28.7,53,0
6401307.102,2026-08-01T18:00:00Z,25.9,54,0
6401307.102,2026-08-01T19:00:00Z,24.6,50,0
6401307.102,2026-08-01T20:00:00Z,23.7,49,0
6401307.102,2026-08-01T21:00:00Z,23.2,49,0
6401307.102,2026-08-01T22:00:00Z,22.2,51,0
6401307.102,2026-08-01T23:00:00Z,20.6,59,0
6401307.102,2026-08-02T00:00:00Z,18.7,72,0
6401307.102,2026-08-02T01:00:00Z,18.3,75,0
6401307.102,2026-08-02T02:00:00Z,18.0,78,0
6401307.102,2026-08-02T03:00:00Z,17.7,82,0
6401307.102,2026-08-02T04:00:00Z,19.6,76,0
6401307.102,2026-08-02T05:00:00Z,22.4,66,0
6401307.102,2026-08-02T06:00:00Z,24.9,56,0
6401307.102,2026-08-02T07:00:00Z,27.4,47,0
6401307.102,2026-08-02T08:00:00Z,29.0,41,0
6401307.102,2026-08-02T09:00:00Z,30.3,35,0
6401307.102,2026-08-02T10:00:00Z,31.1,32,0
6401307.102,2026-08-02T11:00:00Z,31.7,30,0
6401307.102,2026-08-02T12:00:00Z,32.6,28,0
6401307.102,2026-08-02T13:00:00Z,32.7,27,0
6401307.102,2026-08-02T14:00:00Z,32.7,26,0
6401307.102,2026-08-02T15:00:00Z,32.6,26,0
6401307.102,2026-08-02T16:00:00Z,31.5,36,0
6401307.102,2026-08-02T17:00:00Z,28.7,44,0
6401307.102,2026-08-02T18:00:00Z,26.1,46,0
6401307.102,2026-08-02T19:00:00Z,24.7,54,0
6401307.102,2026-08-02T20:00:00Z,23.7,60,0
6401307.102,2026-08-02T21:00:00Z,23.0,61,0
6401307.102,2026-08-02T22:00:00Z,22.3,60,0
6401307.102,2026-08-02T23:00:00Z,21.6,60,0
6401307.102,2026-08-03T00:00:00Z,19.9,62,0
6401307.102,2026-08-03T01:00:00Z,19.4,64,0
6401307.102,2026-08-03T02:00:00Z,19.0,66,0
6401307.102,2026-08-03T03:00:00Z,18.7,70,0
6401307.102,2026-08-03T04:00:00Z,20.4,68,0
6401307.102,2026-08-03T05:00:00Z,22.8,60,0
6401307.102,2026-08-03T06:00:00Z,24.8,53,0
6401307.102,2026-08-03T07:00:00Z,27.5,46,0
6401307.102,2026-08-03T08:00:00Z,29.7,37,0
6401307.102,2026-08-03T09:00:00Z,31.0,30,0
6401307.102,2026-08-03T10:00:00Z,31.8,28,0
6401307.102,2026-08-03T11:00:00Z,32.3,26,0
6401307.102,2026-08-03T12:00:00Z,33.1,23,0
6401307.102,2026-08-03T13:00:00Z,33.0,23,0
6401307.102,2026-08-03T14:00:00Z,32.8,22,0
6401307.102,2026-08-03T15:00:00Z,32.3,23,0
6401307.102,2026-08-03T16:00:00Z,31.1,28,0
6401307.102,2026-08-03T17:00:00Z,28.5,37,0
6401307.102,2026-08-03T18:00:00Z,27.2,37,0
6401307.102,2026-08-03T19:00:00Z,25.7,40,0
6401307.102,2026-08-03T20:00:00Z,24.2,45,0
6401307.102,2026-08-03T21:00:00Z,23.5,48,0
6401307.102,2026-08-03T22:00:00Z,22.8,52,0
6401307.102,2026-08-03T23:00:00Z,21.9,56,0
6401307.102,2026-08-04T00:00:00Z,20.2,64,0
6401307.102,2026-08-04T01:00:00Z,19.1,68,0
6401307.102,2026-08-04T02:00:00Z,18.4,71,0
6401307.102,2026-08-04T03:00:00Z,18.0,74,0
6401307.102,2026-08-04T04:00:00Z,19.8,69,0
6401307.102,2026-08-04T05:00:00Z,22.5,62,0
6401307.102,2026-08-04T06:00:00Z,24.8,53,0
6401307.102,2026-08-04T07:00:00Z,27.6,46,0
6401307.102,2026-08-04T08:00:00Z,30.1,39,0
6401307.102,2026-08-04T09:00:00Z,31.8,33,0
6401307.102,2026-08-04T10:00:00Z,32.8,30,0
6401307.102,2026-08-04T11:00:00Z,33.3,28,0
6401307.102,2026-08-04T12:00:00Z,34.2,23,0
6401307.102,2026-08-04T13:00:00Z,34.1,22,0
6401307.102,2026-08-04T14:00:00Z,34.0,21,0
6401307.102,2026-08-04T15:00:00Z,33.5,21,0
6401307.102,2026-08-04T16:00:00Z,32.0,27,0
6401307.102,2026-08-04T17:00:00Z,29.3,37,0
6401307.102,2026-08-04T18:00:00Z,28.5,29,0
6401307.102,2026-08-04T19:00:00Z,26.7,36,0
6401307.102,2026-08-04T20:00:00Z,25.3,40,0
6401307.102,2026-08-04T21:00:00Z,24.5,45,0
6401307.102,2026-08-04T22:00:00Z,23.8,46,0
6401307.102,2026-08-04T23:00:00Z,23.4,48,0
6401307.102,2026-08-05T00:00:00Z,22.0,57,0
6401307.102,2026-08-05T01:00:00Z,21.3,61,0
6401307.102,2026-08-05T02:00:00Z,21.2,62,0
6401307.102,2026-08-05T03:00:00Z,20.9,63,0
6401307.102,2026-08-05T04:00:00Z,22.0,62,0
6401307.102,2026-08-05T05:00:00Z,24.4,56,0
6401307.102,2026-08-05T06:00:00Z,26.7,49,0
6401307.102,2026-08-05T07:00:00Z,29.2,43,0
6401307.102,2026-08-05T08:00:00Z,31.4,37,0
6401307.102,2026-08-05T09:00:00Z,32.9,32,0
6401307.102,2026-08-05T10:00:00Z,33.6,31,0
6401307.102,2026-08-05T11:00:00Z,34.1,31,0
6401307.102,2026-08-05T12:00:00Z,35.1,28,0
6401307.102,2026-08-05T13:00:00Z,35.0,29,0
6401307.102,2026-08-05T14:00:00Z,34.5,31,0.1
6401307.102,2026-08-05T15:00:00Z,33.7,32,0.1
6401307.102,2026-08-05T16:00:00Z,32.9,39,0
6401307.102,2026-08-05T17:00:00Z,30.8,44,0
6401307.102,2026-08-05T18:00:00Z,28.8,49,0
6401307.102,2026-08-05T19:00:00Z,28.1,52,0
6401307.102,2026-08-05T20:00:00Z,27.3,53,0
6401307.102,2026-08-05T21:00:00Z,26.4,56,0
6401307.102,2026-08-05T22:00:00Z,25.7,59,0
6401307.102,2026-08-05T23:00:00Z,24.7,63,0
6401307.102,2026-08-06T00:00:00Z,23.0,71,0
6401307.102,2026-08-06T01:00:00Z,22.7,72,0
6401307.102,2026-08-06T02:00:00Z,22.4,73,0
6401307.102,2026-08-06T03:00:00Z,21.7,75,0
6401307.102,2026-08-06T04:00:00Z,23.1,72,0
6401307.102,2026-08-06T05:00:00Z,25.8,64,0
6401307.102,2026-08-06T06:00:00Z,27.9,58,0
6401307.102,2026-08-06T07:00:00Z,30.3,48,0
6401307.102,2026-08-06T08:00:00Z,32.1,41,0
6401307.102,2026-08-06T09:00:00Z,30.8,47,0.1
6401307.102,2026-08-06T10:00:00Z,32.0,42,0.2
6401307.102,2026-08-06T11:00:00Z,32.4,42,0.2
6401307.102,2026-08-06T12:00:00Z,34.6,30,0.1
6401307.102,2026-08-06T13:00:00Z,34.8,30,0
6401307.102,2026-08-06T14:00:00Z,33.0,36,0.1
6401307.102,2026-08-06T15:00:00Z,32.7,35,0.1
6401307.102,2026-08-06T16:00:00Z,29.9,51,0.2
6401307.102,2026-08-06T17:00:00Z,28.1,60,0
6401307.102,2026-08-06T18:00:00Z,27.4,52,0
6401307.102,2026-08-06T19:00:00Z,26.0,59,0
6401307.102,2026-08-06T20:00:00Z,25.1,63,0
6401307.102,2026-08-06T21:00:00Z,24.4,66,0
6401307.102,2026-08-06T22:00:00Z,23.7,70,0
6401307.102,2026-08-06T23:00:00Z,22.9,75,0
6401307.102,2026-08-07T00:00:00Z,22.1,80,0
6401307.102,2026-08-07T01:00:00Z,21.7,80,0
6401307.102,2026-08-07T02:00:00Z,21.6,78,0
6401307.102,2026-08-07T03:00:00Z,21.3,78,0
6401307.102,2026-08-07T04:00:00Z,22.8,73,0
6401307.102,2026-08-07T05:00:00Z,25.0,64,0
6401307.102,2026-08-07T06:00:00Z,26.1,62,0
6401307.102,2026-08-07T07:00:00Z,27.9,58,0
6401307.102,2026-08-07T08:00:00Z,29.8,53,0
6401307.102,2026-08-07T09:00:00Z,31.3,49,0
6401307.102,2026-08-07T10:00:00Z,32.4,45,0
6401307.102,2026-08-07T11:00:00Z,31.9,41,0.1
6401307.102,2026-08-07T12:00:00Z,33.1,33,0.1
6401307.102,2026-08-07T13:00:00Z,34.0,30,0
6401307.102,2026-08-07T14:00:00Z,33.9,30,0
6401307.102,2026-08-07T15:00:00Z,32.8,35,0.2
6401307.102,2026-08-07T16:00:00Z,30.5,44,0.3
6401307.102,2026-08-07T17:00:00Z,28.7,49,0.1
6401307.102,2026-08-07T18:00:00Z,27.8,55,0
6401307.102,2026-08-07T19:00:00Z,27.0,54,0
6401307.102,2026-08-07T20:00:00Z,25.9,58,0
6401307.102,2026-08-07T21:00:00Z,25.2,62,0
6401307.102,2026-08-07T22:00:00Z,24.5,63,0
6401307.102,2026-08-07T23:00:00Z,23.5,68,0
6401307.102,2026-08-08T00:00:00Z,22.0,79,0
6401307.102,2026-08-08T01:00:00Z,21.4,83,0
6401307.102,2026-08-08T02:00:00Z,20.8,87,0
6401307.102,2026-08-08T03:00:00Z,20.4,89,0
6401307.102,2026-08-08T04:00:00Z,21.0,85,0
6401307.102,2026-08-08T05:00:00Z,22.3,79,0
6401307.102,2026-08-08T06:00:00Z,23.1,75,0
6401307.102,2026-08-08T07:00:00Z,24.7,70,0
6401307.102,2026-08-08T08:00:00Z,25.6,67,0
6401307.102,2026-08-08T09:00:00Z,26.3,64,0
6401307.102,2026-08-08T10:00:00Z,27.3,59,0
6401307.102,2026-08-08T11:00:00Z,27.0,60,0
6401307.102,2026-08-08T12:00:00Z,27.4,57,0
6401307.102,2026-08-08T13:00:00Z,26.6,59,0
6401307.102,2026-08-08T14:00:00Z,25.8,60,0
6401307.102,2026-08-08T15:00:00Z,24.5,62,0
6401307.102,2026-08-08T16:00:00Z,23.4,66,0
6401307.102,2026-08-08T17:00:00Z,23.0,69,0
6401307.102,2026-08-08T18:00:00Z,21.9,72,0
6401307.102,2026-08-08T19:00:00Z,21.3,72,0
6401307.102,2026-08-08T20:00:00Z,20.7,73,0
6401307.102,2026-08-08T21:00:00Z,20.2,73,0
6401307.102,2026-08-08T22:00:00Z,19.8,73,0
6401307.102,2026-08-08T23:00:00Z,19.4,72,0
6401307.102,2026-08-09T00:00:00Z,18.0,72,0
6401307.102,2026-08-09T01:00:00Z,17.9,70,0
6401307.102,2026-08-09T02:00:00Z,17.7,69,0
6401307.102,2026-08-09T03:00:00Z,17.5,70,0
6401307.102,2026-08-09T04:00:00Z,18.0,68,0
6401307.102,2026-08-09T05:00:00Z,19.0,65,0
6401307.102,2026-08-09T06:00:00Z,20.5,59,0
6401307.102,2026-08-09T07:00:00Z,21.9,51,0
6401307.102,2026-08-09T08:00:00Z,23.0,44,0
6401307.102,2026-08-09T09:00:00Z,23.8,40,0
6401307.102,2026-08-09T10:00:00Z,24.5,38,0
6401307.102,2026-08-09T11:00:00Z,25.0,37,0
6401307.102,2026-08-09T12:00:00Z,25.8,35,0
6401307.102,2026-08-09T13:00:00Z,25.7,34,0
6401307.102,2026-08-09T14:00:00Z,25.5,35,0
6401307.102,2026-08-09T15:00:00Z,25.0,37,0
6401307.102,2026-08-09T16:00:00Z,24.2,41,0
6401307.102,2026-08-09T17:00:00Z,22.7,46,0
6401307.102,2026-08-09T18:00:00Z,20.9,51,0
6401307.102,2026-08-09T19:00:00Z,19.9,55,0
6401307.102,2026-08-09T20:00:00Z,19.0,58,0
6401307.102,2026-08-09T21:00:00Z,18.4,60,0
6401307.102,2026-08-09T22:00:00Z,17.7,63,0
6401307.102,2026-08-09T23:00:00Z,16.6,69,0
6401307.102,2026-08-10T00:00:00Z,15.2,77,0
6401307.102,2026-08-10T01:00:00Z,14.4,80,0
6401307.102,2026-08-10T02:00:00Z,13.8,83,0
6401307.102,2026-08-10T03:00:00Z,13.3,85,0
6401307.102,2026-08-10T04:00:00Z,14.7,80,0
6401307.102,2026-08-10T05:00:00Z,17.2,70,0
6401307.102,2026-08-10T06:00:00Z,19.8,61,0
6401307.102,2026-08-10T07:00:00Z,22.1,54,0
6401307.102,2026-08-10T08:00:00Z,23.8,48,0
6401307.102,2026-08-10T09:00:00Z,25.0,45,0
6401307.102,2026-08-10T10:00:00Z,26.1,43,0
6401307.102,2026-08-10T11:00:00Z,26.9,40,0
6401307.102,2026-08-10T12:00:00Z,28.2,38,0
6401307.102,2026-08-10T13:00:00Z,28.4,37,0
6401307.102,2026-08-10T14:00:00Z,28.3,36,0
6401307.102,2026-08-10T15:00:00Z,28.0,36,0
6401307.102,2026-08-10T16:00:00Z,27.1,41,0
6401307.102,2026-08-10T17:00:00Z,24.6,48,0
6401307.102,2026-08-10T18:00:00Z,22.7,50,0
6401307.102,2026-08-10T19:00:00Z,21.5,51,0
6401307.102,2026-08-10T20:00:00Z,20.5,53,0
6401307.102,2026-08-10T21:00:00Z,19.5,58,0
6401307.102,2026-08-10T22:00:00Z,18.9,61,0
6401307.102,2026-08-10T23:00:00Z,18.0,65,0
6401307.102,2026-08-11T00:00:00Z,16.4,71,0
6401307.102,2026-08-11T01:00:00Z,15.6,74,0
6401307.102,2026-08-11T02:00:00Z,14.8,76,0
6401307.102,2026-08-11T03:00:00Z,14.2,78,0
6401307.102,2026-08-11T04:00:00Z,15.7,73,0
6401307.102,2026-08-11T05:00:00Z,19.0,62,0
6401307.102,2026-08-11T06:00:00Z,22.0,54,0
6401307.102,2026-08-11T07:00:00Z,24.9,45,0
6401307.102,2026-08-11T08:00:00Z,27.1,37,0
6401307.102,2026-08-11T09:00:00Z,28.7,31,0
6401307.102,2026-08-11T10:00:00Z,29.8,27,0
6401307.102,2026-08-11T11:00:00Z,30.4,27,0
6401307.102,2026-08-11T12:00:00Z,31.8,25,0
6401307.102,2026-08-11T13:00:00Z,31.8,27,0
6401307.102,2026-08-11T14:00:00Z,31.6,29,0
6401307.102,2026-08-11T15:00:00Z,31.1,32,0
6401307.102,2026-08-11T16:00:00Z,30.1,37,0
6401307.102,2026-08-11T17:00:00Z,27.8,44,0
6401307.102,2026-08-11T18:00:00Z,26.4,47,0
6401307.102,2026-08-11T19:00:00Z,25.4,52,0
6401307.102,2026-08-11T20:00:00Z,24.2,56,0
6401307.102,2026-08-11T21:00:00Z,24.5,55,0
6401307.102,2026-08-11T22:00:00Z,23.8,60,0
6401307.102,2026-08-11T23:00:00Z,22.9,64,0
6401307.102,2026-08-12T00:00:00Z,21.9,64,0.6
6401307.102,2026-08-12T01:00:00Z,21.3,64,0
6401307.102,2026-08-12T02:00:00Z,20.5,66,0
6401307.102,2026-08-12T03:00:00Z,19.8,68,0
6401307.102,2026-08-12T04:00:00Z,19.8,69,0
6401307.102,2026-08-12T05:00:00Z,20.4,64,0
6401307.102,2026-08-12T06:00:00Z,20.2,62,0
6401307.102,2026-08-12T07:00:00Z,21.1,58,0
6401307.102,2026-08-12T08:00:00Z,21.6,55,0.1
6401307.102,2026-08-12T09:00:00Z,23.6,45,0
6401307.102,2026-08-12T10:00:00Z,24.8,38,0
6401307.102,2026-08-12T11:00:00Z,25.2,35,0
6401307.102,2026-08-12T12:00:00Z,25.7,31,0
6401307.102,2026-08-12T13:00:00Z,25.6,31,0
6401307.102,2026-08-12T14:00:00Z,25.5,31,0
6401307.102,2026-08-12T15:00:00Z,25.1,32,0
6401307.102,2026-08-12T16:00:00Z,24.3,34,0
6401307.102,2026-08-12T17:00:00Z,22.7,38,0
6401307.102,2026-08-12T18:00:00Z,21.0,41,0
6401307.102,2026-08-12T19:00:00Z,19.8,44,0
6401307.102,2026-08-12T20:00:00Z,18.7,48,0
6401307.102,2026-08-12T21:00:00Z,18.0,50,0
6401307.102,2026-08-12T22:00:00Z,17.2,53,0
6401307.102,2026-08-12T23:00:00Z,16.3,57,0
6401307.102,2026-08-13T00:00:00Z,15.5,61,0
6401307.102,2026-08-13T01:00:00Z,14.9,64,0
6401307.102,2026-08-13T02:00:00Z,14.4,65,0
6401307.102,2026-08-13T03:00:00Z,13.7,68,0
6401307.102,2026-08-13T04:00:00Z,14.6,67,0
6401307.102,2026-08-13T05:00:00Z,16.4,60,0
6401307.102,2026-08-13T06:00:00Z,18.2,54,0
6401307.102,2026-08-13T07:00:00Z,20.3,48,0
6401307.102,2026-08-13T08:00:00Z,22.1,41,0
6401307.102,2026-08-13T09:00:00Z,23.1,35,0
6401307.102,2026-08-13T10:00:00Z,23.8,34,0
6401307.102,2026-08-13T11:00:00Z,24.2,32,0
6401307.102,2026-08-13T12:00:00Z,25.4,30,0
6401307.102,2026-08-13T13:00:00Z,25.3,29,0
6401307.102,2026-08-13T14:00:00Z,25.2,29,0
6401307.102,2026-08-13T15:00:00Z,24.6,29,0
6401307.102,2026-08-13T16:00:00Z,23.8,32,0
6401307.102,2026-08-13T17:00:00Z,21.1,45,0
6401307.102,2026-08-13T18:00:00Z,19.3,47,0
6401307.102,2026-08-13T19:00:00Z,19.3,44,0
6401307.102,2026-08-13T20:00:00Z,18.7,45,0
6401307.102,2026-08-13T21:00:00Z,17.5,51,0
6401307.102,2026-08-13T22:00:00Z,16.9,57,0
6401307.102,2026-08-13T23:00:00Z,16.2,60,0
6401307.102,2026-08-14T00:00:00Z,13.9,69,0
6401307.102,2026-08-14T01:00:00Z,13.4,71,0
6401307.102,2026-08-14T02:00:00Z,13.1,74,0
6401307.102,2026-08-14T03:00:00Z,13.0,74,0
6401307.102,2026-08-14T04:00:00Z,14.0,72,0
6401307.102,2026-08-14T05:00:00Z,16.1,65,0
6401307.102,2026-08-14T06:00:00Z,17.9,58,0
6401307.102,2026-08-14T07:00:00Z,20.1,51,0
6401307.102,2026-08-14T08:00:00Z,22.1,44,0
6401307.102,2026-08-14T09:00:00Z,23.5,38,0
6401307.102,2026-08-14T10:00:00Z,24.6,34,0
6401307.102,2026-08-14T11:00:00Z,24.7,33,0
6401307.102,2026-08-14T12:00:00Z,25.7,30,0
6401307.102,2026-08-14T13:00:00Z,25.6,29,0
6401307.102,2026-08-14T14:00:00Z,25.4,29,0
6401307.102,2026-08-14T15:00:00Z,25.4,28,0
6401307.102,2026-08-14T16:00:00Z,24.2,31,0
6401307.102,2026-08-14T17:00:00Z,21.7,41,0
6401307.102,2026-08-14T18:00:00Z,19.8,47,0
6401307.102,2026-08-14T19:00:00Z,19.1,44,0
6401307.102,2026-08-14T20:00:00Z,18.1,49,0
6401307.102,2026-08-14T21:00:00Z,17.0,52,0
6401307.102,2026-08-14T22:00:00Z,16.2,56,0
6401307.102,2026-08-14T23:00:00Z,15.4,60,0
6401307.102,2026-08-15T00:00:00Z,13.7,67,0
6401307.102,2026-08-15T01:00:00Z,13.4,69,0
6401307.102,2026-08-15T02:00:00Z,13.2,70,0
6401307.102,2026-08-15T03:00:00Z,13.0,72,0
6401307.102,2026-08-15T04:00:00Z,14.1,71,0
6401307.102,2026-08-15T05:00:00Z,16.4,63,0
6401307.102,2026-08-15T06:00:00Z,18.7,54,0
6401307.102,2026-08-15T07:00:00Z,21.0,47,0
6401307.102,2026-08-15T08:00:00Z,23.0,40,0
6401307.102,2026-08-15T09:00:00Z,24.4,35,0
6401307.102,2026-08-15T10:00:00Z,25.1,35,0
6401307.102,2026-08-15T11:00:00Z,25.8,34,0
6401307.102,2026-08-15T12:00:00Z,26.9,31,0
6401307.102,2026-08-15T13:00:00Z,27.5,30,0
6401307.102,2026-08-15T14:00:00Z,27.1,31,0
6401307.102,2026-08-15T15:00:00Z,26.4,32,0
6401307.102,2026-08-15T16:00:00Z,25.3,43,0
6401307.102,2026-08-15T17:00:00Z,23.0,50,0
6401307.102,2026-08-15T18:00:00Z,21.0,52,0
6401307.102,2026-08-15T19:00:00Z,20.0,55,0
6401307.102,2026-08-15T20:00:00Z,19.4,56,0
6401307.102,2026-08-15T21:00:00Z,18.9,60,0
6401307.102,2026-08-15T22:00:00Z,18.1,62,0
6401307.102,2026-08-15T23:00:00Z,17.1,65,0
6401307.102,2026-08-16T00:00:00Z,15.8,65,0
6401307.102,2026-08-16T01:00:00Z,15.4,66,0
6401307.102,2026-08-16T02:00:00Z,14.9,69,0
6401307.102,2026-08-16T03:00:00Z,14.4,72,0
6401307.102,2026-08-16T04:00:00Z,15.3,74,0
6401307.102,2026-08-16T05:00:00Z,18.4,66,0
6401307.102,2026-08-16T06:00:00Z,21.1,55,0
6401307.102,2026-08-16T07:00:00Z,23.8,48,0
6401307.102,2026-08-16T08:00:00Z,26.1,38,0
6401307.102,2026-08-16T09:00:00Z,27.3,32,0
6401307.102,2026-08-16T10:00:00Z,28.1,30,0
6401307.102,2026-08-16T11:00:00Z,28.5,29,0
6401307.102,2026-08-16T12:00:00Z,29.7,27,0
6401307.102,2026-08-16T13:00:00Z,29.6,27,0
6401307.102,2026-08-16T14:00:00Z,29.4,27,0
6401307.102,2026-08-16T15:00:00Z,28.9,29,0
6401307.102,2026-08-16T16:00:00Z,27.3,39,0
6401307.102,2026-08-16T17:00:00Z,24.2,48,0
6401307.102,2026-08-16T18:00:00Z,22.6,48,0
6401307.102,2026-08-16T19:00:00Z,22.0,45,0
6401307.102,2026-08-16T20:00:00Z,21.0,46,0
6401307.102,2026-08-16T21:00:00Z,19.7,50,0
6401307.102,2026-08-16T22:00:00Z,19.4,52,0
6401307.102,2026-08-16T23:00:00Z,19.3,51,0
6401307.102,2026-08-17T00:00:00Z,18.3,56,0
6401307.102,2026-08-17T01:00:00Z,17.8,59,0
6401307.102,2026-08-17T02:00:00Z,17.3,63,0
6401307.102,2026-08-17T03:00:00Z,16.5,68,0
6401307.102,2026-08-17T04:00:00Z,17.5,67,0
6401307.102,2026-08-17T05:00:00Z,20.2,58,0
6401307.102,2026-08-17T06:00:00Z,22.3,51,0
6401307.102,2026-08-17T07:00:00Z,25.1,44,0
6401307.102,2026-08-17T08:00:00Z,27.6,36,0
6401307.102,2026-08-17T09:00:00Z,28.9,29,0
6401307.102,2026-08-17T10:00:00Z,29.7,27,0
6401307.102,2026-08-17T11:00:00Z,30.3,26,0
6401307.102,2026-08-17T12:00:00Z,31.1,23,0
6401307.102,2026-08-17T13:00:00Z,31.0,24,0
6401307.102,2026-08-17T14:00:00Z,30.8,24,0
6401307.102,2026-08-17T15:00:00Z,30.3,25,0
6401307.102,2026-08-17T16:00:00Z,28.7,32,0
6401307.102,2026-08-17T17:00:00Z,26.0,37,0
6401307.102,2026-08-17T18:00:00Z,24.5,39,0
6401307.102,2026-08-17T19:00:00Z,23.8,39,0
6401307.102,2026-08-17T20:00:00Z,22.4,43,0
6401307.102,2026-08-17T21:00:00Z,21.9,47,0
6401307.102,2026-08-17T22:00:00Z,21.7,47,0
6401307.102,2026-08-17T23:00:00Z,20.8,49,0
6401307.102,2026-08-18T00:00:00Z,19.5,54,0
6401307.102,2026-08-18T01:00:00Z,19.4,55,0
6401307.102,2026-08-18T02:00:00Z,19.1,56,0
6401307.102,2026-08-18T03:00:00Z,19.0,57,0
6401307.102,2026-08-18T04:00:00Z,19.4,59,0
6401307.102,2026-08-18T05:00:00Z,20.8,58,0
6401307.102,2026-08-18T06:00:00Z,22.5,54,0
6401307.102,2026-08-18T07:00:00Z,24.8,48,0
6401307.102,2026-08-18T08:00:00Z,27.1,42,0
6401307.102,2026-08-18T09:00:00Z,29.1,36,0
6401307.102,2026-08-18T10:00:00Z,30.5,32,0
6401307.102,2026-08-18T11:00:00Z,29.1,36,0.3
6401307.102,2026-08-18T12:00:00Z,27.8,41,1.6
6401307.102,2026-08-18T13:00:00Z,21.9,72,1.6
6401307.102,2026-08-18T14:00:00Z,21.6,69,0.4
6401307.102,2026-08-18T15:00:00Z,20.0,78,0.5
6401307.102,2026-08-18T16:00:00Z,20.1,75,0.5
6401307.102,2026-08-18T17:00:00Z,19.4,69,0
6401307.102,2026-08-18T18:00:00Z,18.1,73,0
6401307.102,2026-08-18T19:00:00Z,17.0,78,0
6401307.102,2026-08-18T20:00:00Z,16.0,82,0
6401307.102,2026-08-18T21:00:00Z,15.3,84,0
6401307.102,2026-08-18T22:00:00Z,14.8,86,0
6401307.102,2026-08-18T23:00:00Z,14.7,86,0
6401307.102,2026-08-19T00:00:00Z,14.7,84,0
6401307.102,2026-08-19T01:00:00Z,14.5,85,0
6401307.102,2026-08-19T02:00:00Z,14.4,86,0
6401307.102,2026-08-19T03:00:00Z,14.1,87,0
6401307.102,2026-08-19T04:00:00Z,14.6,86,0
6401307.102,2026-08-19T05:00:00Z,16.3,78,0
6401307.102,2026-08-19T06:00:00Z,18.2,68,0
6401307.102,2026-08-19T07:00:00Z,20.1,59,0
6401307.102,2026-08-19T08:00:00Z,21.7,52,0
6401307.102,2026-08-19T09:00:00Z,22.9,48,0
6401307.102,2026-08-19T10:00:00Z,23.3,45,0.1
6401307.102,2026-08-19T11:00:00Z,24.4,40,0.1
6401307.102,2026-08-19T12:00:00Z,25.2,38,0.1
6401307.102,2026-08-19T13:00:00Z,25.3,38,0
6401307.102,2026-08-19T14:00:00Z,25.4,38,0
6401307.102,2026-08-19T15:00:00Z,25.0,39,0
6401307.102,2026-08-19T16:00:00Z,24.0,47,0
6401307.102,2026-08-19T17:00:00Z,21.9,56,0
6401307.102,2026-08-19T18:00:00Z,20.7,55,0
6401307.102,2026-08-19T19:00:00Z,20.4,55,0
6401307.102,2026-08-19T20:00:00Z,19.9,57,0
6401307.102,2026-08-19T21:00:00Z,19.0,60,0
6401307.102,2026-08-19T22:00:00Z,18.1,64,0
6401307.102,2026-08-19T23:00:00Z,17.4,67,0
6401307.102,2026-08-20T00:00:00Z,15.9,75,0
6401307.102,2026-08-20T01:00:00Z,15.4,79,0
6401307.102,2026-08-20T02:00:00Z,14.9,84,0
6401307.102,2026-08-20T03:00:00Z,14.5,88,0
6401307.102,2026-08-20T04:00:00Z,15.5,85,0
6401307.102,2026-08-20T05:00:00Z,18.5,74,0
6401307.102,2026-08-20T06:00:00Z,21.4,63,0
6401307.102,2026-08-20T07:00:00Z,24.5,52,0
6401307.102,2026-08-20T08:00:00Z,27.0,43,0
6401307.102,2026-08-20T09:00:00Z,28.4,37,0
6401307.102,2026-08-20T10:00:00Z,29.5,34,0
6401307.102,2026-08-20T11:00:00Z,30.4,32,0
6401307.102,2026-08-20T12:00:00Z,31.8,28,0
6401307.102,2026-08-20T13:00:00Z,32.0,28,0
6401307.102,2026-08-20T14:00:00Z,31.8,30,0
6401307.102,2026-08-20T15:00:00Z,31.3,31,0
6401307.102,2026-08-20T16:00:00Z,29.7,38,0
6401307.102,2026-08-20T17:00:00Z,27.0,44,0
6401307.102,2026-08-20T18:00:00Z,26.7,42,0
6401307.102,2026-08-20T19:00:00Z,26.4,43,0
6401307.102,2026-08-20T20:00:00Z,24.6,55,0
6401307.102,2026-08-20T21:00:00Z,23.2,61,0
6401307.102,2026-08-20T22:00:00Z,22.2,64,0
6401307.102,2026-08-20T23:00:00Z,21.4,68,0
6401307.102,2026-08-21T00:00:00Z,20.4,76,0
6401307.102,2026-08-21T01:00:00Z,20.1,79,0
6401307.102,2026-08-21T02:00:00Z,19.8,81,0
6401307.102,2026-08-21T03:00:00Z,19.5,82,0
6401307.102,2026-08-21T04:00:00Z,19.9,79,0
6401307.102,2026-08-21T05:00:00Z,21.6,71,0
6401307.102,2026-08-21T06:00:00Z,23.5,62,0
6401307.102,2026-08-21T07:00:00Z,25.8,54,0
6401307.102,2026-08-21T08:00:00Z,28.0,47,0
6401307.102,2026-08-21T09:00:00Z,30.0,41,0
6401307.102,2026-08-21T10:00:00Z,31.6,36,0
6401307.102,2026-08-21T11:00:00Z,32.6,33,0
6401307.102,2026-08-21T12:00:00Z,33.7,30,0
6401307.102,2026-08-21T13:00:00Z,33.5,31,0
6401307.102,2026-08-21T14:00:00Z,33.0,32,0
6401307.102,2026-08-21T15:00:00Z,32.2,33,0
6401307.102,2026-08-21T16:00:00Z,30.8,38,0
6401307.102,2026-08-21T17:00:00Z,28.5,44,0
6401307.102,2026-08-21T18:00:00Z,27.1,48,0
6401307.102,2026-08-21T19:00:00Z,25.5,54,0
6401307.102,2026-08-21T20:00:00Z,23.9,60,0
6401307.102,2026-08-21T21:00:00Z,22.6,67,0
6401307.102,2026-08-21T22:00:00Z,21.5,72,0
6401307.102,2026-08-21T23:00:00Z,20.5,78,0
6401307.102,2026-08-22T00:00:00Z,18.6,85,0
6401307.102,2026-08-22T01:00:00Z,18.1,89,0
6401307.102,2026-08-22T02:00:00Z,17.5,93,0
6401307.102,2026-08-22T03:00:00Z,17.2,95,0
6401307.102,2026-08-22T04:00:00Z,17.6,94,0
6401307.102,2026-08-22T05:00:00Z,19.3,86,0
6401307.102,2026-08-22T06:00:00Z,21.2,77,0
6401307.102,2026-08-22T07:00:00Z,23.6,65,0
6401307.102,2026-08-22T08:00:00Z,26.0,53,0
6401307.102,2026-08-22T09:00:00Z,27.9,44,0
6401307.102,2026-08-22T10:00:00Z,29.4,39,0
6401307.102,2026-08-22T11:00:00Z,30.5,36,0
6401307.102,2026-08-22T12:00:00Z,32.2,31,0
6401307.102,2026-08-22T13:00:00Z,32.5,30,0
6401307.102,2026-08-22T14:00:00Z,32.5,29,0
6401307.102,2026-08-22T15:00:00Z,32.0,30,0
6401307.102,2026-08-22T16:00:00Z,30.5,36,0
6401307.102,2026-08-22T17:00:00Z,27.2,47,0
6401307.102,2026-08-22T18:00:00Z,26.3,47,0
6401307.102,2026-08-22T19:00:00Z,25.6,49,0
6401307.102,2026-08-22T20:00:00Z,25.1,47,0
6401307.102,2026-08-22T21:00:00Z,25.1,58,0
6401307.102,2026-08-22T22:00:00Z,24.5,66,0
6401307.102,2026-08-22T23:00:00Z,23.8,69,0
6401307.102,2026-08-23T00:00:00Z,22.5,66,0
6401307.102,2026-08-23T01:00:00Z,21.9,64,0
6401307.102,2026-08-23T02:00:00Z,21.4,61,0
6401307.102,2026-08-23T03:00:00Z,20.6,61,0
6401307.102,2026-08-23T04:00:00Z,20.1,61,0
6401307.102,2026-08-23T05:00:00Z,20.7,59,0
6401307.102,2026-08-23T06:00:00Z,21.4,56,0
6401307.102,2026-08-23T07:00:00Z,23.0,50,0
6401307.102,2026-08-23T08:00:00Z,24.7,43,0
6401307.102,2026-08-23T09:00:00Z,26.2,37,0
6401307.102,2026-08-23T10:00:00Z,27.2,34,0
6401307.102,2026-08-23T11:00:00Z,27.8,32,0
6401307.102,2026-08-23T12:00:00Z,28.7,30,0
6401307.102,2026-08-23T13:00:00Z,28.1,31,0
6401307.102,2026-08-23T14:00:00Z,27.8,32,0
6401307.102,2026-08-23T15:00:00Z,27.2,33,0
6401307.102,2026-08-23T16:00:00Z,26.2,36,0
6401307.102,2026-08-23T17:00:00Z,24.1,41,0
6401307.102,2026-08-23T18:00:00Z,23.1,45,0
6401307.102,2026-08-23T19:00:00Z,22.1,49,0
6401307.102,2026-08-23T20:00:00Z,20.8,53,0
6401307.102,2026-08-23T21:00:00Z,20.1,54,0
6401307.102,2026-08-23T22:00:00Z,19.7,54,0
6401307.102,2026-08-23T23:00:00Z,19.0,56,0
6401307.102,2026-08-24T00:00:00Z,17.7,60,0
6401307.102,2026-08-24T01:00:00Z,17.1,63,0
6401307.102,2026-08-24T02:00:00Z,16.3,67,0
6401307.102,2026-08-24T03:00:00Z,16.0,69,0
6401307.102,2026-08-24T04:00:00Z,16.6,69,0
6401307.102,2026-08-24T05:00:00Z,18.4,59,0
6401307.102,2026-08-24T06:00:00Z,19.7,54,0
6401307.102,2026-08-24T07:00:00Z,20.6,51,0
6401307.102,2026-08-24T08:00:00Z,20.8,51,0
6401307.102,2026-08-24T09:00:00Z,21.3,49,0
6401307.102,2026-08-24T10:00:00Z,21.8,47,0
6401307.102,2026-08-24T11:00:00Z,22.0,46,0
6401307.102,2026-08-24T12:00:00Z,24.5,36,0
6401307.102,2026-08-24T13:00:00Z,24.3,37,0
6401307.102,2026-08-24T14:00:00Z,24.7,37,0
6401307.102,2026-08-24T15:00:00Z,24.4,38,0
6401307.102,2026-08-24T16:00:00Z,23.7,42,0
6401307.102,2026-08-24T17:00:00Z,21.7,47,0
6401307.102,2026-08-24T18:00:00Z,21.0,52,0.3
6401307.102,2026-08-24T19:00:00Z,20.1,58,0
6401307.102,2026-08-24T20:00:00Z,19.0,65,0.1
6401307.102,2026-08-24T21:00:00Z,17.6,80,0.1
6401307.102,2026-08-24T22:00:00Z,16.9,91,0.1
6401307.102,2026-08-24T23:00:00Z,16.8,94,0.1
6401307.102,2026-08-25T00:00:00Z,16.3,92,0
6401307.102,2026-08-25T01:00:00Z,16.1,94,0
6401307.102,2026-08-25T02:00:00Z,15.3,96,0
6401307.102,2026-08-25T03:00:00Z,15.1,96,0
6401307.102,2026-08-25T04:00:00Z,15.8,96,0
6401307.102,2026-08-25T05:00:00Z,17.7,87,0
6401307.102,2026-08-25T06:00:00Z,19.3,78,0
6401307.102,2026-08-25T07:00:00Z,21.5,66,0
6401307.102,2026-08-25T08:00:00Z,23.3,58,0
6401307.102,2026-08-25T09:00:00Z,24.7,55,0
6401307.102,2026-08-25T10:00:00Z,25.8,52,0
6401307.102,2026-08-25T11:00:00Z,26.2,51,0
6401307.102,2026-08-25T12:00:00Z,27.5,46,0
6401307.102,2026-08-25T13:00:00Z,28.1,41,0
6401307.102,2026-08-25T14:00:00Z,28.1,41,0
6401307.102,2026-08-25T15:00:00Z,27.8,42,0
6401307.102,2026-08-25T16:00:00Z,26.9,48,0
6401307.102,2026-08-25T17:00:00Z,24.3,56,0
6401307.102,2026-08-25T18:00:00Z,24.0,57,0
6401307.102,2026-08-25T19:00:00Z,20.5,85,1.4
6401307.102,2026-08-25T20:00:00Z,19.8,89,0.9
6401307.102,2026-08-25T21:00:00Z,20.3,86,0.1
6401307.102,2026-08-25T22:00:00Z,19.6,92,0.6
6401307.102,2026-08-25T23:00:00Z,18.9,93,0
6401307.102,2026-08-26T00:00:00Z,18.6,95,2.2
6401307.102,2026-08-26T01:00:00Z,18.5,97,0
6401307.102,2026-08-26T02:00:00Z,18.5,98,0.1
6401307.102,2026-08-26T03:00:00Z,18.4,98,0.7
6401307.102,2026-08-26T04:00:00Z,18.5,98,1.5
6401307.102,2026-08-26T05:00:00Z,18.5,98,0.9
6401307.102,2026-08-26T06:00:00Z,17.5,98,0.1
6401307.102,2026-08-26T07:00:00Z,17.9,96,0.6
6401307.102,2026-08-26T08:00:00Z,18.4,94,0.1
6401307.102,2026-08-26T09:00:00Z,18.8,94,0.6
6401307.102,2026-08-26T10:00:00Z,19.5,93,0.9
6401307.102,2026-08-26T11:00:00Z,19.8,88,0.4
6401307.102,2026-08-26T12:00:00Z,18.8,88,0.3
6401307.102,2026-08-26T13:00:00Z,19.1,91,2.0
6401307.102,2026-08-26T14:00:00Z,19.3,92,1.0
6401307.102,2026-08-26T15:00:00Z,18.3,96,2.5
6401307.102,2026-08-26T16:00:00Z,17.9,96,3.0
6401307.102,2026-08-26T17:00:00Z,17.6,96,1.0
6401307.102,2026-08-26T18:00:00Z,17.5,96,0.2
6401307.102,2026-08-26T19:00:00Z,17.3,96,0.1
6401307.102,2026-08-26T20:00:00Z,17.2,97,0
6401307.102,2026-08-26T21:00:00Z,17.1,97,0
6401307.102,2026-08-26T22:00:00Z,17.0,97,0
6401307.102,2026-08-26T23:00:00Z,17.0,97,0
6401307.102,2026-08-27T00:00:00Z,16.5,98,0
6401307.102,2026-08-27T01:00:00Z,16.5,98,0.1
6401307.102,2026-08-27T02:00:00Z,16.6,98,0.4
6401307.102,2026-08-27T03:00:00Z,16.3,99,0.2
6401307.102,2026-08-27T04:00:00Z,16.4,98,0.2
6401307.102,2026-08-27T05:00:00Z,16.6,97,0.2
6401307.102,2026-08-27T06:00:00Z,16.1,98,0.2
6401307.102,2026-08-27T07:00:00Z,16.3,97,0.5
6401307.102,2026-08-27T08:00:00Z,16.9,92,0.1
6401307.102,2026-08-27T09:00:00Z,18.7,79,0.2
6401307.102,2026-08-27T10:00:00Z,20.2,68,0.1
6401307.102,2026-08-27T11:00:00Z,21.1,62,0
6401307.102,2026-08-27T12:00:00Z,20.6,61,0
6401307.102,2026-08-27T13:00:00Z,20.9,58,0
6401307.102,2026-08-27T14:00:00Z,20.1,62,0.1
6401307.102,2026-08-27T15:00:00Z,19.0,71,0.2
6401307.102,2026-08-27T16:00:00Z,18.3,75,0.1
6401307.102,2026-08-27T17:00:00Z,17.0,84,0.3
6401307.102,2026-08-27T18:00:00Z,16.7,87,0.4
6401307.102,2026-08-27T19:00:00Z,16.3,89,0.1
6401307.102,2026-08-27T20:00:00Z,15.1,92,0
6401307.102,2026-08-27T21:00:00Z,14.9,92,0.1
6401307.102,2026-08-27T22:00:00Z,14.0,95,0
6401307.102,2026-08-27T23:00:00Z,13.3,96,0
6401307.102,2026-08-28T00:00:00Z,12.9,90,0
6401307.102,2026-08-28T01:00:00Z,12.8,89,0
6401307.102,2026-08-28T02:00:00Z,12.7,88,0
6401307.102,2026-08-28T03:00:00Z,12.6,87,0
6401307.102,2026-08-28T04:00:00Z,13.0,85,0
6401307.102,2026-08-28T05:00:00Z,14.8,80,0
6401307.102,2026-08-28T06:00:00Z,16.3,75,0
6401307.102,2026-08-28T07:00:00Z,18.1,69,0
6401307.102,2026-08-28T08:00:00Z,19.5,62,0
6401307.102,2026-08-28T09:00:00Z,20.8,55,0
6401307.102,2026-08-28T10:00:00Z,21.5,51,0
6401307.102,2026-08-28T11:00:00Z,21.5,51,0
6401307.102,2026-08-28T12:00:00Z,21.5,55,0
6401307.102,2026-08-28T13:00:00Z,22.4,52,0
6401307.102,2026-08-28T14:00:00Z,22.4,50,0
6401307.102,2026-08-28T15:00:00Z,22.2,53,0
6401307.102,2026-08-28T16:00:00Z,21.1,61,0
6401307.102,2026-08-28T17:00:00Z,18.6,67,0
6401307.102,2026-08-28T18:00:00Z,17.6,69,0
6401307.102,2026-08-28T19:00:00Z,16.8,72,0
6401307.102,2026-08-28T20:00:00Z,16.1,75,0
6401307.102,2026-08-28T21:00:00Z,15.2,80,0
6401307.102,2026-08-28T22:00:00Z,14.5,83,0
6401307.102,2026-08-28T23:00:00Z,14.0,84,0
6401307.102,2026-08-29T00:00:00Z,13.5,83,0
6401307.102,2026-08-29T01:00:00Z,13.2,82,0
6401307.102,2026-08-29T02:00:00Z,12.7,83,0
6401307.102,2026-08-29T03:00:00Z,12.2,85,0
6401307.102,2026-08-29T04:00:00Z,12.7,84,0
6401307.102,2026-08-29T05:00:00Z,15.2,77,0
6401307.102,2026-08-29T06:00:00Z,17.4,70,0
6401307.102,2026-08-29T07:00:00Z,19.7,64,0
6401307.102,2026-08-29T08:00:00Z,21.7,60,0
6401307.102,2026-08-29T09:00:00Z,23.4,56,0
6401307.102,2026-08-29T10:00:00Z,24.8,51,0
6401307.102,2026-08-29T11:00:00Z,25.7,44,0
6401307.102,2026-08-29T12:00:00Z,27.1,40,0
6401307.102,2026-08-29T13:00:00Z,26.9,41,0
6401307.102,2026-08-29T14:00:00Z,26.6,44,0
6401307.102,2026-08-29T15:00:00Z,25.8,50,0
6401307.102,2026-08-29T16:00:00Z,24.0,66,0
6401307.102,2026-08-29T17:00:00Z,21.6,69,0
6401307.102,2026-08-29T18:00:00Z,21.6,63,0
6401307.102,2026-08-29T19:00:00Z,20.8,66,0
6401307.102,2026-08-29T20:00:00Z,19.6,71,0
6401307.102,2026-08-29T21:00:00Z,19.0,73,0
6401307.102,2026-08-29T22:00:00Z,18.4,74,0
6401307.102,2026-08-29T23:00:00Z,17.4,76,0
6401307.102,2026-08-30T00:00:00Z,16.9,81,0
6401307.102,2026-08-30T01:00:00Z,16.6,83,0
6401307.102,2026-08-30T02:00:00Z,16.2,85,0
6401307.102,2026-08-30T03:00:00Z,16.0,86,0
6401307.102,2026-08-30T04:00:00Z,16.6,86,0
6401307.102,2026-08-30T05:00:00Z,17.1,92,1.5
6401307.102,2026-08-30T06:00:00Z,16.8,94,1.7
6401307.102,2026-08-30T07:00:00Z,19.8,90,0.4
6401307.102,2026-08-30T08:00:00Z,22.7,72,0
6401307.102,2026-08-30T09:00:00Z,24.8,57,0
6401307.102,2026-08-30T10:00:00Z,26.1,50,0
6401307.102,2026-08-30T11:00:00Z,26.9,45,0
6401307.102,2026-08-30T12:00:00Z,27.6,41,0
6401307.102,2026-08-30T13:00:00Z,27.9,40,0
6401307.102,2026-08-30T14:00:00Z,28.1,39,0
6401307.102,2026-08-30T15:00:00Z,27.0,50,0
6401307.102,2026-08-30T16:00:00Z,25.1,57,0
6401307.102,2026-08-30T17:00:00Z,22.8,60,0
6401307.102,2026-08-30T18:00:00Z,22.1,59,0
6401307.102,2026-08-30T19:00:00Z,21.9,55,0
6401307.102,2026-08-30T20:00:00Z,21.5,54,0
6401307.102,2026-08-30T21:00:00Z,20.9,57,0
6401307.102,2026-08-30T22:00:00Z,20.0,59,0
6401307.102,2026-08-30T23:00:00Z,19.3,60,0
6401307.102,2026-08-31T00:00:00Z,18.3,65,0
6401307.102,2026-08-31T01:00:00Z,18.0,66,0
6401307.102,2026-08-31T02:00:00Z,17.1,70,0
6401307.102,2026-08-31T03:00:00Z,16.4,74,0
6401307.102,2026-08-31T04:00:00Z,16.5,75,0
6401307.102,2026-08-31T05:00:00Z,19.0,67,0
6401307.102,2026-08-31T06:00:00Z,21.5,58,0
6401307.102,2026-08-31T07:00:00Z,23.7,51,0
6401307.102,2026-08-31T08:00:00Z,25.7,45,0
6401307.102,2026-08-31T09:00:00Z,27.3,41,0
6401307.102,2026-08-31T10:00:00Z,28.2,38,0
6401307.102,2026-08-31T11:00:00Z,28.6,36,0
6401307.102,2026-08-31T12:00:00Z,29.6,32,0
6401307.102,2026-08-31T13:00:00Z,29.6,32,0
6401307.102,2026-08-31T14:00:00Z,29.2,33,0
6401307.102,2026-08-31T15:00:00Z,28.2,40,0
6401307.102,2026-08-31T16:00:00Z,25.9,48,0
6401307.102,2026-08-31T17:00:00Z,23.8,52,0
6401307.102,2026-08-31T18:00:00Z,23.2,50,0
6401307.102,2026-08-31T19:00:00Z,22.9,48,0
6401307.102,2026-08-31T20:00:00Z,22.1,46,0
6401307.102,2026-08-31T21:00:00Z,21.1,48,0
6401307.102,2026-08-31T22:00:00Z,20.3,49,0
6401307.102,2026-08-31T23:00:00Z,19.4,51,0
6401307.102,2026-09-01T00:00:00Z,18.5,54,0
6401307.102,2026-09-01T01:00:00Z,18.1,52,0
6401307.102,2026-09-01T02:00:00Z,17.4,52,0
6401307.102,2026-09-01T03:00:00Z,16.7,53,0
6401307.102,2026-09-01T04:00:00Z,16.6,53,0
6401307.102,2026-09-01T05:00:00Z,18.6,51,0
6401307.102,2026-09-01T06:00:00Z,20.6,49,0
6401307.102,2026-09-01T07:00:00Z,22.5,44,0
6401307.102,2026-09-01T08:00:00Z,24.5,37,0
6401307.102,2026-09-01T09:00:00Z,26.1,34,0
6401307.102,2026-09-01T10:00:00Z,27.1,29,0
6401307.102,2026-09-01T11:00:00Z,24.4,38,0.1
6401307.102,2026-09-01T12:00:00Z,27.4,24,0.2
6401307.102,2026-09-01T13:00:00Z,28.4,26,0
6401307.102,2026-09-01T14:00:00Z,27.1,38,0
6401307.102,2026-09-01T15:00:00Z,25.0,59,0
6401307.102,2026-09-01T16:00:00Z,23.5,65,0
6401307.102,2026-09-01T17:00:00Z,22.5,68,0
6401307.102,2026-09-01T18:00:00Z,21.8,70,0
6401307.102,2026-09-01T19:00:00Z,20.7,75,0
6401307.102,2026-09-01T20:00:00Z,19.9,80,0
6401307.102,2026-09-01T21:00:00Z,19.2,83,0
6401307.102,2026-09-01T22:00:00Z,18.6,85,0
6401307.102,2026-09-01T23:00:00Z,18.1,85,0
6401307.102,2026-09-02T00:00:00Z,17.0,85,0
6401307.102,2026-09-02T01:00:00Z,16.5,86,0
6401307.102,2026-09-02T02:00:00Z,15.9,89,0
6401307.102,2026-09-02T03:00:00Z,15.4,91,0
6401307.102,2026-09-02T04:00:00Z,15.3,91,0
6401307.102,2026-09-02T05:00:00Z,17.5,82,0
6401307.102,2026-09-02T06:00:00Z,19.5,72,0
6401307.102,2026-09-02T07:00:00Z,21.7,62,0
6401307.102,2026-09-02T08:00:00Z,23.4,56,0
6401307.102,2026-09-02T09:00:00Z,24.6,51,0
6401307.102,2026-09-02T10:00:00Z,25.5,48,0
6401307.102,2026-09-02T11:00:00Z,25.9,45,0
6401307.102,2026-09-02T12:00:00Z,27.2,40,0
6401307.102,2026-09-02T13:00:00Z,26.9,40,0
6401307.102,2026-09-02T14:00:00Z,26.1,42,0
6401307.102,2026-09-02T15:00:00Z,25.5,44,0
6401307.102,2026-09-02T16:00:00Z,24.0,50,0
6401307.102,2026-09-02T17:00:00Z,21.8,59,0
6401307.102,2026-09-02T18:00:00Z,21.9,60,0
6401307.102,2026-09-02T19:00:00Z,20.4,72,0.4
6401307.102,2026-09-02T20:00:00Z,19.8,75,0.1
6401307.102,2026-09-02T21:00:00Z,18.7,80,0
6401307.102,2026-09-02T22:00:00Z,17.9,88,0.4
6401307.102,2026-09-02T23:00:00Z,17.0,91,0.7
6401307.102,2026-09-03T00:00:00Z,17.8,75,0.6
6401307.102,2026-09-03T01:00:00Z,16.0,93,0.8
6401307.102,2026-09-03T02:00:00Z,15.7,97,0.6
6401307.102,2026-09-03T03:00:00Z,15.9,97,0.4
6401307.102,2026-09-03T04:00:00Z,15.7,96,0.1
6401307.102,2026-09-03T05:00:00Z,16.9,95,0
6401307.102,2026-09-03T06:00:00Z,18.3,88,0
6401307.102,2026-09-03T07:00:00Z,20.2,75,0
6401307.102,2026-09-03T08:00:00Z,22.5,60,0
6401307.102,2026-09-03T09:00:00Z,23.5,54,0
6401307.102,2026-09-03T10:00:00Z,25.1,49,0
6401307.102,2026-09-03T11:00:00Z,25.4,47,0
6401307.102,2026-09-03T12:00:00Z,26.1,42,0
6401307.102,2026-09-03T13:00:00Z,25.8,41,0
6401307.102,2026-09-03T14:00:00Z,25.3,44,0.1
6401307.102,2026-09-03T15:00:00Z,24.7,44,0.1
6401307.102,2026-09-03T16:00:00Z,23.4,48,0
6401307.102,2026-09-03T17:00:00Z,21.6,56,0
6401307.102,2026-09-03T18:00:00Z,21.1,57,0
6401307.102,2026-09-03T19:00:00Z,20.3,57,0
6401307.102,2026-09-03T20:00:00Z,19.0,61,0
6401307.102,2026-09-03T21:00:00Z,17.9,67,0
6401307.102,2026-09-03T22:00:00Z,16.8,73,0
6401307.102,2026-09-03T23:00:00Z,16.1,77,0
6401307.102,2026-09-04T00:00:00Z,15.2,81,0
6401307.102,2026-09-04T01:00:00Z,14.8,83,0
6401307.102,2026-09-04T02:00:00Z,14.4,86,0
6401307.102,2026-09-04T03:00:00Z,14.1,86,0
6401307.102,2026-09-04T04:00:00Z,14.6,84,0
6401307.102,2026-09-04T05:00:00Z,17.3,73,0
6401307.102,2026-09-04T06:00:00Z,19.3,67,0
6401307.102,2026-09-04T07:00:00Z,22.2,57,0
6401307.102,2026-09-04T08:00:00Z,24.5,48,0
6401307.102,2026-09-04T09:00:00Z,26.0,41,0
6401307.102,2026-09-04T10:00:00Z,27.0,38,0
6401307.102,2026-09-04T11:00:00Z,27.3,37,0
6401307.102,2026-09-04T12:00:00Z,27.5,34,0
6401307.102,2026-09-04T13:00:00Z,27.3,34,0
6401307.102,2026-09-04T14:00:00Z,26.9,35,0
6401307.102,2026-09-04T15:00:00Z,26.4,36,0
6401307.102,2026-09-04T16:00:00Z,24.7,44,0
6401307.102,2026-09-04T17:00:00Z,22.6,51,0
6401307.102,2026-09-04T18:00:00Z,22.5,51,0
6401307.102,2026-09-04T19:00:00Z,22.1,55,0
6401307.102,2026-09-04T20:00:00Z,20.8,56,0
6401307.102,2026-09-04T21:00:00Z,19.5,61,0
6401307.102,2026-09-04T22:00:00Z,19.2,63,0
6401307.102,2026-09-04T23:00:00Z,18.3,67,0
6401307.102,2026-09-05T00:00:00Z,17.1,70,0
6401307.102,2026-09-05T01:00:00Z,17.4,67,0
6401307.102,2026-09-05T02:00:00Z,17.0,69,0
6401307.102,2026-09-05T03:00:00Z,16.6,71,0
6401307.102,2026-09-05T04:00:00Z,16.7,72,0
6401307.102,2026-09-05T05:00:00Z,19.4,61,0
6401307.102,2026-09-05T06:00:00Z,22.3,53,0
6401307.102,2026-09-05T07:00:00Z,25.2,45,0
6401307.102,2026-09-05T08:00:00Z,27.4,39,0
6401307.102,2026-09-05T09:00:00Z,29.1,35,0
6401307.102,2026-09-05T10:00:00Z,30.6,32,0
6401307.102,2026-09-05T11:00:00Z,31.3,30,0
6401307.102,2026-09-05T12:00:00Z,32.7,26,0
6401307.102,2026-09-05T13:00:00Z,32.5,26,0
6401307.102,2026-09-05T14:00:00Z,30.8,31,0
6401307.102,2026-09-05T15:00:00Z,28.3,43,0
6401307.102,2026-09-05T16:00:00Z,27.2,49,0
6401307.102,2026-09-05T17:00:00Z,25.6,50,0
6401307.102,2026-09-05T18:00:00Z,17.6,88,0.6
6401307.102,2026-09-05T19:00:00Z,16.7,91,2.3
6401307.102,2026-09-05T20:00:00Z,16.9,91,0.2
6401307.102,2026-09-05T21:00:00Z,16.3,91,0.2
6401307.102,2026-09-05T22:00:00Z,16.1,91,0
6401307.102,2026-09-05T23:00:00Z,16.1,90,0
6401307.102,2026-09-06T00:00:00Z,16.6,76,0
6401307.102,2026-09-06T01:00:00Z,15.3,82,0
6401307.102,2026-09-06T02:00:00Z,14.2,86,0
6401307.102,2026-09-06T03:00:00Z,13.9,86,0
6401307.102,2026-09-06T04:00:00Z,13.9,86,0
6401307.102,2026-09-06T05:00:00Z,15.7,79,0
6401307.102,2026-09-06T06:00:00Z,15.5,79,0
6401307.102,2026-09-06T07:00:00Z,17.4,71,0
6401307.102,2026-09-06T08:00:00Z,18.9,61,0
6401307.102,2026-09-06T09:00:00Z,19.7,53,0.3
6401307.102,2026-09-06T10:00:00Z,21.2,47,0
6401307.102,2026-09-06T11:00:00Z,20.8,44,0.2
6401307.102,2026-09-06T12:00:00Z,21.5,40,0.1
6401307.102,2026-09-06T13:00:00Z,21.3,40,0
6401307.102,2026-09-06T14:00:00Z,20.6,40,0
6401307.102,2026-09-06T15:00:00Z,19.8,41,0
6401307.102,2026-09-06T16:00:00Z,18.9,44,0
6401307.102,2026-09-06T17:00:00Z,18.0,45,0
6401307.102,2026-09-06T18:00:00Z,17.2,49,0
6401307.102,2026-09-06T19:00:00Z,16.7,51,0
6401307.102,2026-09-06T20:00:00Z,15.6,58,0
6401307.102,2026-09-06T21:00:00Z,15.2,62,0
6401307.102,2026-09-06T22:00:00Z,14.9,64,0
6401307.102,2026-09-06T23:00:00Z,14.5,66,0
6401307.102,2026-09-07T00:00:00Z,13.4,69,0
6401307.102,2026-09-07T01:00:00Z,13.0,72,0
6401307.102,2026-09-07T02:00:00Z,12.6,74,0
6401307.102,2026-09-07T03:00:00Z,12.2,77,0
6401307.102,2026-09-07T04:00:00Z,12.1,78,0
6401307.102,2026-09-07T05:00:00Z,13.3,75,0
6401307.102,2026-09-07T06:00:00Z,14.7,71,0
6401307.102,2026-09-07T07:00:00Z,16.3,66,0
6401307.102,2026-09-07T08:00:00Z,17.8,62,0
6401307.102,2026-09-07T09:00:00Z,19.2,55,0
6401307.102,2026-09-07T10:00:00Z,20.6,47,0
6401307.102,2026-09-07T11:00:00Z,21.0,44,0
6401307.102,2026-09-07T12:00:00Z,21.7,42,0
6401307.102,2026-09-07T13:00:00Z,21.7,40,0
6401307.102,2026-09-07T14:00:00Z,21.6,38,0
6401307.102,2026-09-07T15:00:00Z,20.9,40,0
6401307.102,2026-09-07T16:00:00Z,19.7,45,0
6401307.102,2026-09-07T17:00:00Z,17.7,52,0
6401307.102,2026-09-07T18:00:00Z,16.2,58,0
6401307.102,2026-09-07T19:00:00Z,15.5,62,0
6401307.102,2026-09-07T20:00:00Z,15.1,63,0
6401307.102,2026-09-07T21:00:00Z,14.5,65,0
6401307.102,2026-09-07T22:00:00Z,13.8,67,0
6401307.102,2026-09-07T23:00:00Z,13.2,70,0
6401307.102,2026-09-08T00:00:00Z,11.6,76,0
6401307.102,2026-09-08T01:00:00Z,11.4,79,0
6401307.102,2026-09-08T02:00:00Z,11.2,81,0
6401307.102,2026-09-08T03:00:00Z,10.9,84,0
6401307.102,2026-09-08T04:00:00Z,11.0,85,0
6401307.102,2026-09-08T05:00:00Z,13.5,76,0
6401307.102,2026-09-08T06:00:00Z,16.1,65,0
6401307.102,2026-09-08T07:00:00Z,18.7,55,0
6401307.102,2026-09-08T08:00:00Z,20.6,47,0
6401307.102,2026-09-08T09:00:00Z,21.9,42,0
6401307.102,2026-09-08T10:00:00Z,22.7,40,0
6401307.102,2026-09-08T11:00:00Z,23.3,39,0
6401307.102,2026-09-08T12:00:00Z,24.7,36,0
6401307.102,2026-09-08T13:00:00Z,24.7,36,0
6401307.102,2026-09-08T14:00:00Z,24.4,37,0
6401307.102,2026-09-08T15:00:00Z,23.8,40,0
6401307.102,2026-09-08T16:00:00Z,21.4,55,0
6401307.102,2026-09-08T17:00:00Z,19.0,62,0
6401307.102,2026-09-08T18:00:00Z,17.9,64,0
6401307.102,2026-09-08T19:00:00Z,17.1,66,0
6401307.102,2026-09-08T20:00:00Z,16.6,65,0
6401307.102,2026-09-08T21:00:00Z,15.9,67,0
6401307.102,2026-09-08T22:00:00Z,15.4,69,0
6401307.102,2026-09-08T23:00:00Z,15.4,68,0
6401307.102,2026-09-09T00:00:00Z,14.8,72,0
6401307.102,2026-09-09T01:00:00Z,14.6,74,0
6401307.102,2026-09-09T02:00:00Z,14.2,77,0
6401307.102,2026-09-09T03:00:00Z,13.9,80,0
6401307.102,2026-09-09T04:00:00Z,13.7,82,0
6401307.102,2026-09-09T05:00:00Z,15.7,76,0
6401307.102,2026-09-09T06:00:00Z,18.1,67,0
6401307.102,2026-09-09T07:00:00Z,20.6,60,0
6401307.102,2026-09-09T08:00:00Z,22.8,53,0
6401307.102,2026-09-09T09:00:00Z,24.4,45,0
6401307.102,2026-09-09T10:00:00Z,25.4,40,0
6401307.102,2026-09-09T11:00:00Z,26.1,38,0
6401307.102,2026-09-09T12:00:00Z,27.2,34,0
6401307.102,2026-09-09T13:00:00Z,27.1,34,0
6401307.102,2026-09-09T14:00:00Z,26.7,35,0
6401307.102,2026-09-09T15:00:00Z,25.9,37,0
6401307.102,2026-09-09T16:00:00Z,23.7,45,0
6401307.102,2026-09-09T17:00:00Z,21.3,53,0
6401307.102,2026-09-09T18:00:00Z,20.6,55,0
6401307.102,2026-09-09T19:00:00Z,20.0,58,0
6401307.102,2026-09-09T20:00:00Z,19.2,64,0
6401307.102,2026-09-09T21:00:00Z,18.5,68,0
6401307.102,2026-09-09T22:00:00Z,17.7,71,0
6401307.102,2026-09-09T23:00:00Z,17.0,73,0
6401307.102,2026-09-10T00:00:00Z,16.1,77,0
6401307.102,2026-09-10T01:00:00Z,16.0,78,0
6401307.102,2026-09-10T02:00:00Z,15.7,80,0
6401307.102,2026-09-10T03:00:00Z,15.3,83,0
6401307.102,2026-09-10T04:00:00Z,15.2,85,0
6401307.102,2026-09-10T05:00:00Z,16.6,80,0
6401307.102,2026-09-10T06:00:00Z,18.7,71,0
6401307.102,2026-09-10T07:00:00Z,20.9,63,0
6401307.102,2026-09-10T08:00:00Z,22.9,56,0
6401307.102,2026-09-10T09:00:00Z,24.7,49,0
6401307.102,2026-09-10T10:00:00Z,26.0,44,0
6401307.102,2026-09-10T11:00:00Z,27.0,40,0
6401307.102,2026-09-10T12:00:00Z,28.5,37,0
6401307.102,2026-09-10T13:00:00Z,28.7,36,0
6401307.102,2026-09-10T14:00:00Z,28.5,35,0
6401307.102,2026-09-10T15:00:00Z,27.8,37,0
6401307.102,2026-09-10T16:00:00Z,25.5,45,0
6401307.102,2026-09-10T17:00:00Z,23.2,53,0
6401307.102,2026-09-10T18:00:00Z,22.2,54,0
6401307.102,2026-09-10T19:00:00Z,21.3,57,0
6401307.102,2026-09-10T20:00:00Z,20.6,61,0
6401307.102,2026-09-10T21:00:00Z,19.9,67,0
6401307.102,2026-09-10T22:00:00Z,18.6,76,0
6401307.102,2026-09-10T23:00:00Z,17.8,81,0
6401307.102,2026-09-11T00:00:00Z,17.1,84,0
6401307.102,2026-09-11T01:00:00Z,16.6,82,0
6401307.102,2026-09-11T02:00:00Z,15.8,84,0
6401307.102,2026-09-11T03:00:00Z,15.4,84,0
6401307.102,2026-09-11T04:00:00Z,15.3,86,0
6401307.102,2026-09-11T05:00:00Z,17.4,80,0
6401307.102,2026-09-11T06:00:00Z,18.9,76,0
6401307.102,2026-09-11T07:00:00Z,20.5,70,0
6401307.102,2026-09-11T08:00:00Z,22.4,63,0
6401307.102,2026-09-11T09:00:00Z,24.0,57,0
6401307.102,2026-09-11T10:00:00Z,25.4,53,0
6401307.102,2026-09-11T11:00:00Z,26.4,49,0
6401307.102,2026-09-11T12:00:00Z,27.5,45,0
6401307.102,2026-09-11T13:00:00Z,27.6,44,0
6401307.102,2026-09-11T14:00:00Z,27.6,44,0
6401307.102,2026-09-11T15:00:00Z,27.2,45,0
6401307.102,2026-09-11T16:00:00Z,25.4,54,0
6401307.102,2026-09-11T17:00:00Z,23.6,62,0
6401307.102,2026-09-11T18:00:00Z,23.2,63,0
6401307.102,2026-09-11T19:00:00Z,22.8,63,0
6401307.102,2026-09-11T20:00:00Z,22.3,66,0
6401307.102,2026-09-11T21:00:00Z,20.9,74,0
6401307.102,2026-09-11T22:00:00Z,20.8,69,0
6401307.102,2026-09-11T23:00:00Z,20.2,70,0
6401307.102,2026-09-12T00:00:00Z,18.8,73,0
6401307.102,2026-09-12T01:00:00Z,18.2,73,0
6401307.102,2026-09-12T02:00:00Z,17.6,76,0
6401307.102,2026-09-12T03:00:00Z,17.0,82,0
6401307.102,2026-09-12T04:00:00Z,16.6,88,0
6401307.102,2026-09-12T05:00:00Z,18.3,83,0
6401307.102,2026-09-12T06:00:00Z,19.9,75,0
6401307.102,2026-09-12T07:00:00Z,22.0,68,0
6401307.102,2026-09-12T08:00:00Z,23.6,63,0
6401307.102,2026-09-12T09:00:00Z,24.9,57,0
6401307.102,2026-09-12T10:00:00Z,25.4,53,0
6401307.102,2026-09-12T11:00:00Z,24.4,55,0
6401307.102,2026-09-12T12:00:00Z,24.4,60,0
6401307.102,2026-09-12T13:00:00Z,23.4,64,0
6401307.102,2026-09-12T14:00:00Z,21.9,71,0
6401307.102,2026-09-12T15:00:00Z,20.1,87,0.4
6401307.102,2026-09-12T16:00:00Z,19.2,96,1.0
6401307.102,2026-09-12T17:00:00Z,18.5,96,0.5
6401307.102,2026-09-12T18:00:00Z,17.9,94,0.4
6401307.102,2026-09-12T19:00:00Z,17.5,96,1.6
6401307.102,2026-09-12T20:00:00Z,17.2,97,2.7
6401307.102,2026-09-12T21:00:00Z,16.5,97,2.8
6401307.102,2026-09-12T22:00:00Z,15.5,97,2.3
6401307.102,2026-09-12T23:00:00Z,14.8,97,0.8
6401307.102,2026-09-13T00:00:00Z,14.1,97,1.7
6401307.102,2026-09-13T01:00:00Z,13.7,98,0.3
6401307.102,2026-09-13T02:00:00Z,13.5,97,0.9
6401307.102,2026-09-13T03:00:00Z,13.3,97,0.3
6401307.102,2026-09-13T04:00:00Z,13.4,97,0.5
6401307.102,2026-09-13T05:00:00Z,13.5,97,0.6
6401307.102,2026-09-13T06:00:00Z,13.4,98,0.7
6401307.102,2026-09-13T07:00:00Z,13.9,96,1.0
6401307.102,2026-09-13T08:00:00Z,14.6,95,1.2
6401307.102,2026-09-13T09:00:00Z,15.3,94,1.6
6401307.102,2026-09-13T10:00:00Z,15.9,93,1.3
6401307.102,2026-09-13T11:00:00Z,16.2,94,0.6
6401307.102,2026-09-13T12:00:00Z,16.1,94,0.4
6401307.102,2026-09-13T13:00:00Z,16.0,95,0.5
6401307.102,2026-09-13T14:00:00Z,15.8,96,0.6
6401307.102,2026-09-13T15:00:00Z,15.5,96,0.4
6401307.102,2026-09-13T16:00:00Z,15.2,96,0.2
6401307.102,2026-09-13T17:00:00Z,14.8,96,0.2
6401307.102,2026-09-13T18:00:00Z,14.6,95,0.1
6401307.102,2026-09-13T19:00:00Z,14.6,95,0.2
6401307.102,2026-09-13T20:00:00Z,14.4,96,0.2
6401307.102,2026-09-13T21:00:00Z,14.2,96,0.1
6401307.102,2026-09-13T22:00:00Z,14.0,95,0
6401307.102,2026-09-13T23:00:00Z,13.9,94,0
6401307.102,2026-09-14T00:00:00Z,14.0,96,0
6401307.102,2026-09-14T01:00:00Z,14.1,94,0
6401307.102,2026-09-14T02:00:00Z,14.2,92,0
6401307.102,2026-09-14T03:00:00Z,14.3,90,0
6401307.102,2026-09-14T04:00:00Z,14.3,89,0
6401307.102,2026-09-14T05:00:00Z,14.6,86,0
6401307.102,2026-09-14T06:00:00Z,15.5,81,0
6401307.102,2026-09-14T07:00:00Z,16.8,70,0
6401307.102,2026-09-14T08:00:00Z,18.5,58,0
6401307.102,2026-09-14T09:00:00Z,19.7,51,0
6401307.102,2026-09-14T10:00:00Z,20.6,45,0
6401307.102,2026-09-14T11:00:00Z,20.7,44,0
6401307.102,2026-09-14T12:00:00Z,20.8,45,0
6401307.102,2026-09-14T13:00:00Z,20.3,48,0.1
6401307.102,2026-09-14T14:00:00Z,19.4,50,0
6401307.102,2026-09-14T15:00:00Z,18.7,53,0
6401307.102,2026-09-14T16:00:00Z,17.4,58,0
6401307.102,2026-09-14T17:00:00Z,15.6,65,0
6401307.102,2026-09-14T18:00:00Z,15.3,71,0
6401307.102,2026-09-14T19:00:00Z,14.3,75,0
6401307.102,2026-09-14T20:00:00Z,13.7,74,0
6401307.102,2026-09-14T21:00:00Z,13.3,71,0
6401307.102,2026-09-14T22:00:00Z,12.8,73,0
6401307.102,2026-09-14T23:00:00Z,12.2,76,0
6401307.102,2026-09-15T00:00:00Z,11.7,79,0
6401307.102,2026-09-15T01:00:00Z,11.5,81,0
6401307.102,2026-09-15T02:00:00Z,11.3,82,0
6401307.102,2026-09-15T03:00:00Z,11.0,85,0
6401307.102,2026-09-15T04:00:00Z,10.8,87,0
6401307.102,2026-09-15T05:00:00Z,12.2,84,0
6401307.102,2026-09-15T06:00:00Z,13.8,78,0
6401307.102,2026-09-15T07:00:00Z,16.1,71,0
6401307.102,2026-09-15T08:00:00Z,18.3,64,0
6401307.102,2026-09-15T09:00:00Z,19.6,56,0.1
6401307.102,2026-09-15T10:00:00Z,20.5,50,0
6401307.102,2026-09-15T11:00:00Z,20.8,50,0.1
6401307.102,2026-09-15T12:00:00Z,21.7,44,0
6401307.102,2026-09-15T13:00:00Z,21.6,44,0
6401307.102,2026-09-15T14:00:00Z,21.5,43,0
6401307.102,2026-09-15T15:00:00Z,20.6,48,0
6401307.102,2026-09-15T16:00:00Z,18.3,59,0
6401307.102,2026-09-15T17:00:00Z,16.3,67,0
6401307.102,2026-09-15T18:00:00Z,16.2,68,0
6401307.102,2026-09-15T19:00:00Z,15.2,71,0
6401307.102,2026-09-15T20:00:00Z,14.4,75,0
6401307.102,2026-09-15T21:00:00Z,13.7,79,0
6401307.102,2026-09-15T22:00:00Z,13.0,82,0
6401307.102,2026-09-15T23:00:00Z,12.3,86,0
6401307.102,2026-09-16T00:00:00Z,11.2,88,0
6401307.102,2026-09-16T01:00:00Z,10.8,90,0
6401307.102,2026-09-16T02:00:00Z,10.5,91,0
6401307.102,2026-09-16T03:00:00Z,10.2,93,0
6401307.102,2026-09-16T04:00:00Z,10.0,94,0
6401307.102,2026-09-16T05:00:00Z,11.9,89,0
6401307.102,2026-09-16T06:00:00Z,14.4,80,0
6401307.102,2026-09-16T07:00:00Z,17.2,70,0
6401307.102,2026-09-16T08:00:00Z,19.4,59,0
6401307.102,2026-09-16T09:00:00Z,20.7,53,0
6401307.102,2026-09-16T10:00:00Z,21.5,50,0
6401307.102,2026-09-16T11:00:00Z,21.9,48,0
6401307.102,2026-09-16T12:00:00Z,23.1,41,0
6401307.102,2026-09-16T13:00:00Z,22.8,41,0
6401307.102,2026-09-16T14:00:00Z,22.4,42,0
6401307.102,2026-09-16T15:00:00Z,21.5,50,0
6401307.102,2026-09-16T16:00:00Z,19.1,57,0
6401307.102,2026-09-16T17:00:00Z,17.5,60,0
6401307.102,2026-09-16T18:00:00Z,16.5,63,0
6401307.102,2026-09-16T19:00:00Z,15.6,72,0
6401307.102,2026-09-16T20:00:00Z,15.1,74,0
6401307.102,2026-09-16T21:00:00Z,14.4,75,0
6401307.102,2026-09-16T22:00:00Z,13.6,80,0
6401307.102,2026-09-16T23:00:00Z,13.1,81,0
6401307.102,2026-09-17T00:00:00Z,11.6,85,0
6401307.102,2026-09-17T01:00:00Z,11.2,86,0
6401307.102,2026-09-17T02:00:00Z,11.0,87,0
6401307.102,2026-09-17T03:00:00Z,10.8,87,0
6401307.102,2026-09-17T04:00:00Z,10.6,89,0
6401307.102,2026-09-17T05:00:00Z,12.9,83,0
6401307.102,2026-09-17T06:00:00Z,15.8,74,0
6401307.102,2026-09-17T07:00:00Z,18.6,66,0
6401307.102,2026-09-17T08:00:00Z,21.0,58,0
6401307.102,2026-09-17T09:00:00Z,22.5,49,0
6401307.102,2026-09-17T10:00:00Z,23.3,44,0
6401307.102,2026-09-17T11:00:00Z,23.8,43,0
6401307.102,2026-09-17T12:00:00Z,25.0,39,0
6401307.102,2026-09-17T13:00:00Z,24.8,39,0
6401307.102,2026-09-17T14:00:00Z,24.5,40,0
6401307.102,2026-09-17T15:00:00Z,23.2,47,0
6401307.102,2026-09-17T16:00:00Z,20.7,55,0
6401307.102,2026-09-17T17:00:00Z,19.0,60,0
6401307.102,2026-09-17T18:00:00Z,18.4,60,0
6401307.102,2026-09-17T19:00:00Z,17.5,63,0
6401307.102,2026-09-17T20:00:00Z,16.3,69,0
6401307.102,2026-09-17T21:00:00Z,15.5,72,0
6401307.102,2026-09-17T22:00:00Z,14.6,78,0
6401307.102,2026-09-17T23:00:00Z,14.2,79,0
6401307.102,2026-09-18T00:00:00Z,14.0,81,0
6401307.102,2026-09-18T01:00:00Z,14.1,82,0
6401307.102,2026-09-18T02:00:00Z,14.7,79,0
6401307.102,2026-09-18T03:00:00Z,15.0,77,0
6401307.102,2026-09-18T04:00:00Z,13.8,83,0
6401307.102,2026-09-18T05:00:00Z,15.3,78,0
6401307.102,2026-09-18T06:00:00Z,17.3,71,0
6401307.102,2026-09-18T07:00:00Z,19.5,65,0
6401307.102,2026-09-18T08:00:00Z,21.7,58,0
6401307.102,2026-09-18T09:00:00Z,23.4,50,0
6401307.102,2026-09-18T10:00:00Z,24.4,43,0
6401307.102,2026-09-18T11:00:00Z,24.8,41,0
6401307.102,2026-09-18T12:00:00Z,25.7,38,0
6401307.102,2026-09-18T13:00:00Z,25.4,38,0
6401307.102,2026-09-18T14:00:00Z,24.8,40,0
6401307.102,2026-09-18T15:00:00Z,23.7,46,0
6401307.102,2026-09-18T16:00:00Z,21.2,53,0
6401307.102,2026-09-18T17:00:00Z,19.5,59,0
6401307.102,2026-09-18T18:00:00Z,18.8,62,0
6401307.102,2026-09-18T19:00:00Z,18.3,62,0
6401307.102,2026-09-18T20:00:00Z,17.3,65,0
6401307.102,2026-09-18T21:00:00Z,16.8,66,0
6401307.102,2026-09-18T22:00:00Z,16.8,66,0
6401307.102,2026-09-18T23:00:00Z,17.3,66,0
6401307.102,2026-09-19T00:00:00Z,16.7,72,0
6401307.102,2026-09-19T01:00:00Z,16.7,74,0
6401307.102,2026-09-19T02:00:00Z,16.3,77,0
6401307.102,2026-09-19T03:00:00Z,15.6,81,0
6401307.102,2026-09-19T04:00:00Z,15.2,83,0
6401307.102,2026-09-19T05:00:00Z,16.9,78,0
6401307.102,2026-09-19T06:00:00Z,18.8,70,0
6401307.102,2026-09-19T07:00:00Z,20.5,64,0
6401307.102,2026-09-19T08:00:00Z,21.6,62,0
6401307.102,2026-09-19T09:00:00Z,22.5,61,0
6401307.102,2026-09-19T10:00:00Z,23.0,62,0
6401307.102,2026-09-19T11:00:00Z,23.3,61,0
6401307.102,2026-09-19T12:00:00Z,22.9,60,0.1
6401307.102,2026-09-19T13:00:00Z,22.9,58,0.2
6401307.102,2026-09-19T14:00:00Z,23.1,56,0.1
6401307.102,2026-09-19T15:00:00Z,22.4,58,0
6401307.102,2026-09-19T16:00:00Z,20.7,67,0
6401307.102,2026-09-19T17:00:00Z,19.0,70,0
6401307.102,2026-09-19T18:00:00Z,18.1,64,0
6401307.102,2026-09-19T19:00:00Z,17.2,64,0
6401307.102,2026-09-19T20:00:00Z,16.3,67,0
6401307.102,2026-09-19T21:00:00Z,15.3,69,0
6401307.102,2026-09-19T22:00:00Z,14.4,73,0
6401307.102,2026-09-19T23:00:00Z,13.8,77,0
6401307.102,2026-09-20T00:00:00Z,13.0,80,0
6401307.102,2026-09-20T01:00:00Z,12.5,83,0
6401307.102,2026-09-20T02:00:00Z,11.9,86,0
6401307.102,2026-09-20T03:00:00Z,11.6,87,0
6401307.102,2026-09-20T04:00:00Z,11.3,88,0
6401307.102,2026-09-20T05:00:00Z,13.4,82,0
6401307.102,2026-09-20T06:00:00Z,15.8,74,0
6401307.102,2026-09-20T07:00:00Z,18.9,63,0
6401307.102,2026-09-20T08:00:00Z,21.1,53,0
6401307.102,2026-09-20T09:00:00Z,22.4,45,0
6401307.102,2026-09-20T10:00:00Z,23.2,42,0
6401307.102,2026-09-20T11:00:00Z,23.7,40,0
6401307.102,2026-09-20T12:00:00Z,25.1,36,0
6401307.102,2026-09-20T13:00:00Z,25.0,36,0
6401307.102,2026-09-20T14:00:00Z,24.5,37,0
6401307.102,2026-09-20T15:00:00Z,23.4,43,0
6401307.102,2026-09-20T16:00:00Z,20.6,54,0
6401307.102,2026-09-20T17:00:00Z,19.7,56,0
6401307.102,2026-09-20T18:00:00Z,18.6,56,0
6401307.102,2026-09-20T19:00:00Z,17.1,63,0
6401307.102,2026-09-20T20:00:00Z,16.3,68,0
6401307.102,2026-09-20T21:00:00Z,15.8,69,0
6401307.102,2026-09-20T22:00:00Z,15.3,70,0
6401307.102,2026-09-20T23:00:00Z,14.9,70,0
6401307.102,2026-09-21T00:00:00Z,14.2,75,0
6401307.102,2026-09-21T01:00:00Z,14.3,74,0
6401307.102,2026-09-21T02:00:00Z,14.2,74,0
6401307.102,2026-09-21T03:00:00Z,13.6,77,0
6401307.102,2026-09-21T04:00:00Z,12.8,82,0
6401307.102,2026-09-21T05:00:00Z,14.8,75,0
6401307.102,2026-09-21T06:00:00Z,17.2,68,0
6401307.102,2026-09-21T07:00:00Z,19.6,63,0
6401307.102,2026-09-21T08:00:00Z,21.9,54,0
6401307.102,2026-09-21T09:00:00Z,22.5,48,0
6401307.102,2026-09-21T10:00:00Z,21.7,50,0
6401307.102,2026-09-21T11:00:00Z,19.5,62,0.1
6401307.102,2026-09-21T12:00:00Z,16.4,93,0.8
6401307.102,2026-09-21T13:00:00Z,15.5,91,0.6
6401307.102,2026-09-21T14:00:00Z,13.6,92,0.6
6401307.102,2026-09-21T15:00:00Z,13.8,79,0
6401307.102,2026-09-21T16:00:00Z,13.2,78,0
6401307.102,2026-09-21T17:00:00Z,12.4,80,0
6401307.102,2026-09-21T18:00:00Z,11.7,80,0
6401307.102,2026-09-21T19:00:00Z,10.9,82,0
6401307.102,2026-09-21T20:00:00Z,10.5,83,0
6401307.102,2026-09-21T21:00:00Z,10.1,87,0
6401307.102,2026-09-21T22:00:00Z,10.0,89,0
6401307.102,2026-09-21T23:00:00Z,9.9,90,0
6401307.102,2026-09-22T00:00:00Z,9.1,90,0
6401307.102,2026-09-22T01:00:00Z,8.7,91,0
6401307.102,2026-09-22T02:00:00Z,8.4,93,0
6401307.102,2026-09-22T03:00:00Z,8.2,94,0
6401307.102,2026-09-22T04:00:00Z,8.0,94,0
6401307.102,2026-09-22T05:00:00Z,9.2,88,0
6401307.102,2026-09-22T06:00:00Z,11.1,80,0
6401307.102,2026-09-22T07:00:00Z,12.8,71,0
6401307.102,2026-09-22T08:00:00Z,14.2,61,0.1
6401307.102,2026-09-22T09:00:00Z,15.5,52,0
6401307.102,2026-09-22T10:00:00Z,16.2,49,0
6401307.102,2026-09-22T11:00:00Z,16.9,46,0
6401307.102,2026-09-22T12:00:00Z,16.2,51,0
6401307.102,2026-09-22T13:00:00Z,16.4,50,0
6401307.102,2026-09-22T14:00:00Z,16.1,49,0
6401307.102,2026-09-22T15:00:00Z,15.5,51,0
6401307.102,2026-09-22T16:00:00Z,13.2,62,0
6401307.102,2026-09-22T17:00:00Z,11.9,68,0
6401307.102,2026-09-22T18:00:00Z,12.0,67,0
6401307.102,2026-09-22T19:00:00Z,11.3,72,0
6401307.102,2026-09-22T20:00:00Z,10.2,79,0
6401307.102,2026-09-22T21:00:00Z,9.6,85,0
6401307.102,2026-09-22T22:00:00Z,9.0,90,0
6401307.102,2026-09-22T23:00:00Z,8.7,93,0
6401307.102,2026-09-23T00:00:00Z,7.8,96,0
6401307.102,2026-09-23T01:00:00Z,7.5,97,0
6401307.102,2026-09-23T02:00:00Z,7.2,98,0
6401307.102,2026-09-23T03:00:00Z,7.1,97,0
6401307.102,2026-09-23T04:00:00Z,7.1,97,0
6401307.102,2026-09-23T05:00:00Z,8.0,93,0
6401307.102,2026-09-23T06:00:00Z,9.2,86,0
6401307.102,2026-09-23T07:00:00Z,11.0,79,0
6401307.102,2026-09-23T08:00:00Z,12.5,73,0
6401307.102,2026-09-23T09:00:00Z,14.2,63,0
6401307.102,2026-09-23T10:00:00Z,14.8,58,0
6401307.102,2026-09-23T11:00:00Z,14.9,55,0
6401307.102,2026-09-23T12:00:00Z,14.6,61,0
6401307.102,2026-09-23T13:00:00Z,14.3,61,0
6401307.102,2026-09-23T14:00:00Z,14.2,61,0
6401307.102,2026-09-23T15:00:00Z,13.7,62,0
6401307.102,2026-09-23T16:00:00Z,13.2,63,0
6401307.102,2026-09-23T17:00:00Z,12.9,69,0
6401307.102,2026-09-23T18:00:00Z,11.1,93,0.1
6401307.102,2026-09-23T19:00:00Z,10.7,95,1.4
6401307.102,2026-09-23T20:00:00Z,10.8,95,0.3
6401307.102,2026-09-23T21:00:00Z,10.6,95,0.3
6401307.102,2026-09-23T22:00:00Z,10.4,95,0.2
6401307.102,2026-09-23T23:00:00Z,10.3,94,0.1
6401307.102,2026-09-24T00:00:00Z,10.1,94,0.1
6401307.102,2026-09-24T01:00:00Z,10.1,94,0.2
6401307.102,2026-09-24T02:00:00Z,10.0,93,0.1
6401307.102,2026-09-24T03:00:00Z,9.8,92,0.1
6401307.102,2026-09-24T04:00:00Z,9.8,90,0.1
6401307.102,2026-09-24T05:00:00Z,10.1,87,0
6401307.102,2026-09-24T06:00:00Z,11.3,80,0
6401307.102,2026-09-24T07:00:00Z,13.0,70,0
6401307.102,2026-09-24T08:00:00Z,14.1,63,0.2
6401307.102,2026-09-24T09:00:00Z,14.3,65,0.2
6401307.102,2026-09-24T10:00:00Z,15.0,61,0.2
6401307.102,2026-09-24T11:00:00Z,15.1,57,0.1
6401307.102,2026-09-24T12:00:00Z,16.9,47,0
6401307.102,2026-09-24T13:00:00Z,16.7,45,0
6401307.102,2026-09-24T14:00:00Z,16.5,45,0
6401307.102,2026-09-24T15:00:00Z,15.7,50,0
6401307.102,2026-09-24T16:00:00Z,13.5,63,0
6401307.102,2026-09-24T17:00:00Z,13.3,63,0
6401307.102,2026-09-24T18:00:00Z,12.3,66,0
6401307.102,2026-09-24T19:00:00Z,11.9,67,0
6401307.102,2026-09-24T20:00:00Z,11.3,69,0
6401307.102,2026-09-24T21:00:00Z,10.4,74,0
6401307.102,2026-09-24T22:00:00Z,10.4,78,0
6401307.102,2026-09-24T23:00:00Z,9.9,81,0
6401307.102,2026-09-25T00:00:00Z,9.7,82,0
6401307.102,2026-09-25T01:00:00Z,8.9,84,0
6401307.102,2026-09-25T02:00:00Z,8.2,86,0
6401307.102,2026-09-25T03:00:00Z,7.6,88,0
6401307.102,2026-09-25T04:00:00Z,7.6,89,0
6401307.102,2026-09-25T05:00:00Z,8.8,84,0
6401307.102,2026-09-25T06:00:00Z,11.0,77,0
6401307.102,2026-09-25T07:00:00Z,13.6,66,0
6401307.102,2026-09-25T08:00:00Z,16.0,57,0
6401307.102,2026-09-25T09:00:00Z,17.9,49,0
6401307.102,2026-09-25T10:00:00Z,19.1,40,0
6401307.102,2026-09-25T11:00:00Z,19.7,37,0
6401307.102,2026-09-25T12:00:00Z,20.1,34,0
6401307.102,2026-09-25T13:00:00Z,19.8,34,0
6401307.102,2026-09-25T14:00:00Z,19.3,43,0
6401307.102,2026-09-25T15:00:00Z,18.2,48,0
6401307.102,2026-09-25T16:00:00Z,15.9,55,0
6401307.102,2026-09-25T17:00:00Z,15.1,58,0
6401307.102,2026-09-25T18:00:00Z,14.6,70,0
6401307.102,2026-09-25T19:00:00Z,13.8,74,0
6401307.102,2026-09-25T20:00:00Z,12.8,79,0
6401307.102,2026-09-25T21:00:00Z,11.8,84,0
6401307.102,2026-09-25T22:00:00Z,11.3,88,0
6401307.102,2026-09-25T23:00:00Z,11.1,90,0
6401307.102,2026-09-26T00:00:00Z,10.5,91,0
6401307.102,2026-09-26T01:00:00Z,9.7,93,0
6401307.102,2026-09-26T02:00:00Z,9.8,94,0
6401307.102,2026-09-26T03:00:00Z,9.8,94,0
6401307.102,2026-09-26T04:00:00Z,9.8,95,0
6401307.102,2026-09-26T05:00:00Z,11.1,91,0
6401307.102,2026-09-26T06:00:00Z,12.6,84,0
6401307.102,2026-09-26T07:00:00Z,14.8,76,0
6401307.102,2026-09-26T08:00:00Z,16.9,68,0
6401307.102,2026-09-26T09:00:00Z,18.4,59,0
6401307.102,2026-09-26T10:00:00Z,19.2,54,0
6401307.102,2026-09-26T11:00:00Z,19.7,51,0
6401307.102,2026-09-26T12:00:00Z,19.0,48,0
6401307.102,2026-09-26T13:00:00Z,18.6,51,0
6401307.102,2026-09-26T14:00:00Z,18.2,54,0
6401307.102,2026-09-26T15:00:00Z,17.5,63,0
6401307.102,2026-09-26T16:00:00Z,15.6,71,0
6401307.102,2026-09-26T17:00:00Z,15.1,72,0
6401307.102,2026-09-26T18:00:00Z,14.8,70,0
6401307.102,2026-09-26T19:00:00Z,13.9,72,0
6401307.102,2026-09-26T20:00:00Z,13.0,77,0
6401307.102,2026-09-26T21:00:00Z,12.3,79,0
6401307.102,2026-09-26T22:00:00Z,11.3,84,0
6401307.102,2026-09-26T23:00:00Z,10.5,87,0
6401307.102,2026-09-27T00:00:00Z,9.4,92,0
6401307.102,2026-09-27T01:00:00Z,8.9,92,0
6401307.102,2026-09-27T02:00:00Z,8.7,92,0
6401307.102,2026-09-27T03:00:00Z,8.4,93,0
6401307.102,2026-09-27T04:00:00Z,8.0,94,0
6401307.102,2026-09-27T05:00:00Z,9.6,90,0
6401307.102,2026-09-27T06:00:00Z,11.9,79,0
6401307.102,2026-09-27T07:00:00Z,15.0,66,0
6401307.102,2026-09-27T08:00:00Z,17.6,54,0
6401307.102,2026-09-27T09:00:00Z,19.1,45,0
6401307.102,2026-09-27T10:00:00Z,19.8,42,0
6401307.102,2026-09-27T11:00:00Z,20.2,40,0
6401307.102,2026-09-27T12:00:00Z,21.1,35,0
6401307.102,2026-09-27T13:00:00Z,20.8,36,0
6401307.102,2026-09-27T14:00:00Z,20.3,38,0
6401307.102,2026-09-27T15:00:00Z,19.1,42,0
6401307.102,2026-09-27T16:00:00Z,16.3,52,0
6401307.102,2026-09-27T17:00:00Z,15.0,58,0
6401307.102,2026-09-27T18:00:00Z,14.5,58,0
6401307.102,2026-09-27T19:00:00Z,14.1,59,0
6401307.102,2026-09-27T20:00:00Z,13.3,61,0
6401307.102,2026-09-27T21:00:00Z,12.7,64,0
6401307.102,2026-09-27T22:00:00Z,12.2,66,0
6401307.102,2026-09-27T23:00:00Z,11.7,67,0
6401307.102,2026-09-28T00:00:00Z,10.7,70,0
6401307.102,2026-09-28T01:00:00Z,10.6,70,0
6401307.102,2026-09-28T02:00:00Z,10.5,72,0
6401307.102,2026-09-28T03:00:00Z,10.4,74,0
6401307.102,2026-09-28T04:00:00Z,10.4,75,0
6401307.102,2026-09-28T05:00:00Z,11.4,73,0
6401307.102,2026-09-28T06:00:00Z,13.0,71,0
6401307.102,2026-09-28T07:00:00Z,14.5,69,0
6401307.102,2026-09-28T08:00:00Z,15.3,73,0.3
6401307.102,2026-09-28T09:00:00Z,16.5,68,0.1
6401307.102,2026-09-28T10:00:00Z,17.4,63,0
6401307.102,2026-09-28T11:00:00Z,18.8,57,0
6401307.102,2026-09-28T12:00:00Z,19.8,50,0
6401307.102,2026-09-28T13:00:00Z,20.2,46,0
6401307.102,2026-09-28T14:00:00Z,20.0,47,0
6401307.102,2026-09-28T15:00:00Z,19.3,50,0
6401307.102,2026-09-28T16:00:00Z,18.2,55,0
6401307.102,2026-09-28T17:00:00Z,17.3,57,0
6401307.102,2026-09-28T18:00:00Z,16.9,55,0
6401307.102,2026-09-28T19:00:00Z,16.1,56,0
6401307.102,2026-09-28T20:00:00Z,15.4,57,0
6401307.102,2026-09-28T21:00:00Z,14.7,59,0
6401307.102,2026-09-28T22:00:00Z,13.8,63,0
6401307.102,2026-09-28T23:00:00Z,13.2,66,0
6401307.102,2026-09-29T00:00:00Z,12.7,69,0
6401307.102,2026-09-29T01:00:00Z,12.1,71,0
6401307.102,2026-09-29T02:00:00Z,11.7,72,0
6401307.102,2026-09-29T03:00:00Z,11.4,74,0
6401307.102,2026-09-29T04:00:00Z,11.1,76,0
6401307.102,2026-09-29T05:00:00Z,11.8,75,0
6401307.102,2026-09-29T06:00:00Z,13.1,73,0
6401307.102,2026-09-29T07:00:00Z,15.0,68,0
6401307.102,2026-09-29T08:00:00Z,16.9,61,0
6401307.102,2026-09-29T09:00:00Z,18.5,53,0
6401307.102,2026-09-29T10:00:00Z,19.6,47,0
6401307.102,2026-09-29T11:00:00Z,20.3,43,0
6401307.102,2026-09-29T12:00:00Z,21.2,40,0
6401307.102,2026-09-29T13:00:00Z,21.1,39,0
6401307.102,2026-09-29T14:00:00Z,20.5,39,0
6401307.102,2026-09-29T15:00:00Z,19.3,44,0
6401307.102,2026-09-29T16:00:00Z,17.9,48,0
6401307.102,2026-09-29T17:00:00Z,16.2,56,0
6401307.102,2026-09-29T18:00:00Z,14.9,57,0
6401307.102,2026-09-29T19:00:00Z,13.9,61,0
6401307.102,2026-09-29T20:00:00Z,13.0,66,0
6401307.102,2026-09-29T21:00:00Z,12.0,70,0
6401307.102,2026-09-29T22:00:00Z,11.2,76,0
6401307.102,2026-09-29T23:00:00Z,10.9,79,0
6401307.102,2026-09-30T00:00:00Z,10.5,78,0
6401307.102,2026-09-30T01:00:00Z,10.0,81,0
6401307.102,2026-09-30T02:00:00Z,9.4,84,0
6401307.102,2026-09-30T03:00:00Z,8.8,87,0
6401307.102,2026-09-30T04:00:00Z,8.2,89,0
6401307.102,2026-09-30T05:00:00Z,9.4,85,0
6401307.102,2026-09-30T06:00:00Z,11.2,76,0
6401307.102,2026-09-30T07:00:00Z,13.6,67,0
6401307.102,2026-09-30T08:00:00Z,15.8,58,0
6401307.102,2026-09-30T09:00:00Z,16.9,50,0
6401307.102,2026-09-30T10:00:00Z,17.8,45,0
6401307.102,2026-09-30T11:00:00Z,18.4,42,0
6401307.102,2026-09-30T12:00:00Z,19.7,35,0
6401307.102,2026-09-30T13:00:00Z,19.4,35,0
6401307.102,2026-09-30T14:00:00Z,18.9,36,0
6401307.102,2026-09-30T15:00:00Z,17.6,41,0
6401307.102,2026-09-30T16:00:00Z,14.9,49,0
6401307.102,2026-09-30T17:00:00Z,13.7,54,0
6401307.102,2026-09-30T18:00:00Z,12.8,54,0
6401307.102,2026-09-30T19:00:00Z,12.1,58,0
6401307.102,2026-09-30T20:00:00Z,11.4,62,0
6401307.102,2026-09-30T21:00:00Z,10.8,66,0
6401307.102,2026-09-30T22:00:00Z,9.9,70,0
6401307.102,2026-09-30T23:00:00Z,9.3,73,0
6401307.102,2026-10-01T00:00:00Z,8.1,74,0
6401307.102,2026-10-01T01:00:00Z,7.5,77,0
6401307.102,2026-10-01T02:00:00Z,7.2,80,0
6401307.102,2026-10-01T03:00:00Z,7.0,82,0
6401307.102,2026-10-01T04:00:00Z,6.9,84,0
6401307.102,2026-10-01T05:00:00Z,8.2,79,0
6401307.102,2026-10-01T06:00:00Z,10.4,71,0
6401307.102,2026-10-01T07:00:00Z,12.9,63,0
6401307.102,2026-10-01T08:00:00Z,15.3,56,0
6401307.102,2026-10-01T09:00:00Z,17.1,50,0
6401307.102,2026-10-01T10:00:00Z,18.0,46,0
6401307.102,2026-10-01T11:00:00Z,18.7,41,0
6401307.102,2026-10-01T12:00:00Z,20.0,33,0
6401307.102,2026-10-01T13:00:00Z,19.8,31,0
6401307.102,2026-10-01T14:00:00Z,19.2,31,0
6401307.102,2026-10-01T15:00:00Z,17.7,37,0
6401307.102,2026-10-01T16:00:00Z,14.9,45,0
6401307.102,2026-10-01T17:00:00Z,13.6,49,0
6401307.102,2026-10-01T18:00:00Z,13.0,50,0
6401307.102,2026-10-01T19:00:00Z,12.1,55,0
6401307.102,2026-10-01T20:00:00Z,11.4,60,0
6401307.102,2026-10-01T21:00:00Z,10.9,65,0
6401307.102,2026-10-01T22:00:00Z,10.0,72,0
6401307.102,2026-10-01T23:00:00Z,9.4,77,0
6401307.102,2026-10-02T00:00:00Z,8.8,77,0
6401307.102,2026-10-02T01:00:00Z,8.1,82,0
6401307.102,2026-10-02T02:00:00Z,7.6,85,0
6401307.102,2026-10-02T03:00:00Z,7.5,86,0
6401307.102,2026-10-02T04:00:00Z,7.7,86,0
6401307.102,2026-10-02T05:00:00Z,9.0,80,0
6401307.102,2026-10-02T06:00:00Z,10.8,72,0
6401307.102,2026-10-02T07:00:00Z,13.0,64,0
6401307.102,2026-10-02T08:00:00Z,15.2,56,0
6401307.102,2026-10-02T09:00:00Z,16.9,46,0
6401307.102,2026-10-02T10:00:00Z,17.6,41,0
6401307.102,2026-10-02T11:00:00Z,18.0,38,0
6401307.102,2026-10-02T12:00:00Z,19.1,31,0
6401307.102,2026-10-02T13:00:00Z,18.8,31,0
6401307.102,2026-10-02T14:00:00Z,18.2,32,0
6401307.102,2026-10-02T15:00:00Z,16.7,37,0
6401307.102,2026-10-02T16:00:00Z,13.7,48,0
6401307.102,2026-10-02T17:00:00Z,12.3,53,0
6401307.102,2026-10-02T18:00:00Z,11.3,54,0
6401307.102,2026-10-02T19:00:00Z,10.2,59,0
6401307.102,2026-10-02T20:00:00Z,9.2,64,0
6401307.102,2026-10-02T21:00:00Z,8.3,69,0
6401307.102,2026-10-02T22:00:00Z,7.6,73,0
6401307.102,2026-10-02T23:00:00Z,7.1,76,0
6401307.102,2026-10-03T00:00:00Z,5.5,80,0
6401307.102,2026-10-03T01:00:00Z,4.9,82,0
6401307.102,2026-10-03T02:00:00Z,4.4,84,0
6401307.102,2026-10-03T03:00:00Z,4.1,86,0
6401307.102,2026-10-03T04:00:00Z,3.8,87,0
6401307.102,2026-10-03T05:00:00Z,5.2,80,0
6401307.102,2026-10-03T06:00:00Z,8.3,67,0
6401307.102,2026-10-03T07:00:00Z,11.7,54,0
6401307.102,2026-10-03T08:00:00Z,14.5,44,0
6401307.102,2026-10-03T09:00:00Z,16.3,38,0
6401307.102,2026-10-03T10:00:00Z,17.6,36,0
6401307.102,2026-10-03T11:00:00Z,18.5,34,0
6401307.102,2026-10-03T12:00:00Z,20.2,28,0
6401307.102,2026-10-03T13:00:00Z,20.1,27,0
6401307.102,2026-10-03T14:00:00Z,19.5,28,0
6401307.102,2026-10-03T15:00:00Z,17.5,36,0
6401307.102,2026-10-03T16:00:00Z,14.6,42,0
6401307.102,2026-10-03T17:00:00Z,13.4,46,0
6401307.102,2026-10-03T18:00:00Z,12.0,51,0
6401307.102,2026-10-03T19:00:00Z,10.8,55,0
6401307.102,2026-10-03T20:00:00Z,9.9,59,0
6401204.045,2026-04-30T21:00:00Z,5.2,58,0
6401204.045,2026-04-30T22:00:00Z,3.7,65,0
6401204.045,2026-04-30T23:00:00Z,2.6,70,0
6401204.045,2026-05-01T00:00:00Z,3.8,60,0
6401204.045,2026-05-01T01:00:00Z,2.5,65,0
6401204.045,2026-05-01T02:00:00Z,1.3,71,0
6401204.045,2026-05-01T03:00:00Z,1.6,71,0
6401204.045,2026-05-01T04:00:00Z,3.0,68,0
6401204.045,2026-05-01T05:00:00Z,5.5,63,0
6401204.045,2026-05-01T06:00:00Z,7.6,52,0
6401204.045,2026-05-01T07:00:00Z,8.7,39,0
6401204.045,2026-05-01T08:00:00Z,8.5,42,0
6401204.045,2026-05-01T09:00:00Z,9.8,38,0
6401204.045,2026-05-01T10:00:00Z,9.8,39,0
6401204.045,2026-05-01T11:00:00Z,10.1,39,0
6401204.045,2026-05-01T12:00:00Z,11.4,34,0
6401204.045,2026-05-01T13:00:00Z,11.4,35,0
6401204.045,2026-05-01T14:00:00Z,11.2,36,0
6401204.045,2026-05-01T15:00:00Z,10.7,40,0
6401204.045,2026-05-01T16:00:00Z,10.3,44,0
6401204.045,2026-05-01T17:00:00Z,9.3,50,0
6401204.045,2026-05-01T18:00:00Z,8.2,59,0
6401204.045,2026-05-01T19:00:00Z,8.4,60,0
6401204.045,2026-05-01T20:00:00Z,8.3,62,0
6401204.045,2026-05-01T21:00:00Z,6.9,72,0
6401204.045,2026-05-01T22:00:00Z,4.6,84,0
6401204.045,2026-05-01T23:00:00Z,5.3,81,0
6401204.045,2026-05-02T00:00:00Z,5.6,88,0
6401204.045,2026-05-02T01:00:00Z,6.6,85,0
6401204.045,2026-05-02T02:00:00Z,6.6,83,0
6401204.045,2026-05-02T03:00:00Z,6.0,83,0
6401204.045,2026-05-02T04:00:00Z,6.5,75,0
6401204.045,2026-05-02T05:00:00Z,7.6,69,0
6401204.045,2026-05-02T06:00:00Z,9.5,56,0
6401204.045,2026-05-02T07:00:00Z,10.3,36,0
6401204.045,2026-05-02T08:00:00Z,11.5,34,0
6401204.045,2026-05-02T09:00:00Z,11.4,34,0
6401204.045,2026-05-02T10:00:00Z,11.9,35,0
6401204.045,2026-05-02T11:00:00Z,12.2,35,0
6401204.045,2026-05-02T12:00:00Z,12.1,36,0
6401204.045,2026-05-02T13:00:00Z,12.2,35,0
6401204.045,2026-05-02T14:00:00Z,11.8,36,0
6401204.045,2026-05-02T15:00:00Z,11.7,35,0
6401204.045,2026-05-02T16:00:00Z,11.2,42,0
6401204.045,2026-05-02T17:00:00Z,9.6,52,0
6401204.045,2026-05-02T18:00:00Z,7.8,54,0
6401204.045,2026-05-02T19:00:00Z,7.0,57,0
6401204.045,2026-05-02T20:00:00Z,5.9,63,0
6401204.045,2026-05-02T21:00:00Z,5.2,65,0
6401204.045,2026-05-02T22:00:00Z,5.0,62,0
6401204.045,2026-05-02T23:00:00Z,4.3,63,0
6401204.045,2026-05-03T00:00:00Z,3.1,63,0
6401204.045,2026-05-03T01:00:00Z,2.4,64,0
6401204.045,2026-05-03T02:00:00Z,2.0,65,0
6401204.045,2026-05-03T03:00:00Z,1.4,67,0
6401204.045,2026-05-03T04:00:00Z,3.6,66,0
6401204.045,2026-05-03T05:00:00Z,6.8,64,0
6401204.045,2026-05-03T06:00:00Z,9.5,54,0
6401204.045,2026-05-03T07:00:00Z,11.5,45,0
6401204.045,2026-05-03T08:00:00Z,12.7,39,0
6401204.045,2026-05-03T09:00:00Z,13.6,38,0
6401204.045,2026-05-03T10:00:00Z,14.5,37,0
6401204.045,2026-05-03T11:00:00Z,15.1,37,0
6401204.045,2026-05-03T12:00:00Z,16.4,34,0
6401204.045,2026-05-03T13:00:00Z,16.8,34,0
6401204.045,2026-05-03T14:00:00Z,17.0,35,0
6401204.045,2026-05-03T15:00:00Z,16.2,38,0
6401204.045,2026-05-03T16:00:00Z,14.3,48,0
6401204.045,2026-05-03T17:00:00Z,12.9,55,0
6401204.045,2026-05-03T18:00:00Z,10.5,61,0
6401204.045,2026-05-03T19:00:00Z,10.9,59,0
6401204.045,2026-05-03T20:00:00Z,10.4,60,0
6401204.045,2026-05-03T21:00:00Z,9.7,61,0
6401204.045,2026-05-03T22:00:00Z,8.2,66,0
6401204.045,2026-05-03T23:00:00Z,7.7,66,0
6401204.045,2026-05-04T00:00:00Z,6.5,69,0
6401204.045,2026-05-04T01:00:00Z,6.1,70,0
6401204.045,2026-05-04T02:00:00Z,5.9,71,0
6401204.045,2026-05-04T03:00:00Z,5.8,70,0
6401204.045,2026-05-04T04:00:00Z,7.7,67,0
6401204.045,2026-05-04T05:00:00Z,10.0,65,0
6401204.045,2026-05-04T06:00:00Z,12.7,57,0
6401204.045,2026-05-04T07:00:00Z,15.2,49,0
6401204.045,2026-05-04T08:00:00Z,17.1,47,0
6401204.045,2026-05-04T09:00:00Z,18.7,43,0
6401204.045,2026-05-04T10:00:00Z,19.8,42,0
6401204.045,2026-05-04T11:00:00Z,20.5,41,0
6401204.045,2026-05-04T12:00:00Z,21.7,36,0
6401204.045,2026-05-04T13:00:00Z,22.2,33,0
6401204.045,2026-05-04T14:00:00Z,22.1,31,0
6401204.045,2026-05-04T15:00:00Z,21.5,33,0
6401204.045,2026-05-04T16:00:00Z,19.5,49,0
6401204.045,2026-05-04T17:00:00Z,16.0,57,0
6401204.045,2026-05-04T18:00:00Z,14.6,52,0
6401204.045,2026-05-04T19:00:00Z,14.2,51,0
6401204.045,2026-05-04T20:00:00Z,13.0,55,0
6401204.045,2026-05-04T21:00:00Z,13.0,54,0
6401204.045,2026-05-04T22:00:00Z,12.0,57,0
6401204.045,2026-05-04T23:00:00Z,11.3,60,0
6401204.045,2026-05-05T00:00:00Z,10.0,61,0
6401204.045,2026-05-05T01:00:00Z,9.3,62,0
6401204.045,2026-05-05T02:00:00Z,8.8,65,0
6401204.045,2026-05-05T03:00:00Z,8.6,66,0
6401204.045,2026-05-05T04:00:00Z,10.5,64,0
6401204.045,2026-05-05T05:00:00Z,12.6,65,0
6401204.045,2026-05-05T06:00:00Z,15.5,58,0
6401204.045,2026-05-05T07:00:00Z,18.6,50,0
6401204.045,2026-05-05T08:00:00Z,20.9,42,0
6401204.045,2026-05-05T09:00:00Z,22.3,34,0
6401204.045,2026-05-05T10:00:00Z,23.1,32,0
6401204.045,2026-05-05T11:00:00Z,23.5,32,0
6401204.045,2026-05-05T12:00:00Z,24.3,29,0
6401204.045,2026-05-05T13:00:00Z,24.4,29,0
6401204.045,2026-05-05T14:00:00Z,24.0,30,0
6401204.045,2026-05-05T15:00:00Z,23.2,34,0
6401204.045,2026-05-05T16:00:00Z,21.4,44,0
6401204.045,2026-05-05T17:00:00Z,19.2,45,0
6401204.045,2026-05-05T18:00:00Z,17.9,41,0
6401204.045,2026-05-05T19:00:00Z,17.1,43,0
6401204.045,2026-05-05T20:00:00Z,16.4,45,0
6401204.045,2026-05-05T21:00:00Z,15.0,52,0
6401204.045,2026-05-05T22:00:00Z,13.8,57,0
6401204.045,2026-05-05T23:00:00Z,12.5,62,0
6401204.045,2026-05-06T00:00:00Z,11.2,67,0
6401204.045,2026-05-06T01:00:00Z,10.1,71,0
6401204.045,2026-05-06T02:00:00Z,9.7,71,0
6401204.045,2026-05-06T03:00:00Z,9.9,69,0
6401204.045,2026-05-06T04:00:00Z,11.7,65,0
6401204.045,2026-05-06T05:00:00Z,13.9,60,0
6401204.045,2026-05-06T06:00:00Z,16.0,52,0
6401204.045,2026-05-06T07:00:00Z,18.8,50,0
6401204.045,2026-05-06T08:00:00Z,21.6,45,0
6401204.045,2026-05-06T09:00:00Z,23.4,37,0
6401204.045,2026-05-06T10:00:00Z,24.4,34,0
6401204.045,2026-05-06T11:00:00Z,24.9,32,0
6401204.045,2026-05-06T12:00:00Z,25.5,30,0
6401204.045,2026-05-06T13:00:00Z,25.5,30,0
6401204.045,2026-05-06T14:00:00Z,25.3,30,0
6401204.045,2026-05-06T15:00:00Z,24.5,33,0
6401204.045,2026-05-06T16:00:00Z,22.7,42,0
6401204.045,2026-05-06T17:00:00Z,20.4,43,0
6401204.045,2026-05-06T18:00:00Z,19.1,43,0
6401204.045,2026-05-06T19:00:00Z,18.2,43,0
6401204.045,2026-05-06T20:00:00Z,16.8,45,0
6401204.045,2026-05-06T21:00:00Z,15.7,47,0
6401204.045,2026-05-06T22:00:00Z,14.6,50,0
6401204.045,2026-05-06T23:00:00Z,13.1,54,0
6401204.045,2026-05-07T00:00:00Z,11.4,65,0
6401204.045,2026-05-07T01:00:00Z,10.7,66,0
6401204.045,2026-05-07T02:00:00Z,10.4,65,0
6401204.045,2026-05-07T03:00:00Z,10.1,66,0
6401204.045,2026-05-07T04:00:00Z,12.0,62,0
6401204.045,2026-05-07T05:00:00Z,14.5,57,0
6401204.045,2026-05-07T06:00:00Z,16.3,50,0
6401204.045,2026-05-07T07:00:00Z,18.6,44,0
6401204.045,2026-05-07T08:00:00Z,20.5,38,0
6401204.045,2026-05-07T09:00:00Z,21.7,34,0
6401204.045,2026-05-07T10:00:00Z,22.4,32,0
6401204.045,2026-05-07T11:00:00Z,22.8,32,0
6401204.045,2026-05-07T12:00:00Z,23.2,32,0
6401204.045,2026-05-07T13:00:00Z,23.0,33,0
6401204.045,2026-05-07T14:00:00Z,22.6,35,0
6401204.045,2026-05-07T15:00:00Z,21.8,39,0
6401204.045,2026-05-07T16:00:00Z,20.6,46,0
6401204.045,2026-05-07T17:00:00Z,18.7,55,0
6401204.045,2026-05-07T18:00:00Z,16.9,61,0
6401204.045,2026-05-07T19:00:00Z,15.7,67,0
6401204.045,2026-05-07T20:00:00Z,14.4,74,0
6401204.045,2026-05-07T21:00:00Z,13.2,79,0
6401204.045,2026-05-07T22:00:00Z,12.2,81,0
6401204.045,2026-05-07T23:00:00Z,11.3,83,0
6401204.045,2026-05-08T00:00:00Z,10.3,86,0
6401204.045,2026-05-08T01:00:00Z,9.8,87,0
6401204.045,2026-05-08T02:00:00Z,9.3,89,0
6401204.045,2026-05-08T03:00:00Z,9.2,91,0
6401204.045,2026-05-08T04:00:00Z,10.5,85,0
6401204.045,2026-05-08T05:00:00Z,12.1,78,0
6401204.045,2026-05-08T06:00:00Z,12.8,75,0
6401204.045,2026-05-08T07:00:00Z,15.0,67,0
6401204.045,2026-05-08T08:00:00Z,17.0,62,0
6401204.045,2026-05-08T09:00:00Z,18.8,59,0
6401204.045,2026-05-08T10:00:00Z,20.3,56,0
6401204.045,2026-05-08T11:00:00Z,20.2,63,1.4
6401204.045,2026-05-08T12:00:00Z,18.7,76,0.1
6401204.045,2026-05-08T13:00:00Z,20.8,61,0
6401204.045,2026-05-08T14:00:00Z,22.0,55,0
6401204.045,2026-05-08T15:00:00Z,21.9,55,0
6401204.045,2026-05-08T16:00:00Z,18.6,76,1.6
6401204.045,2026-05-08T17:00:00Z,16.4,95,3.1
6401204.045,2026-05-08T18:00:00Z,15.9,96,0.2
6401204.045,2026-05-08T19:00:00Z,15.1,96,0
6401204.045,2026-05-08T20:00:00Z,14.6,97,0
6401204.045,2026-05-08T21:00:00Z,13.9,99,0
6401204.045,2026-05-08T22:00:00Z,13.5,99,0
6401204.045,2026-05-08T23:00:00Z,12.7,100,0
6401204.045,2026-05-09T00:00:00Z,13.3,98,0
6401204.045,2026-05-09T01:00:00Z,12.3,100,0
6401204.045,2026-05-09T02:00:00Z,11.5,100,0
6401204.045,2026-05-09T03:00:00Z,11.5,100,0
6401204.045,2026-05-09T04:00:00Z,12.4,99,0
6401204.045,2026-05-09T05:00:00Z,13.2,96,0
6401204.045,2026-05-09T06:00:00Z,13.5,95,0
6401204.045,2026-05-09T07:00:00Z,14.9,88,0
6401204.045,2026-05-09T08:00:00Z,16.6,80,0.1
6401204.045,2026-05-09T09:00:00Z,17.9,74,0.1
6401204.045,2026-05-09T10:00:00Z,18.5,71,0.1
6401204.045,2026-05-09T11:00:00Z,19.5,67,0.1
6401204.045,2026-05-09T12:00:00Z,19.3,66,0
6401204.045,2026-05-09T13:00:00Z,19.7,65,0
6401204.045,2026-05-09T14:00:00Z,19.4,68,0
6401204.045,2026-05-09T15:00:00Z,19.3,64,0
6401204.045,2026-05-09T16:00:00Z,18.4,74,0
6401204.045,2026-05-09T17:00:00Z,16.3,84,0.6
6401204.045,2026-05-09T18:00:00Z,15.3,93,0.5
6401204.045,2026-05-09T19:00:00Z,14.8,93,0
6401204.045,2026-05-09T20:00:00Z,14.4,93,0.1
6401204.045,2026-05-09T21:00:00Z,14.1,96,0.4
6401204.045,2026-05-09T22:00:00Z,13.8,97,0.6
6401204.045,2026-05-09T23:00:00Z,13.8,96,1.1
6401204.045,2026-05-10T00:00:00Z,13.6,94,0.7
6401204.045,2026-05-10T01:00:00Z,13.4,96,1.4
6401204.045,2026-05-10T02:00:00Z,13.3,97,1.5
6401204.045,2026-05-10T03:00:00Z,13.2,97,1.3
6401204.045,2026-05-10T04:00:00Z,13.3,97,1.2
6401204.045,2026-05-10T05:00:00Z,13.6,95,1.0
6401204.045,2026-05-10T06:00:00Z,13.7,94,1.0
6401204.045,2026-05-10T07:00:00Z,13.8,96,0.9
6401204.045,2026-05-10T08:00:00Z,14.1,94,1.2
6401204.045,2026-05-10T09:00:00Z,14.3,93,0.8
6401204.045,2026-05-10T10:00:00Z,14.5,93,0.9
6401204.045,2026-05-10T11:00:00Z,14.3,94,1.3
6401204.045,2026-05-10T12:00:00Z,14.1,91,1.8
6401204.045,2026-05-10T13:00:00Z,13.9,92,0.9
6401204.045,2026-05-10T14:00:00Z,14.5,90,0.4
6401204.045,2026-05-10T15:00:00Z,14.5,91,0.1
6401204.045,2026-05-10T16:00:00Z,14.3,88,0
6401204.045,2026-05-10T17:00:00Z,13.5,90,0
6401204.045,2026-05-10T18:00:00Z,12.7,93,0
6401204.045,2026-05-10T19:00:00Z,11.1,94,0
6401204.045,2026-05-10T20:00:00Z,10.1,95,0
6401204.045,2026-05-10T21:00:00Z,9.4,96,0
6401204.045,2026-05-10T22:00:00Z,8.9,97,0
6401204.045,2026-05-10T23:00:00Z,8.6,98,0
6401204.045,2026-05-11T00:00:00Z,8.1,99,0
6401204.045,2026-05-11T01:00:00Z,7.5,100,0
6401204.045,2026-05-11T02:00:00Z,7.2,100,0
6401204.045,2026-05-11T03:00:00Z,7.4,99,0
6401204.045,2026-05-11T04:00:00Z,9.3,96,0
6401204.045,2026-05-11T05:00:00Z,11.8,94,0
6401204.045,2026-05-11T06:00:00Z,13.2,89,0
6401204.045,2026-05-11T07:00:00Z,15.6,76,0
6401204.045,2026-05-11T08:00:00Z,17.2,66,0.1
6401204.045,2026-05-11T09:00:00Z,18.3,60,0.1
6401204.045,2026-05-11T10:00:00Z,19.0,57,0
6401204.045,2026-05-11T11:00:00Z,19.8,54,0
6401204.045,2026-05-11T12:00:00Z,20.8,49,0
6401204.045,2026-05-11T13:00:00Z,21.2,48,0
6401204.045,2026-05-11T14:00:00Z,21.5,46,0
6401204.045,2026-05-11T15:00:00Z,21.1,47,0
6401204.045,2026-05-11T16:00:00Z,20.0,58,0
6401204.045,2026-05-11T17:00:00Z,17.5,69,0
6401204.045,2026-05-11T18:00:00Z,17.0,70,0
6401204.045,2026-05-11T19:00:00Z,16.7,76,0
6401204.045,2026-05-11T20:00:00Z,15.4,84,0
6401204.045,2026-05-11T21:00:00Z,14.6,89,0
6401204.045,2026-05-11T22:00:00Z,14.0,92,0
6401204.045,2026-05-11T23:00:00Z,13.6,93,0
6401204.045,2026-05-12T00:00:00Z,13.2,95,0
6401204.045,2026-05-12T01:00:00Z,12.8,96,0
6401204.045,2026-05-12T02:00:00Z,12.5,96,0
6401204.045,2026-05-12T03:00:00Z,12.3,96,0
6401204.045,2026-05-12T04:00:00Z,13.2,93,0
6401204.045,2026-05-12T05:00:00Z,14.7,86,0
6401204.045,2026-05-12T06:00:00Z,15.0,83,5.5
6401204.045,2026-05-12T07:00:00Z,15.6,82,0.1
6401204.045,2026-05-12T08:00:00Z,15.3,87,0.8
6401204.045,2026-05-12T09:00:00Z,14.9,93,1.6
6401204.045,2026-05-12T10:00:00Z,15.2,94,1.8
6401204.045,2026-05-12T11:00:00Z,15.9,92,0.6
6401204.045,2026-05-12T12:00:00Z,17.0,77,0
6401204.045,2026-05-12T13:00:00Z,17.5,74,0.1
6401204.045,2026-05-12T14:00:00Z,17.5,74,0.2
6401204.045,2026-05-12T15:00:00Z,17.1,79,0.4
6401204.045,2026-05-12T16:00:00Z,15.0,94,1.3
6401204.045,2026-05-12T17:00:00Z,14.7,96,0.2
6401204.045,2026-05-12T18:00:00Z,13.2,95,0
6401204.045,2026-05-12T19:00:00Z,13.2,95,0
6401204.045,2026-05-12T20:00:00Z,13.3,97,0
6401204.045,2026-05-12T21:00:00Z,12.7,98,0
6401204.045,2026-05-12T22:00:00Z,13.0,97,1.4
6401204.045,2026-05-12T23:00:00Z,12.2,99,0.2
6401204.045,2026-05-13T00:00:00Z,12.0,99,0
6401204.045,2026-05-13T01:00:00Z,11.4,100,0
6401204.045,2026-05-13T02:00:00Z,11.9,99,0
6401204.045,2026-05-13T03:00:00Z,12.3,97,0
6401204.045,2026-05-13T04:00:00Z,12.3,95,0
6401204.045,2026-05-13T05:00:00Z,12.7,91,0
6401204.045,2026-05-13T06:00:00Z,12.5,86,0
6401204.045,2026-05-13T07:00:00Z,13.2,80,0
6401204.045,2026-05-13T08:00:00Z,14.0,75,0
6401204.045,2026-05-13T09:00:00Z,14.0,73,0
6401204.045,2026-05-13T10:00:00Z,14.0,72,0
6401204.045,2026-05-13T11:00:00Z,14.2,70,0
6401204.045,2026-05-13T12:00:00Z,14.6,68,0
6401204.045,2026-05-13T13:00:00Z,14.7,66,0
6401204.045,2026-05-13T14:00:00Z,14.2,65,0
6401204.045,2026-05-13T15:00:00Z,14.0,64,0
6401204.045,2026-05-13T16:00:00Z,13.8,64,0
6401204.045,2026-05-13T17:00:00Z,13.4,64,0
6401204.045,2026-05-13T18:00:00Z,12.9,65,0
6401204.045,2026-05-13T19:00:00Z,12.4,66,0
6401204.045,2026-05-13T20:00:00Z,12.0,66,0
6401204.045,2026-05-13T21:00:00Z,11.5,68,0
6401204.045,2026-05-13T22:00:00Z,10.0,76,0
6401204.045,2026-05-13T23:00:00Z,9.8,77,0
6401204.045,2026-05-14T00:00:00Z,10.2,73,0
6401204.045,2026-05-14T01:00:00Z,10.0,71,0
6401204.045,2026-05-14T02:00:00Z,9.8,68,0
6401204.045,2026-05-14T03:00:00Z,9.4,65,0
6401204.045,2026-05-14T04:00:00Z,9.6,67,0
6401204.045,2026-05-14T05:00:00Z,10.4,67,0
6401204.045,2026-05-14T06:00:00Z,11.9,64,0
6401204.045,2026-05-14T07:00:00Z,13.3,57,0
6401204.045,2026-05-14T08:00:00Z,14.5,50,0
6401204.045,2026-05-14T09:00:00Z,15.3,45,0
6401204.045,2026-05-14T10:00:00Z,16.4,40,0
6401204.045,2026-05-14T11:00:00Z,16.4,42,0
6401204.045,2026-05-14T12:00:00Z,16.7,43,0
6401204.045,2026-05-14T13:00:00Z,16.9,43,0
6401204.045,2026-05-14T14:00:00Z,17.1,41,0
6401204.045,2026-05-14T15:00:00Z,16.7,42,0
6401204.045,2026-05-14T16:00:00Z,16.1,51,0
6401204.045,2026-05-14T17:00:00Z,13.8,56,0
6401204.045,2026-05-14T18:00:00Z,11.9,59,0
6401204.045,2026-05-14T19:00:00Z,10.6,66,0
6401204.045,2026-05-14T20:00:00Z,10.1,66,0
6401204.045,2026-05-14T21:00:00Z,9.3,68,0
6401204.045,2026-05-14T22:00:00Z,8.2,72,0
6401204.045,2026-05-14T23:00:00Z,7.2,78,0
6401204.045,2026-05-15T00:00:00Z,6.3,88,0
6401204.045,2026-05-15T01:00:00Z,5.7,89,0
6401204.045,2026-05-15T02:00:00Z,5.5,89,0
6401204.045,2026-05-15T03:00:00Z,5.8,88,0
6401204.045,2026-05-15T04:00:00Z,8.1,81,0
6401204.045,2026-05-15T05:00:00Z,10.6,77,0
6401204.045,2026-05-15T06:00:00Z,12.6,71,0
6401204.045,2026-05-15T07:00:00Z,15.1,61,0
6401204.045,2026-05-15T08:00:00Z,16.8,53,0
6401204.045,2026-05-15T09:00:00Z,17.8,46,0
6401204.045,2026-05-15T10:00:00Z,18.6,43,0
6401204.045,2026-05-15T11:00:00Z,19.1,41,0
6401204.045,2026-05-15T12:00:00Z,20.1,38,0
6401204.045,2026-05-15T13:00:00Z,20.2,39,0
6401204.045,2026-05-15T14:00:00Z,20.2,40,0
6401204.045,2026-05-15T15:00:00Z,19.8,42,0
6401204.045,2026-05-15T16:00:00Z,19.0,56,0
6401204.045,2026-05-15T17:00:00Z,16.5,64,0
6401204.045,2026-05-15T18:00:00Z,14.4,62,0
6401204.045,2026-05-15T19:00:00Z,13.7,60,0
6401204.045,2026-05-15T20:00:00Z,13.1,61,0
6401204.045,2026-05-15T21:00:00Z,12.7,66,0
6401204.045,2026-05-15T22:00:00Z,11.9,71,0
6401204.045,2026-05-15T23:00:00Z,10.9,79,0
6401204.045,2026-05-16T00:00:00Z,10.2,84,0
6401204.045,2026-05-16T01:00:00Z,10.1,83,0
6401204.045,2026-05-16T02:00:00Z,9.8,85,0
6401204.045,2026-05-16T03:00:00Z,9.5,88,0
6401204.045,2026-05-16T04:00:00Z,11.0,85,0
6401204.045,2026-05-16T05:00:00Z,13.1,79,0
6401204.045,2026-05-16T06:00:00Z,15.1,72,0
6401204.045,2026-05-16T07:00:00Z,17.4,65,0
6401204.045,2026-05-16T08:00:00Z,19.3,53,0
6401204.045,2026-05-16T09:00:00Z,20.2,47,0
6401204.045,2026-05-16T10:00:00Z,20.9,44,0
6401204.045,2026-05-16T11:00:00Z,21.4,43,0
6401204.045,2026-05-16T12:00:00Z,22.0,41,0
6401204.045,2026-05-16T13:00:00Z,21.7,42,0
6401204.045,2026-05-16T14:00:00Z,21.0,44,0
6401204.045,2026-05-16T15:00:00Z,19.9,46,0
6401204.045,2026-05-16T16:00:00Z,18.4,51,0
6401204.045,2026-05-16T17:00:00Z,16.4,55,0
6401204.045,2026-05-16T18:00:00Z,14.9,56,0
6401204.045,2026-05-16T19:00:00Z,13.6,62,0
6401204.045,2026-05-16T20:00:00Z,12.4,68,0
6401204.045,2026-05-16T21:00:00Z,11.3,75,0
6401204.045,2026-05-16T22:00:00Z,10.3,79,0
6401204.045,2026-05-16T23:00:00Z,9.5,82,0
6401204.045,2026-05-17T00:00:00Z,9.0,86,0
6401204.045,2026-05-17T01:00:00Z,8.6,88,0
6401204.045,2026-05-17T02:00:00Z,8.0,89,0
6401204.045,2026-05-17T03:00:00Z,8.0,87,0
6401204.045,2026-05-17T04:00:00Z,9.7,82,0
6401204.045,2026-05-17T05:00:00Z,12.1,75,0
6401204.045,2026-05-17T06:00:00Z,14.3,64,0
6401204.045,2026-05-17T07:00:00Z,16.0,55,0
6401204.045,2026-05-17T08:00:00Z,17.6,50,0
6401204.045,2026-05-17T09:00:00Z,18.9,48,0
6401204.045,2026-05-17T10:00:00Z,19.9,48,0
6401204.045,2026-05-17T11:00:00Z,20.7,46,0
6401204.045,2026-05-17T12:00:00Z,20.8,44,0
6401204.045,2026-05-17T13:00:00Z,21.4,43,0
6401204.045,2026-05-17T14:00:00Z,21.4,42,0
6401204.045,2026-05-17T15:00:00Z,20.9,45,0.1
6401204.045,2026-05-17T16:00:00Z,19.6,61,0.2
6401204.045,2026-05-17T17:00:00Z,17.8,71,0
6401204.045,2026-05-17T18:00:00Z,16.1,71,0
6401204.045,2026-05-17T19:00:00Z,15.0,76,0
6401204.045,2026-05-17T20:00:00Z,14.2,81,0
6401204.045,2026-05-17T21:00:00Z,13.9,82,0
6401204.045,2026-05-17T22:00:00Z,13.7,83,0
6401204.045,2026-05-17T23:00:00Z,12.6,88,0
6401204.045,2026-05-18T00:00:00Z,12.7,90,0
6401204.045,2026-05-18T01:00:00Z,13.0,90,0
6401204.045,2026-05-18T02:00:00Z,12.4,91,0
6401204.045,2026-05-18T03:00:00Z,12.8,89,0
6401204.045,2026-05-18T04:00:00Z,13.9,85,0
6401204.045,2026-05-18T05:00:00Z,14.7,83,0.1
6401204.045,2026-05-18T06:00:00Z,14.3,88,1.2
6401204.045,2026-05-18T07:00:00Z,14.5,90,0.3
6401204.045,2026-05-18T08:00:00Z,16.8,79,0
6401204.045,2026-05-18T09:00:00Z,19.8,65,0
6401204.045,2026-05-18T10:00:00Z,21.1,62,0
6401204.045,2026-05-18T11:00:00Z,21.5,60,0
6401204.045,2026-05-18T12:00:00Z,21.5,55,0.1
6401204.045,2026-05-18T13:00:00Z,21.4,56,0.2
6401204.045,2026-05-18T14:00:00Z,20.9,57,0.2
6401204.045,2026-05-18T15:00:00Z,20.7,59,0.1
6401204.045,2026-05-18T16:00:00Z,20.0,65,0
6401204.045,2026-05-18T17:00:00Z,18.6,70,0
6401204.045,2026-05-18T18:00:00Z,16.4,82,0
6401204.045,2026-05-18T19:00:00Z,15.9,84,0
6401204.045,2026-05-18T20:00:00Z,15.1,85,0
6401204.045,2026-05-18T21:00:00Z,14.3,87,0
6401204.045,2026-05-18T22:00:00Z,13.8,89,0
6401204.045,2026-05-18T23:00:00Z,13.7,89,0
6401204.045,2026-05-19T00:00:00Z,13.0,92,0
6401204.045,2026-05-19T01:00:00Z,12.9,93,0
6401204.045,2026-05-19T02:00:00Z,12.7,94,0
6401204.045,2026-05-19T03:00:00Z,12.8,94,0
6401204.045,2026-05-19T04:00:00Z,14.1,91,0
6401204.045,2026-05-19T05:00:00Z,15.9,83,0
6401204.045,2026-05-19T06:00:00Z,15.3,92,0
6401204.045,2026-05-19T07:00:00Z,16.7,83,0
6401204.045,2026-05-19T08:00:00Z,17.9,79,0.1
6401204.045,2026-05-19T09:00:00Z,18.9,75,0.1
6401204.045,2026-05-19T10:00:00Z,20.1,69,0
6401204.045,2026-05-19T11:00:00Z,20.2,69,0.1
6401204.045,2026-05-19T12:00:00Z,19.1,76,0.1
6401204.045,2026-05-19T13:00:00Z,18.6,87,1.6
6401204.045,2026-05-19T14:00:00Z,18.5,84,0.4
6401204.045,2026-05-19T15:00:00Z,18.3,88,0.9
6401204.045,2026-05-19T16:00:00Z,18.8,87,0.1
6401204.045,2026-05-19T17:00:00Z,17.9,85,0
6401204.045,2026-05-19T18:00:00Z,16.7,90,0
6401204.045,2026-05-19T19:00:00Z,16.0,91,0
6401204.045,2026-05-19T20:00:00Z,15.3,90,0
6401204.045,2026-05-19T21:00:00Z,14.8,88,0
6401204.045,2026-05-19T22:00:00Z,14.2,89,0
6401204.045,2026-05-19T23:00:00Z,13.9,88,0
6401204.045,2026-05-20T00:00:00Z,13.8,87,0
6401204.045,2026-05-20T01:00:00Z,13.3,90,0
6401204.045,2026-05-20T02:00:00Z,12.9,92,0
6401204.045,2026-05-20T03:00:00Z,13.3,91,0
6401204.045,2026-05-20T04:00:00Z,14.7,90,0
6401204.045,2026-05-20T05:00:00Z,16.3,84,0
6401204.045,2026-05-20T06:00:00Z,17.5,77,0
6401204.045,2026-05-20T07:00:00Z,18.9,71,0
6401204.045,2026-05-20T08:00:00Z,20.2,69,0.1
6401204.045,2026-05-20T09:00:00Z,21.4,65,0.1
6401204.045,2026-05-20T10:00:00Z,22.0,64,0
6401204.045,2026-05-20T11:00:00Z,22.5,64,0
6401204.045,2026-05-20T12:00:00Z,22.0,63,2.0
6401204.045,2026-05-20T13:00:00Z,19.1,84,3.2
6401204.045,2026-05-20T14:00:00Z,17.2,92,3.0
6401204.045,2026-05-20T15:00:00Z,18.5,88,0.7
6401204.045,2026-05-20T16:00:00Z,18.6,87,0
6401204.045,2026-05-20T17:00:00Z,18.4,86,0
6401204.045,2026-05-20T18:00:00Z,17.9,88,0
6401204.045,2026-05-20T19:00:00Z,17.2,88,0
6401204.045,2026-05-20T20:00:00Z,16.7,89,0
6401204.045,2026-05-20T21:00:00Z,16.5,89,0
6401204.045,2026-05-20T22:00:00Z,16.3,89,0
6401204.045,2026-05-20T23:00:00Z,15.9,90,0
6401204.045,2026-05-21T00:00:00Z,15.0,94,0
6401204.045,2026-05-21T01:00:00Z,14.9,94,0
6401204.045,2026-05-21T02:00:00Z,14.8,94,0
6401204.045,2026-05-21T03:00:00Z,14.9,94,0
6401204.045,2026-05-21T04:00:00Z,16.2,88,0
6401204.045,2026-05-21T05:00:00Z,17.4,86,0.7
6401204.045,2026-05-21T06:00:00Z,18.4,80,3.2
6401204.045,2026-05-21T07:00:00Z,19.9,76,0
6401204.045,2026-05-21T08:00:00Z,21.5,70,0.1
6401204.045,2026-05-21T09:00:00Z,22.0,66,0.4
6401204.045,2026-05-21T10:00:00Z,20.1,83,1.8
6401204.045,2026-05-21T11:00:00Z,19.3,84,2.7
6401204.045,2026-05-21T12:00:00Z,19.2,85,0.2
6401204.045,2026-05-21T13:00:00Z,18.9,92,1.2
6401204.045,2026-05-21T14:00:00Z,18.8,93,1.6
6401204.045,2026-05-21T15:00:00Z,18.1,92,1.8
6401204.045,2026-05-21T16:00:00Z,17.9,93,0.4
6401204.045,2026-05-21T17:00:00Z,17.3,93,0.1
6401204.045,2026-05-21T18:00:00Z,16.7,93,0
6401204.045,2026-05-21T19:00:00Z,16.6,93,0
6401204.045,2026-05-21T20:00:00Z,16.2,92,0
6401204.045,2026-05-21T21:00:00Z,16.0,92,0
6401204.045,2026-05-21T22:00:00Z,16.0,92,0
6401204.045,2026-05-21T23:00:00Z,15.4,93,0
6401204.045,2026-05-22T00:00:00Z,15.2,92,0
6401204.045,2026-05-22T01:00:00Z,14.8,92,0
6401204.045,2026-05-22T02:00:00Z,14.5,91,0
6401204.045,2026-05-22T03:00:00Z,14.5,91,0
6401204.045,2026-05-22T04:00:00Z,15.8,88,0
6401204.045,2026-05-22T05:00:00Z,17.6,84,0
6401204.045,2026-05-22T06:00:00Z,19.3,75,0
6401204.045,2026-05-22T07:00:00Z,21.3,68,0
6401204.045,2026-05-22T08:00:00Z,22.8,62,0
6401204.045,2026-05-22T09:00:00Z,24.1,58,0
6401204.045,2026-05-22T10:00:00Z,25.0,55,0
6401204.045,2026-05-22T11:00:00Z,25.7,53,0
6401204.045,2026-05-22T12:00:00Z,27.0,48,0.1
6401204.045,2026-05-22T13:00:00Z,25.7,53,0.3
6401204.045,2026-05-22T14:00:00Z,23.3,64,0.3
6401204.045,2026-05-22T15:00:00Z,21.9,74,0
6401204.045,2026-05-22T16:00:00Z,18.8,90,0
6401204.045,2026-05-22T17:00:00Z,19.8,84,0
6401204.045,2026-05-22T18:00:00Z,18.8,83,0
6401204.045,2026-05-22T19:00:00Z,18.5,81,0
6401204.045,2026-05-22T20:00:00Z,18.7,78,0
6401204.045,2026-05-22T21:00:00Z,18.4,75,0
6401204.045,2026-05-22T22:00:00Z,18.9,73,0
6401204.045,2026-05-22T23:00:00Z,18.8,72,0
6401204.045,2026-05-23T00:00:00Z,16.9,85,0
6401204.045,2026-05-23T01:00:00Z,15.8,90,0
6401204.045,2026-05-23T02:00:00Z,15.6,88,0
6401204.045,2026-05-23T03:00:00Z,15.8,86,0
6401204.045,2026-05-23T04:00:00Z,16.7,81,0
6401204.045,2026-05-23T05:00:00Z,17.8,76,0
6401204.045,2026-05-23T06:00:00Z,18.8,70,0
6401204.045,2026-05-23T07:00:00Z,20.3,67,0
6401204.045,2026-05-23T08:00:00Z,21.8,63,0
6401204.045,2026-05-23T09:00:00Z,22.8,61,0
6401204.045,2026-05-23T10:00:00Z,23.6,58,0
6401204.045,2026-05-23T11:00:00Z,24.1,56,0
6401204.045,2026-05-23T12:00:00Z,24.0,55,0.1
6401204.045,2026-05-23T13:00:00Z,22.7,60,0.2
6401204.045,2026-05-23T14:00:00Z,22.5,60,0.1
6401204.045,2026-05-23T15:00:00Z,22.1,62,0
6401204.045,2026-05-23T16:00:00Z,21.5,66,0
6401204.045,2026-05-23T17:00:00Z,20.1,73,0
6401204.045,2026-05-23T18:00:00Z,19.6,65,0
6401204.045,2026-05-23T19:00:00Z,18.3,66,0
6401204.045,2026-05-23T20:00:00Z,17.8,60,0
6401204.045,2026-05-23T21:00:00Z,17.1,60,0
6401204.045,2026-05-23T22:00:00Z,16.3,62,0
6401204.045,2026-05-23T23:00:00Z,15.9,63,0
6401204.045,2026-05-24T00:00:00Z,15.2,69,0
6401204.045,2026-05-24T01:00:00Z,14.4,72,0
6401204.045,2026-05-24T02:00:00Z,13.7,74,0
6401204.045,2026-05-24T03:00:00Z,13.4,76,0
6401204.045,2026-05-24T04:00:00Z,14.8,74,0
6401204.045,2026-05-24T05:00:00Z,16.5,69,0
6401204.045,2026-05-24T06:00:00Z,18.3,63,0
6401204.045,2026-05-24T07:00:00Z,20.2,57,0
6401204.045,2026-05-24T08:00:00Z,21.5,45,0
6401204.045,2026-05-24T09:00:00Z,22.4,43,0
6401204.045,2026-05-24T10:00:00Z,22.7,42,0
6401204.045,2026-05-24T11:00:00Z,22.7,40,0
6401204.045,2026-05-24T12:00:00Z,23.5,39,0
6401204.045,2026-05-24T13:00:00Z,23.5,39,0
6401204.045,2026-05-24T14:00:00Z,23.1,40,0
6401204.045,2026-05-24T15:00:00Z,22.5,45,0
6401204.045,2026-05-24T16:00:00Z,21.5,51,0
6401204.045,2026-05-24T17:00:00Z,19.5,58,0
6401204.045,2026-05-24T18:00:00Z,17.1,68,0
6401204.045,2026-05-24T19:00:00Z,17.0,60,0
6401204.045,2026-05-24T20:00:00Z,16.0,56,0
6401204.045,2026-05-24T21:00:00Z,14.6,63,0
6401204.045,2026-05-24T22:00:00Z,14.0,65,0
6401204.045,2026-05-24T23:00:00Z,13.4,68,0
6401204.045,2026-05-25T00:00:00Z,12.5,80,0
6401204.045,2026-05-25T01:00:00Z,11.8,85,0
6401204.045,2026-05-25T02:00:00Z,11.9,86,0
6401204.045,2026-05-25T03:00:00Z,12.3,86,0
6401204.045,2026-05-25T04:00:00Z,14.0,82,0
6401204.045,2026-05-25T05:00:00Z,16.2,77,0
6401204.045,2026-05-25T06:00:00Z,18.1,73,0
6401204.045,2026-05-25T07:00:00Z,20.5,68,0
6401204.045,2026-05-25T08:00:00Z,22.5,63,0
6401204.045,2026-05-25T09:00:00Z,23.8,59,0
6401204.045,2026-05-25T10:00:00Z,22.9,62,0.2
6401204.045,2026-05-25T11:00:00Z,24.2,49,0.1
6401204.045,2026-05-25T12:00:00Z,25.2,41,0
6401204.045,2026-05-25T13:00:00Z,24.7,39,0
6401204.045,2026-05-25T14:00:00Z,24.0,42,0
6401204.045,2026-05-25T15:00:00Z,23.1,43,0
6401204.045,2026-05-25T16:00:00Z,21.9,45,0
6401204.045,2026-05-25T17:00:00Z,20.3,50,0
6401204.045,2026-05-25T18:00:00Z,19.6,48,0
6401204.045,2026-05-25T19:00:00Z,18.3,54,0
6401204.045,2026-05-25T20:00:00Z,17.4,58,0
6401204.045,2026-05-25T21:00:00Z,17.2,58,0
6401204.045,2026-05-25T22:00:00Z,16.6,60,0
6401204.045,2026-05-25T23:00:00Z,16.0,62,0
6401204.045,2026-05-26T00:00:00Z,14.9,65,0
6401204.045,2026-05-26T01:00:00Z,14.0,68,0
6401204.045,2026-05-26T02:00:00Z,13.5,68,0
6401204.045,2026-05-26T03:00:00Z,13.4,72,0
6401204.045,2026-05-26T04:00:00Z,14.8,74,0
6401204.045,2026-05-26T05:00:00Z,17.0,71,0
6401204.045,2026-05-26T06:00:00Z,18.9,64,0
6401204.045,2026-05-26T07:00:00Z,20.5,56,0
6401204.045,2026-05-26T08:00:00Z,21.9,51,0
6401204.045,2026-05-26T09:00:00Z,23.1,48,0
6401204.045,2026-05-26T10:00:00Z,24.1,48,0
6401204.045,2026-05-26T11:00:00Z,25.0,47,0
6401204.045,2026-05-26T12:00:00Z,26.0,43,0
6401204.045,2026-05-26T13:00:00Z,26.3,43,0
6401204.045,2026-05-26T14:00:00Z,26.2,44,0
6401204.045,2026-05-26T15:00:00Z,25.7,42,0
6401204.045,2026-05-26T16:00:00Z,24.3,40,0
6401204.045,2026-05-26T17:00:00Z,22.4,44,0
6401204.045,2026-05-26T18:00:00Z,20.9,46,0
6401204.045,2026-05-26T19:00:00Z,19.7,50,0
6401204.045,2026-05-26T20:00:00Z,19.0,53,0
6401204.045,2026-05-26T21:00:00Z,18.1,58,0
6401204.045,2026-05-26T22:00:00Z,17.3,61,0
6401204.045,2026-05-26T23:00:00Z,16.6,63,0
6401204.045,2026-05-27T00:00:00Z,16.3,66,0
6401204.045,2026-05-27T01:00:00Z,15.8,68,0
6401204.045,2026-05-27T02:00:00Z,15.5,70,0
6401204.045,2026-05-27T03:00:00Z,15.7,71,0
6401204.045,2026-05-27T04:00:00Z,17.0,71,0
6401204.045,2026-05-27T05:00:00Z,19.0,68,0
6401204.045,2026-05-27T06:00:00Z,20.7,62,0
6401204.045,2026-05-27T07:00:00Z,22.5,56,0
6401204.045,2026-05-27T08:00:00Z,24.0,52,0
6401204.045,2026-05-27T09:00:00Z,25.4,48,0
6401204.045,2026-05-27T10:00:00Z,26.2,46,0
6401204.045,2026-05-27T11:00:00Z,27.1,42,0
6401204.045,2026-05-27T12:00:00Z,28.0,35,0
6401204.045,2026-05-27T13:00:00Z,27.2,37,0
6401204.045,2026-05-27T14:00:00Z,23.5,60,0.5
6401204.045,2026-05-27T15:00:00Z,24.1,61,0.1
6401204.045,2026-05-27T16:00:00Z,23.7,48,0
6401204.045,2026-05-27T17:00:00Z,19.8,66,0.2
6401204.045,2026-05-27T18:00:00Z,18.6,73,0
6401204.045,2026-05-27T19:00:00Z,16.9,90,1.1
6401204.045,2026-05-27T20:00:00Z,16.0,92,0
6401204.045,2026-05-27T21:00:00Z,15.2,93,0
6401204.045,2026-05-27T22:00:00Z,14.5,93,0
6401204.045,2026-05-27T23:00:00Z,14.1,94,0
6401204.045,2026-05-28T00:00:00Z,14.7,67,0
6401204.045,2026-05-28T01:00:00Z,12.8,73,0
6401204.045,2026-05-28T02:00:00Z,11.2,78,0
6401204.045,2026-05-28T03:00:00Z,12.1,75,0
6401204.045,2026-05-28T04:00:00Z,13.6,73,0
6401204.045,2026-05-28T05:00:00Z,14.9,66,0
6401204.045,2026-05-28T06:00:00Z,16.0,59,0
6401204.045,2026-05-28T07:00:00Z,17.2,48,0
6401204.045,2026-05-28T08:00:00Z,17.8,41,0
6401204.045,2026-05-28T09:00:00Z,17.9,39,0
6401204.045,2026-05-28T10:00:00Z,18.1,37,0
6401204.045,2026-05-28T11:00:00Z,18.4,35,0
6401204.045,2026-05-28T12:00:00Z,18.3,34,0
6401204.045,2026-05-28T13:00:00Z,17.8,38,0
6401204.045,2026-05-28T14:00:00Z,17.7,37,0
6401204.045,2026-05-28T15:00:00Z,17.2,38,0
6401204.045,2026-05-28T16:00:00Z,16.7,42,0
6401204.045,2026-05-28T17:00:00Z,15.4,43,0
6401204.045,2026-05-28T18:00:00Z,14.3,45,0
6401204.045,2026-05-28T19:00:00Z,13.0,49,0
6401204.045,2026-05-28T20:00:00Z,11.5,56,0
6401204.045,2026-05-28T21:00:00Z,10.6,60,0
6401204.045,2026-05-28T22:00:00Z,10.3,59,0
6401204.045,2026-05-28T23:00:00Z,10.1,60,0
6401204.045,2026-05-29T00:00:00Z,9.0,66,0
6401204.045,2026-05-29T01:00:00Z,8.5,69,0
6401204.045,2026-05-29T02:00:00Z,8.0,73,0
6401204.045,2026-05-29T03:00:00Z,8.3,74,0
6401204.045,2026-05-29T04:00:00Z,9.9,73,0
6401204.045,2026-05-29T05:00:00Z,11.5,69,0
6401204.045,2026-05-29T06:00:00Z,13.0,64,0
6401204.045,2026-05-29T07:00:00Z,14.4,55,0
6401204.045,2026-05-29T08:00:00Z,15.0,49,0.1
6401204.045,2026-05-29T09:00:00Z,15.8,46,0
6401204.045,2026-05-29T10:00:00Z,16.4,47,0
6401204.045,2026-05-29T11:00:00Z,16.7,47,0
6401204.045,2026-05-29T12:00:00Z,17.1,41,0
6401204.045,2026-05-29T13:00:00Z,16.9,39,0
6401204.045,2026-05-29T14:00:00Z,16.9,39,0
6401204.045,2026-05-29T15:00:00Z,16.5,41,0
6401204.045,2026-05-29T16:00:00Z,15.8,43,0
6401204.045,2026-05-29T17:00:00Z,14.1,51,0.2
6401204.045,2026-05-29T18:00:00Z,13.6,46,0
6401204.045,2026-05-29T19:00:00Z,12.6,51,0
6401204.045,2026-05-29T20:00:00Z,12.2,54,0
6401204.045,2026-05-29T21:00:00Z,11.5,56,0
6401204.045,2026-05-29T22:00:00Z,10.3,62,0
6401204.045,2026-05-29T23:00:00Z,9.6,65,0
6401204.045,2026-05-30T00:00:00Z,9.9,65,0
6401204.045,2026-05-30T01:00:00Z,10.5,66,0
6401204.045,2026-05-30T02:00:00Z,10.4,71,0
6401204.045,2026-05-30T03:00:00Z,10.6,75,0.1
6401204.045,2026-05-30T04:00:00Z,10.8,80,0.4
6401204.045,2026-05-30T05:00:00Z,10.5,88,0.9
6401204.045,2026-05-30T06:00:00Z,10.8,88,0.2
6401204.045,2026-05-30T07:00:00Z,11.0,82,0.5
6401204.045,2026-05-30T08:00:00Z,11.6,81,0.3
6401204.045,2026-05-30T09:00:00Z,13.5,72,0.7
6401204.045,2026-05-30T10:00:00Z,10.8,87,2.3
6401204.045,2026-05-30T11:00:00Z,14.1,60,0.3
6401204.045,2026-05-30T12:00:00Z,15.1,57,0.1
6401204.045,2026-05-30T13:00:00Z,15.8,51,0
6401204.045,2026-05-30T14:00:00Z,16.1,47,0
6401204.045,2026-05-30T15:00:00Z,16.2,46,0
6401204.045,2026-05-30T16:00:00Z,15.9,52,0
6401204.045,2026-05-30T17:00:00Z,14.2,61,0
6401204.045,2026-05-30T18:00:00Z,12.6,67,0
6401204.045,2026-05-30T19:00:00Z,12.2,67,0
6401204.045,2026-05-30T20:00:00Z,11.3,71,0
6401204.045,2026-05-30T21:00:00Z,11.5,72,0
6401204.045,2026-05-30T22:00:00Z,11.4,72,0
6401204.045,2026-05-30T23:00:00Z,11.4,70,0
6401204.045,2026-05-31T00:00:00Z,11.8,74,0
6401204.045,2026-05-31T01:00:00Z,10.6,81,0
6401204.045,2026-05-31T02:00:00Z,9.2,89,0
6401204.045,2026-05-31T03:00:00Z,9.4,91,0
6401204.045,2026-05-31T04:00:00Z,11.4,87,0
6401204.045,2026-05-31T05:00:00Z,13.1,81,0
6401204.045,2026-05-31T06:00:00Z,14.3,79,0
6401204.045,2026-05-31T07:00:00Z,16.1,73,0
6401204.045,2026-05-31T08:00:00Z,17.7,63,0.1
6401204.045,2026-05-31T09:00:00Z,18.0,61,0.1
6401204.045,2026-05-31T10:00:00Z,18.0,61,0.1
6401204.045,2026-05-31T11:00:00Z,18.6,56,0.1
6401204.045,2026-05-31T12:00:00Z,18.7,52,0.1
6401204.045,2026-05-31T13:00:00Z,19.0,53,0
6401204.045,2026-05-31T14:00:00Z,19.0,52,0
6401204.045,2026-05-31T15:00:00Z,18.6,51,0
6401204.045,2026-05-31T16:00:00Z,17.4,58,0
6401204.045,2026-05-31T17:00:00Z,16.4,63,0
6401204.045,2026-05-31T18:00:00Z,15.7,73,0
6401204.045,2026-05-31T19:00:00Z,14.8,73,0
6401204.045,2026-05-31T20:00:00Z,13.7,78,0
6401204.045,2026-05-31T21:00:00Z,14.0,81,0
6401204.045,2026-05-31T22:00:00Z,13.6,84,0
6401204.045,2026-05-31T23:00:00Z,13.0,89,0.4
6401204.045,2026-06-01T00:00:00Z,12.8,91,0.6
6401204.045,2026-06-01T01:00:00Z,12.6,93,0.1
6401204.045,2026-06-01T02:00:00Z,11.9,96,0
6401204.045,2026-06-01T03:00:00Z,12.0,95,0
6401204.045,2026-06-01T04:00:00Z,12.8,91,0
6401204.045,2026-06-01T05:00:00Z,13.7,85,0
6401204.045,2026-06-01T06:00:00Z,13.3,88,0
6401204.045,2026-06-01T07:00:00Z,14.0,84,0
6401204.045,2026-06-01T08:00:00Z,15.2,78,0
6401204.045,2026-06-01T09:00:00Z,16.4,72,0.2
6401204.045,2026-06-01T10:00:00Z,17.6,64,0.2
6401204.045,2026-06-01T11:00:00Z,18.7,58,0
6401204.045,2026-06-01T12:00:00Z,18.9,55,0
6401204.045,2026-06-01T13:00:00Z,19.4,52,0
6401204.045,2026-06-01T14:00:00Z,19.5,51,0
6401204.045,2026-06-01T15:00:00Z,19.6,49,0
6401204.045,2026-06-01T16:00:00Z,19.0,55,0
6401204.045,2026-06-01T17:00:00Z,17.6,67,0
6401204.045,2026-06-01T18:00:00Z,16.2,65,0
6401204.045,2026-06-01T19:00:00Z,14.7,68,0
6401204.045,2026-06-01T20:00:00Z,14.5,67,0
6401204.045,2026-06-01T21:00:00Z,14.3,73,0
6401204.045,2026-06-01T22:00:00Z,13.0,89,0
6401204.045,2026-06-01T23:00:00Z,12.4,93,0
6401204.045,2026-06-02T00:00:00Z,12.2,94,0
6401204.045,2026-06-02T01:00:00Z,11.7,95,0
6401204.045,2026-06-02T02:00:00Z,11.6,95,0
6401204.045,2026-06-02T03:00:00Z,12.2,91,0
6401204.045,2026-06-02T04:00:00Z,12.8,89,0
6401204.045,2026-06-02T05:00:00Z,13.0,88,0
6401204.045,2026-06-02T06:00:00Z,13.5,90,0.2
6401204.045,2026-06-02T07:00:00Z,13.7,92,0.5
6401204.045,2026-06-02T08:00:00Z,14.1,94,0.5
6401204.045,2026-06-02T09:00:00Z,14.1,92,1.0
6401204.045,2026-06-02T10:00:00Z,14.4,93,1.9
6401204.045,2026-06-02T11:00:00Z,14.4,91,1.1
6401204.045,2026-06-02T12:00:00Z,13.9,91,0.5
6401204.045,2026-06-02T13:00:00Z,14.4,90,0.3
6401204.045,2026-06-02T14:00:00Z,14.0,92,0.6
6401204.045,2026-06-02T15:00:00Z,13.9,92,1.8
6401204.045,2026-06-02T16:00:00Z,13.6,93,3.5
6401204.045,2026-06-02T17:00:00Z,13.3,93,3.9
6401204.045,2026-06-02T18:00:00Z,13.3,94,4.2
6401204.045,2026-06-02T19:00:00Z,13.2,95,2.9
6401204.045,2026-06-02T20:00:00Z,13.4,96,2.5
6401204.045,2026-06-02T21:00:00Z,13.5,96,1.5
6401204.045,2026-06-02T22:00:00Z,13.6,96,0.4
6401204.045,2026-06-02T23:00:00Z,13.7,97,0.8
6401204.045,2026-06-03T00:00:00Z,13.5,97,1.1
6401204.045,2026-06-03T01:00:00Z,13.6,97,0.6
6401204.045,2026-06-03T02:00:00Z,13.5,97,0.5
6401204.045,2026-06-03T03:00:00Z,13.5,97,0.4
6401204.045,2026-06-03T04:00:00Z,13.6,97,0.7
6401204.045,2026-06-03T05:00:00Z,13.8,97,0.5
6401204.045,2026-06-03T06:00:00Z,13.2,96,0.2
6401204.045,2026-06-03T07:00:00Z,13.9,92,0.1
6401204.045,2026-06-03T08:00:00Z,14.4,90,0
6401204.045,2026-06-03T09:00:00Z,15.2,87,0
6401204.045,2026-06-03T10:00:00Z,16.3,83,0.1
6401204.045,2026-06-03T11:00:00Z,17.1,80,0
6401204.045,2026-06-03T12:00:00Z,16.8,80,0
6401204.045,2026-06-03T13:00:00Z,17.6,77,0
6401204.045,2026-06-03T14:00:00Z,17.9,76,0
6401204.045,2026-06-03T15:00:00Z,17.8,76,0
6401204.045,2026-06-03T16:00:00Z,17.6,77,0
6401204.045,2026-06-03T17:00:00Z,17.2,80,0
6401204.045,2026-06-03T18:00:00Z,16.2,84,0
6401204.045,2026-06-03T19:00:00Z,15.4,88,0
6401204.045,2026-06-03T20:00:00Z,14.5,92,0
6401204.045,2026-06-03T21:00:00Z,14.9,89,0
6401204.045,2026-06-03T22:00:00Z,14.3,91,0
6401204.045,2026-06-03T23:00:00Z,13.7,93,0
6401204.045,2026-06-04T00:00:00Z,14.2,94,0
6401204.045,2026-06-04T01:00:00Z,13.9,96,0
6401204.045,2026-06-04T02:00:00Z,13.8,98,0
6401204.045,2026-06-04T03:00:00Z,14.2,98,0
6401204.045,2026-06-04T04:00:00Z,15.3,94,0
6401204.045,2026-06-04T05:00:00Z,16.3,89,0
6401204.045,2026-06-04T06:00:00Z,16.6,86,0
6401204.045,2026-06-04T07:00:00Z,17.5,81,0
6401204.045,2026-06-04T08:00:00Z,18.3,78,0
6401204.045,2026-06-04T09:00:00Z,19.4,74,0
6401204.045,2026-06-04T10:00:00Z,20.1,73,0
6401204.045,2026-06-04T11:00:00Z,20.9,70,0.1
6401204.045,2026-06-04T12:00:00Z,21.8,68,0.1
6401204.045,2026-06-04T13:00:00Z,22.5,67,0
6401204.045,2026-06-04T14:00:00Z,22.6,67,0
6401204.045,2026-06-04T15:00:00Z,22.4,68,0
6401204.045,2026-06-04T16:00:00Z,21.8,69,0
6401204.045,2026-06-04T17:00:00Z,20.5,78,0
6401204.045,2026-06-04T18:00:00Z,19.0,80,0
6401204.045,2026-06-04T19:00:00Z,18.2,82,0
6401204.045,2026-06-04T20:00:00Z,17.2,86,0
6401204.045,2026-06-04T21:00:00Z,16.8,89,0
6401204.045,2026-06-04T22:00:00Z,16.3,91,0
6401204.045,2026-06-04T23:00:00Z,15.6,93,0
6401204.045,2026-06-05T00:00:00Z,15.2,95,0
6401204.045,2026-06-05T01:00:00Z,14.7,97,0
6401204.045,2026-06-05T02:00:00Z,14.3,98,0
6401204.045,2026-06-05T03:00:00Z,14.6,98,0
6401204.045,2026-06-05T04:00:00Z,16.1,94,0
6401204.045,2026-06-05T05:00:00Z,18.1,85,0
6401204.045,2026-06-05T06:00:00Z,19.6,78,0
6401204.045,2026-06-05T07:00:00Z,21.2,70,0
6401204.045,2026-06-05T08:00:00Z,22.4,65,0
6401204.045,2026-06-05T09:00:00Z,23.4,62,0
6401204.045,2026-06-05T10:00:00Z,24.2,57,0
6401204.045,2026-06-05T11:00:00Z,24.5,57,0.1
6401204.045,2026-06-05T12:00:00Z,25.1,54,0
6401204.045,2026-06-05T13:00:00Z,25.2,54,0
6401204.045,2026-06-05T14:00:00Z,25.1,55,0
6401204.045,2026-06-05T15:00:00Z,24.7,58,0
6401204.045,2026-06-05T16:00:00Z,24.0,64,0
6401204.045,2026-06-05T17:00:00Z,22.5,73,0
6401204.045,2026-06-05T18:00:00Z,21.1,76,0
6401204.045,2026-06-05T19:00:00Z,20.3,80,0
6401204.045,2026-06-05T20:00:00Z,19.8,82,0
6401204.045,2026-06-05T21:00:00Z,19.4,84,0
6401204.045,2026-06-05T22:00:00Z,18.7,86,0
6401204.045,2026-06-05T23:00:00Z,18.0,89,0.4
6401204.045,2026-06-06T00:00:00Z,18.0,87,0.2
6401204.045,2026-06-06T01:00:00Z,17.1,92,0
6401204.045,2026-06-06T02:00:00Z,16.4,94,0
6401204.045,2026-06-06T03:00:00Z,16.7,94,0
6401204.045,2026-06-06T04:00:00Z,18.1,90,0
6401204.045,2026-06-06T05:00:00Z,18.3,93,3.1
6401204.045,2026-06-06T06:00:00Z,19.7,94,1.6
6401204.045,2026-06-06T07:00:00Z,21.6,86,0.1
6401204.045,2026-06-06T08:00:00Z,23.1,79,0
6401204.045,2026-06-06T09:00:00Z,24.1,74,0.1
6401204.045,2026-06-06T10:00:00Z,24.8,70,0.1
6401204.045,2026-06-06T11:00:00Z,25.0,66,0.1
6401204.045,2026-06-06T12:00:00Z,24.5,70,0.8
6401204.045,2026-06-06T13:00:00Z,19.9,92,9.4
6401204.045,2026-06-06T14:00:00Z,20.5,93,1.7
6401204.045,2026-06-06T15:00:00Z,20.2,91,0.7
6401204.045,2026-06-06T16:00:00Z,20.2,92,0.3
6401204.045,2026-06-06T17:00:00Z,19.8,95,0
6401204.045,2026-06-06T18:00:00Z,19.3,96,0.1
6401204.045,2026-06-06T19:00:00Z,18.9,95,0
6401204.045,2026-06-06T20:00:00Z,18.4,95,0
6401204.045,2026-06-06T21:00:00Z,17.8,99,0.8
6401204.045,2026-06-06T22:00:00Z,17.3,99,0.1
6401204.045,2026-06-06T23:00:00Z,16.8,99,0
6401204.045,2026-06-07T00:00:00Z,17.3,100,0
6401204.045,2026-06-07T01:00:00Z,16.8,100,0.1
6401204.045,2026-06-07T02:00:00Z,16.6,100,0.1
6401204.045,2026-06-07T03:00:00Z,16.6,98,0.9
6401204.045,2026-06-07T04:00:00Z,16.8,97,0
6401204.045,2026-06-07T05:00:00Z,17.1,94,0
6401204.045,2026-06-07T06:00:00Z,16.5,96,0.1
6401204.045,2026-06-07T07:00:00Z,17.5,96,2.2
6401204.045,2026-06-07T08:00:00Z,17.5,92,2.7
6401204.045,2026-06-07T09:00:00Z,17.3,93,2.1
6401204.045,2026-06-07T10:00:00Z,16.9,97,2.2
6401204.045,2026-06-07T11:00:00Z,17.8,93,1.6
6401204.045,2026-06-07T12:00:00Z,17.8,88,0.6
6401204.045,2026-06-07T13:00:00Z,18.0,91,1.3
6401204.045,2026-06-07T14:00:00Z,18.0,92,0.9
6401204.045,2026-06-07T15:00:00Z,17.9,92,1.0
6401204.045,2026-06-07T16:00:00Z,17.6,94,1.1
6401204.045,2026-06-07T17:00:00Z,17.3,94,0.6
6401204.045,2026-06-07T18:00:00Z,17.3,94,0.5
6401204.045,2026-06-07T19:00:00Z,17.0,94,0.1
6401204.045,2026-06-07T20:00:00Z,16.7,94,0
6401204.045,2026-06-07T21:00:00Z,16.4,94,0
6401204.045,2026-06-07T22:00:00Z,15.8,92,0
6401204.045,2026-06-07T23:00:00Z,15.4,92,0
6401204.045,2026-06-08T00:00:00Z,15.0,93,0
6401204.045,2026-06-08T01:00:00Z,14.5,94,0
6401204.045,2026-06-08T02:00:00Z,14.3,94,0
6401204.045,2026-06-08T03:00:00Z,14.5,94,0
6401204.045,2026-06-08T04:00:00Z,15.6,91,0
6401204.045,2026-06-08T05:00:00Z,17.1,85,0
6401204.045,2026-06-08T06:00:00Z,18.7,78,0
6401204.045,2026-06-08T07:00:00Z,20.6,67,0
6401204.045,2026-06-08T08:00:00Z,21.8,57,0
6401204.045,2026-06-08T09:00:00Z,22.6,52,0.1
6401204.045,2026-06-08T10:00:00Z,22.9,51,0
6401204.045,2026-06-08T11:00:00Z,23.4,49,0.1
6401204.045,2026-06-08T12:00:00Z,24.2,44,0.1
6401204.045,2026-06-08T13:00:00Z,23.9,46,0.1
6401204.045,2026-06-08T14:00:00Z,23.8,47,0
6401204.045,2026-06-08T15:00:00Z,23.3,50,0
6401204.045,2026-06-08T16:00:00Z,22.5,57,0
6401204.045,2026-06-08T17:00:00Z,20.9,65,0
6401204.045,2026-06-08T18:00:00Z,19.3,69,0
6401204.045,2026-06-08T19:00:00Z,18.5,72,0
6401204.045,2026-06-08T20:00:00Z,17.5,77,0
6401204.045,2026-06-08T21:00:00Z,16.8,81,0
6401204.045,2026-06-08T22:00:00Z,15.7,86,0
6401204.045,2026-06-08T23:00:00Z,15.0,89,0
6401204.045,2026-06-09T00:00:00Z,14.4,91,0
6401204.045,2026-06-09T01:00:00Z,13.6,92,0
6401204.045,2026-06-09T02:00:00Z,13.1,94,0
6401204.045,2026-06-09T03:00:00Z,13.7,94,0
6401204.045,2026-06-09T04:00:00Z,15.6,90,0
6401204.045,2026-06-09T05:00:00Z,17.4,84,0
6401204.045,2026-06-09T06:00:00Z,19.4,78,0
6401204.045,2026-06-09T07:00:00Z,21.4,70,0
6401204.045,2026-06-09T08:00:00Z,22.8,62,0
6401204.045,2026-06-09T09:00:00Z,23.7,54,0
6401204.045,2026-06-09T10:00:00Z,24.1,50,0
6401204.045,2026-06-09T11:00:00Z,24.0,49,0.1
6401204.045,2026-06-09T12:00:00Z,24.4,48,0.2
6401204.045,2026-06-09T13:00:00Z,24.4,49,0
6401204.045,2026-06-09T14:00:00Z,24.3,49,0
6401204.045,2026-06-09T15:00:00Z,24.1,50,0
6401204.045,2026-06-09T16:00:00Z,23.6,56,0
6401204.045,2026-06-09T17:00:00Z,22.3,71,0
6401204.045,2026-06-09T18:00:00Z,20.5,65,0
6401204.045,2026-06-09T19:00:00Z,19.4,68,0
6401204.045,2026-06-09T20:00:00Z,18.4,73,0
6401204.045,2026-06-09T21:00:00Z,17.4,78,0
6401204.045,2026-06-09T22:00:00Z,16.8,80,0
6401204.045,2026-06-09T23:00:00Z,16.5,78,0
6401204.045,2026-06-10T00:00:00Z,15.4,85,0
6401204.045,2026-06-10T01:00:00Z,14.8,86,0
6401204.045,2026-06-10T02:00:00Z,14.8,83,0
6401204.045,2026-06-10T03:00:00Z,15.3,84,0
6401204.045,2026-06-10T04:00:00Z,17.2,82,0
6401204.045,2026-06-10T05:00:00Z,19.7,72,0
6401204.045,2026-06-10T06:00:00Z,21.3,65,0
6401204.045,2026-06-10T07:00:00Z,23.0,61,0
6401204.045,2026-06-10T08:00:00Z,24.2,55,0
6401204.045,2026-06-10T09:00:00Z,24.7,49,0
6401204.045,2026-06-10T10:00:00Z,25.2,48,0.1
6401204.045,2026-06-10T11:00:00Z,25.4,48,0
6401204.045,2026-06-10T12:00:00Z,26.4,42,0
6401204.045,2026-06-10T13:00:00Z,26.3,43,0
6401204.045,2026-06-10T14:00:00Z,26.2,44,0
6401204.045,2026-06-10T15:00:00Z,25.9,45,0
6401204.045,2026-06-10T16:00:00Z,25.0,57,0
6401204.045,2026-06-10T17:00:00Z,23.1,69,0
6401204.045,2026-06-10T18:00:00Z,20.9,72,0
6401204.045,2026-06-10T19:00:00Z,20.0,74,0
6401204.045,2026-06-10T20:00:00Z,19.0,76,0
6401204.045,2026-06-10T21:00:00Z,18.5,77,0
6401204.045,2026-06-10T22:00:00Z,18.2,76,0
6401204.045,2026-06-10T23:00:00Z,18.0,75,0
6401204.045,2026-06-11T00:00:00Z,17.2,78,0
6401204.045,2026-06-11T01:00:00Z,16.4,83,0
6401204.045,2026-06-11T02:00:00Z,15.8,87,0
6401204.045,2026-06-11T03:00:00Z,16.3,88,0
6401204.045,2026-06-11T04:00:00Z,18.3,82,0
6401204.045,2026-06-11T05:00:00Z,20.5,77,0
6401204.045,2026-06-11T06:00:00Z,22.7,67,0
6401204.045,2026-06-11T07:00:00Z,24.2,60,0
6401204.045,2026-06-11T08:00:00Z,25.4,58,0
6401204.045,2026-06-11T09:00:00Z,26.0,53,0.1
6401204.045,2026-06-11T10:00:00Z,26.6,50,0
6401204.045,2026-06-11T11:00:00Z,27.0,48,0
6401204.045,2026-06-11T12:00:00Z,27.3,48,0
6401204.045,2026-06-11T13:00:00Z,27.3,47,0
6401204.045,2026-06-11T14:00:00Z,27.1,47,0
6401204.045,2026-06-11T15:00:00Z,26.7,49,0
6401204.045,2026-06-11T16:00:00Z,26.1,57,0
6401204.045,2026-06-11T17:00:00Z,24.3,69,0
6401204.045,2026-06-11T18:00:00Z,22.5,69,0
6401204.045,2026-06-11T19:00:00Z,22.1,71,0
6401204.045,2026-06-11T20:00:00Z,21.4,72,0
6401204.045,2026-06-11T21:00:00Z,20.1,78,0
6401204.045,2026-06-11T22:00:00Z,19.2,85,0
6401204.045,2026-06-11T23:00:00Z,18.3,90,0.1
6401204.045,2026-06-12T00:00:00Z,17.4,98,0
6401204.045,2026-06-12T01:00:00Z,17.4,97,0
6401204.045,2026-06-12T02:00:00Z,17.0,98,0
6401204.045,2026-06-12T03:00:00Z,17.3,98,0
6401204.045,2026-06-12T04:00:00Z,18.2,96,0
6401204.045,2026-06-12T05:00:00Z,19.2,91,0
6401204.045,2026-06-12T06:00:00Z,19.5,87,0
6401204.045,2026-06-12T07:00:00Z,20.4,82,0
6401204.045,2026-06-12T08:00:00Z,19.0,91,3.5
6401204.045,2026-06-12T09:00:00Z,18.5,95,2.1
6401204.045,2026-06-12T10:00:00Z,19.6,84,0.8
6401204.045,2026-06-12T11:00:00Z,18.1,86,0.6
6401204.045,2026-06-12T12:00:00Z,15.7,85,0.3
6401204.045,2026-06-12T13:00:00Z,14.9,90,1.0
6401204.045,2026-06-12T14:00:00Z,14.4,89,0.3
6401204.045,2026-06-12T15:00:00Z,15.0,78,0
6401204.045,2026-06-12T16:00:00Z,15.1,73,0
6401204.045,2026-06-12T17:00:00Z,14.0,76,0
6401204.045,2026-06-12T18:00:00Z,13.3,78,0
6401204.045,2026-06-12T19:00:00Z,12.6,83,0
6401204.045,2026-06-12T20:00:00Z,12.4,83,0
6401204.045,2026-06-12T21:00:00Z,12.3,82,0
6401204.045,2026-06-12T22:00:00Z,12.8,77,0
6401204.045,2026-06-12T23:00:00Z,12.5,76,0
6401204.045,2026-06-13T00:00:00Z,12.1,78,0
6401204.045,2026-06-13T01:00:00Z,10.9,82,0
6401204.045,2026-06-13T02:00:00Z,10.2,84,0
6401204.045,2026-06-13T03:00:00Z,10.2,85,0
6401204.045,2026-06-13T04:00:00Z,11.3,82,0
6401204.045,2026-06-13T05:00:00Z,12.8,77,0
6401204.045,2026-06-13T06:00:00Z,14.0,74,0
6401204.045,2026-06-13T07:00:00Z,15.8,67,0
6401204.045,2026-06-13T08:00:00Z,17.3,61,0
6401204.045,2026-06-13T09:00:00Z,18.5,57,0
6401204.045,2026-06-13T10:00:00Z,19.7,53,0
6401204.045,2026-06-13T11:00:00Z,20.6,48,0
6401204.045,2026-06-13T12:00:00Z,21.2,46,0
6401204.045,2026-06-13T13:00:00Z,21.5,44,0
6401204.045,2026-06-13T14:00:00Z,21.5,42,0
6401204.045,2026-06-13T15:00:00Z,21.1,45,0
6401204.045,2026-06-13T16:00:00Z,20.5,53,0
6401204.045,2026-06-13T17:00:00Z,19.0,64,0
6401204.045,2026-06-13T18:00:00Z,17.1,66,0
6401204.045,2026-06-13T19:00:00Z,16.5,68,0
6401204.045,2026-06-13T20:00:00Z,15.6,72,0
6401204.045,2026-06-13T21:00:00Z,15.0,75,0
6401204.045,2026-06-13T22:00:00Z,14.3,77,0
6401204.045,2026-06-13T23:00:00Z,13.6,78,0
6401204.045,2026-06-14T00:00:00Z,13.0,79,0
6401204.045,2026-06-14T01:00:00Z,12.5,81,0
6401204.045,2026-06-14T02:00:00Z,12.0,83,0
6401204.045,2026-06-14T03:00:00Z,12.8,82,0
6401204.045,2026-06-14T04:00:00Z,15.5,74,0
6401204.045,2026-06-14T05:00:00Z,17.3,69,0
6401204.045,2026-06-14T06:00:00Z,18.1,70,0
6401204.045,2026-06-14T07:00:00Z,19.7,68,0
6401204.045,2026-06-14T08:00:00Z,21.2,60,0
6401204.045,2026-06-14T09:00:00Z,21.8,59,0.1
6401204.045,2026-06-14T10:00:00Z,22.6,59,0
6401204.045,2026-06-14T11:00:00Z,23.1,58,0
6401204.045,2026-06-14T12:00:00Z,22.7,54,0.1
6401204.045,2026-06-14T13:00:00Z,21.2,63,0.2
6401204.045,2026-06-14T14:00:00Z,22.4,57,0.1
6401204.045,2026-06-14T15:00:00Z,22.4,53,0
6401204.045,2026-06-14T16:00:00Z,22.0,57,0
6401204.045,2026-06-14T17:00:00Z,20.4,69,0
6401204.045,2026-06-14T18:00:00Z,18.8,71,0
6401204.045,2026-06-14T19:00:00Z,18.0,72,0
6401204.045,2026-06-14T20:00:00Z,17.8,72,0
6401204.045,2026-06-14T21:00:00Z,17.1,74,0
6401204.045,2026-06-14T22:00:00Z,16.8,74,0
6401204.045,2026-06-14T23:00:00Z,16.0,76,0
6401204.045,2026-06-15T00:00:00Z,13.5,93,0
6401204.045,2026-06-15T01:00:00Z,13.0,95,0
6401204.045,2026-06-15T02:00:00Z,12.6,95,0
6401204.045,2026-06-15T03:00:00Z,12.8,95,0
6401204.045,2026-06-15T04:00:00Z,14.0,90,0
6401204.045,2026-06-15T05:00:00Z,15.0,84,0
6401204.045,2026-06-15T06:00:00Z,15.4,78,0
6401204.045,2026-06-15T07:00:00Z,16.8,71,0
6401204.045,2026-06-15T08:00:00Z,17.9,64,0
6401204.045,2026-06-15T09:00:00Z,18.5,60,0
6401204.045,2026-06-15T10:00:00Z,19.6,55,0.1
6401204.045,2026-06-15T11:00:00Z,20.1,53,0.1
6401204.045,2026-06-15T12:00:00Z,20.5,48,0
6401204.045,2026-06-15T13:00:00Z,20.7,48,0
6401204.045,2026-06-15T14:00:00Z,20.8,48,0
6401204.045,2026-06-15T15:00:00Z,20.5,49,0
6401204.045,2026-06-15T16:00:00Z,20.1,52,0
6401204.045,2026-06-15T17:00:00Z,18.8,63,0
6401204.045,2026-06-15T18:00:00Z,17.2,62,0
6401204.045,2026-06-15T19:00:00Z,16.3,66,0
6401204.045,2026-06-15T20:00:00Z,15.1,70,0
6401204.045,2026-06-15T21:00:00Z,14.4,72,0
6401204.045,2026-06-15T22:00:00Z,13.7,75,0
6401204.045,2026-06-15T23:00:00Z,13.3,77,0
6401204.045,2026-06-16T00:00:00Z,12.9,79,0
6401204.045,2026-06-16T01:00:00Z,11.6,85,0
6401204.045,2026-06-16T02:00:00Z,11.1,87,0
6401204.045,2026-06-16T03:00:00Z,11.4,89,0
6401204.045,2026-06-16T04:00:00Z,13.2,85,0
6401204.045,2026-06-16T05:00:00Z,15.1,78,0
6401204.045,2026-06-16T06:00:00Z,16.6,72,0
6401204.045,2026-06-16T07:00:00Z,18.5,63,0
6401204.045,2026-06-16T08:00:00Z,19.4,60,0
6401204.045,2026-06-16T09:00:00Z,20.4,57,0.1
6401204.045,2026-06-16T10:00:00Z,20.8,53,0.1
6401204.045,2026-06-16T11:00:00Z,21.2,50,0
6401204.045,2026-06-16T12:00:00Z,21.6,47,0
6401204.045,2026-06-16T13:00:00Z,22.0,46,0
6401204.045,2026-06-16T14:00:00Z,22.2,47,0
6401204.045,2026-06-16T15:00:00Z,21.4,49,0.3
6401204.045,2026-06-16T16:00:00Z,20.3,64,0.8
6401204.045,2026-06-16T17:00:00Z,19.4,68,0
6401204.045,2026-06-16T18:00:00Z,18.3,71,0
6401204.045,2026-06-16T19:00:00Z,17.2,71,0
6401204.045,2026-06-16T20:00:00Z,16.4,75,0
6401204.045,2026-06-16T21:00:00Z,15.6,78,0
6401204.045,2026-06-16T22:00:00Z,15.1,83,0
6401204.045,2026-06-16T23:00:00Z,14.4,87,0
6401204.045,2026-06-17T00:00:00Z,13.2,85,0
6401204.045,2026-06-17T01:00:00Z,13.0,85,0
6401204.045,2026-06-17T02:00:00Z,13.2,80,0
6401204.045,2026-06-17T03:00:00Z,13.8,79,0
6401204.045,2026-06-17T04:00:00Z,16.3,71,0
6401204.045,2026-06-17T05:00:00Z,19.0,66,0
6401204.045,2026-06-17T06:00:00Z,20.5,62,0
6401204.045,2026-06-17T07:00:00Z,22.3,58,0
6401204.045,2026-06-17T08:00:00Z,23.4,52,0
6401204.045,2026-06-17T09:00:00Z,23.9,45,0
6401204.045,2026-06-17T10:00:00Z,24.2,46,0
6401204.045,2026-06-17T11:00:00Z,24.7,45,0
6401204.045,2026-06-17T12:00:00Z,24.7,42,0
6401204.045,2026-06-17T13:00:00Z,22.6,51,0.2
6401204.045,2026-06-17T14:00:00Z,22.8,50,0.1
6401204.045,2026-06-17T15:00:00Z,21.8,54,0.2
6401204.045,2026-06-17T16:00:00Z,21.5,57,0
6401204.045,2026-06-17T17:00:00Z,20.5,71,0
6401204.045,2026-06-17T18:00:00Z,18.8,72,0
6401204.045,2026-06-17T19:00:00Z,18.2,73,0
6401204.045,2026-06-17T20:00:00Z,17.6,72,0
6401204.045,2026-06-17T21:00:00Z,16.9,77,0
6401204.045,2026-06-17T22:00:00Z,16.0,82,0
6401204.045,2026-06-17T23:00:00Z,15.9,83,0
6401204.045,2026-06-18T00:00:00Z,15.0,95,0
6401204.045,2026-06-18T01:00:00Z,14.7,97,0
6401204.045,2026-06-18T02:00:00Z,14.0,98,0
6401204.045,2026-06-18T03:00:00Z,13.8,98,0
6401204.045,2026-06-18T04:00:00Z,14.8,96,0
6401204.045,2026-06-18T05:00:00Z,16.3,88,0
6401204.045,2026-06-18T06:00:00Z,17.9,77,0
6401204.045,2026-06-18T07:00:00Z,19.9,61,0
6401204.045,2026-06-18T08:00:00Z,21.1,51,0
6401204.045,2026-06-18T09:00:00Z,21.6,49,0
6401204.045,2026-06-18T10:00:00Z,21.9,48,0
6401204.045,2026-06-18T11:00:00Z,22.6,46,0
6401204.045,2026-06-18T12:00:00Z,22.7,41,0
6401204.045,2026-06-18T13:00:00Z,22.7,41,0
6401204.045,2026-06-18T14:00:00Z,22.5,43,0
6401204.045,2026-06-18T15:00:00Z,22.6,42,0
6401204.045,2026-06-18T16:00:00Z,21.7,49,0
6401204.045,2026-06-18T17:00:00Z,20.2,58,0
6401204.045,2026-06-18T18:00:00Z,18.2,62,0
6401204.045,2026-06-18T19:00:00Z,16.6,69,0
6401204.045,2026-06-18T20:00:00Z,16.1,72,0
6401204.045,2026-06-18T21:00:00Z,15.3,73,0
6401204.045,2026-06-18T22:00:00Z,14.7,74,0
6401204.045,2026-06-18T23:00:00Z,13.9,76,0
6401204.045,2026-06-19T00:00:00Z,12.4,86,0
6401204.045,2026-06-19T01:00:00Z,11.9,87,0
6401204.045,2026-06-19T02:00:00Z,11.6,88,0
6401204.045,2026-06-19T03:00:00Z,12.5,88,0
6401204.045,2026-06-19T04:00:00Z,14.7,80,0
6401204.045,2026-06-19T05:00:00Z,16.8,75,0
6401204.045,2026-06-19T06:00:00Z,18.4,70,0
6401204.045,2026-06-19T07:00:00Z,20.6,63,0
6401204.045,2026-06-19T08:00:00Z,22.3,58,0
6401204.045,2026-06-19T09:00:00Z,23.7,52,0
6401204.045,2026-06-19T10:00:00Z,24.8,46,0
6401204.045,2026-06-19T11:00:00Z,25.7,42,0
6401204.045,2026-06-19T12:00:00Z,26.1,41,0
6401204.045,2026-06-19T13:00:00Z,26.0,41,0
6401204.045,2026-06-19T14:00:00Z,25.7,43,0
6401204.045,2026-06-19T15:00:00Z,25.3,46,0
6401204.045,2026-06-19T16:00:00Z,24.5,56,0
6401204.045,2026-06-19T17:00:00Z,23.1,68,0
6401204.045,2026-06-19T18:00:00Z,20.7,71,0
6401204.045,2026-06-19T19:00:00Z,19.4,74,0
6401204.045,2026-06-19T20:00:00Z,18.5,78,0
6401204.045,2026-06-19T21:00:00Z,18.0,78,0
6401204.045,2026-06-19T22:00:00Z,17.5,79,0
6401204.045,2026-06-19T23:00:00Z,17.0,80,0
6401204.045,2026-06-20T00:00:00Z,16.5,81,0
6401204.045,2026-06-20T01:00:00Z,16.1,83,0
6401204.045,2026-06-20T02:00:00Z,15.6,85,0
6401204.045,2026-06-20T03:00:00Z,15.9,87,0
6401204.045,2026-06-20T04:00:00Z,18.0,81,0
6401204.045,2026-06-20T05:00:00Z,20.1,77,0
6401204.045,2026-06-20T06:00:00Z,22.0,73,0
6401204.045,2026-06-20T07:00:00Z,23.8,68,0
6401204.045,2026-06-20T08:00:00Z,24.9,63,0
6401204.045,2026-06-20T09:00:00Z,25.3,60,0.4
6401204.045,2026-06-20T10:00:00Z,25.7,61,0.3
6401204.045,2026-06-20T11:00:00Z,26.4,53,0.2
6401204.045,2026-06-20T12:00:00Z,27.3,51,0.1
6401204.045,2026-06-20T13:00:00Z,27.3,48,0.1
6401204.045,2026-06-20T14:00:00Z,27.3,47,0
6401204.045,2026-06-20T15:00:00Z,26.7,49,0
6401204.045,2026-06-20T16:00:00Z,25.8,55,0
6401204.045,2026-06-20T17:00:00Z,24.3,61,0
6401204.045,2026-06-20T18:00:00Z,22.7,65,0
6401204.045,2026-06-20T19:00:00Z,21.7,68,0
6401204.045,2026-06-20T20:00:00Z,20.9,66,0
6401204.045,2026-06-20T21:00:00Z,19.6,66,0
6401204.045,2026-06-20T22:00:00Z,18.9,67,0
6401204.045,2026-06-20T23:00:00Z,18.9,66,0
6401204.045,2026-06-21T00:00:00Z,17.6,73,0
6401204.045,2026-06-21T01:00:00Z,16.4,77,0
6401204.045,2026-06-21T02:00:00Z,15.5,81,0
6401204.045,2026-06-21T03:00:00Z,16.2,79,0
6401204.045,2026-06-21T04:00:00Z,18.0,76,0
6401204.045,2026-06-21T05:00:00Z,19.8,71,0
6401204.045,2026-06-21T06:00:00Z,21.9,64,0
6401204.045,2026-06-21T07:00:00Z,23.7,57,0
6401204.045,2026-06-21T08:00:00Z,25.1,51,0
6401204.045,2026-06-21T09:00:00Z,26.0,45,0
6401204.045,2026-06-21T10:00:00Z,26.8,43,0
6401204.045,2026-06-21T11:00:00Z,27.1,41,0
6401204.045,2026-06-21T12:00:00Z,26.9,39,0
6401204.045,2026-06-21T13:00:00Z,27.0,40,0
6401204.045,2026-06-21T14:00:00Z,27.0,39,0
6401204.045,2026-06-21T15:00:00Z,26.8,43,0
6401204.045,2026-06-21T16:00:00Z,25.9,55,0
6401204.045,2026-06-21T17:00:00Z,24.5,64,0
6401204.045,2026-06-21T18:00:00Z,21.9,66,0
6401204.045,2026-06-21T19:00:00Z,20.3,70,0
6401204.045,2026-06-21T20:00:00Z,19.1,74,0
6401204.045,2026-06-21T21:00:00Z,18.7,75,0
6401204.045,2026-06-21T22:00:00Z,18.4,75,0
6401204.045,2026-06-21T23:00:00Z,17.8,77,0
6401204.045,2026-06-22T00:00:00Z,16.8,80,0
6401204.045,2026-06-22T01:00:00Z,16.1,82,0
6401204.045,2026-06-22T02:00:00Z,15.9,83,0
6401204.045,2026-06-22T03:00:00Z,16.6,82,0
6401204.045,2026-06-22T04:00:00Z,18.4,79,0
6401204.045,2026-06-22T05:00:00Z,20.7,74,0
6401204.045,2026-06-22T06:00:00Z,22.4,70,0
6401204.045,2026-06-22T07:00:00Z,24.5,62,0
6401204.045,2026-06-22T08:00:00Z,25.9,54,0
6401204.045,2026-06-22T09:00:00Z,26.8,50,0
6401204.045,2026-06-22T10:00:00Z,27.5,47,0
6401204.045,2026-06-22T11:00:00Z,27.6,46,0
6401204.045,2026-06-22T12:00:00Z,28.1,43,0.1
6401204.045,2026-06-22T13:00:00Z,28.1,44,0
6401204.045,2026-06-22T14:00:00Z,28.0,44,0
6401204.045,2026-06-22T15:00:00Z,27.6,46,0
6401204.045,2026-06-22T16:00:00Z,27.1,52,0
6401204.045,2026-06-22T17:00:00Z,25.8,67,0
6401204.045,2026-06-22T18:00:00Z,23.8,63,0
6401204.045,2026-06-22T19:00:00Z,23.1,61,0
6401204.045,2026-06-22T20:00:00Z,22.2,63,0
6401204.045,2026-06-22T21:00:00Z,21.3,66,0
6401204.045,2026-06-22T22:00:00Z,20.7,68,0
6401204.045,2026-06-22T23:00:00Z,19.8,72,0
6401204.045,2026-06-23T00:00:00Z,18.3,81,0
6401204.045,2026-06-23T01:00:00Z,17.4,86,0
6401204.045,2026-06-23T02:00:00Z,16.7,89,0
6401204.045,2026-06-23T03:00:00Z,17.2,89,0
6401204.045,2026-06-23T04:00:00Z,19.0,83,0
6401204.045,2026-06-23T05:00:00Z,20.9,77,0
6401204.045,2026-06-23T06:00:00Z,22.4,72,0
6401204.045,2026-06-23T07:00:00Z,24.5,66,0
6401204.045,2026-06-23T08:00:00Z,26.2,59,0
6401204.045,2026-06-23T09:00:00Z,27.3,52,0
6401204.045,2026-06-23T10:00:00Z,27.7,50,0
6401204.045,2026-06-23T11:00:00Z,25.8,62,0.2
6401204.045,2026-06-23T12:00:00Z,24.0,68,0
6401204.045,2026-06-23T13:00:00Z,25.4,68,1.0
6401204.045,2026-06-23T14:00:00Z,25.6,67,0.1
6401204.045,2026-06-23T15:00:00Z,25.7,65,0
6401204.045,2026-06-23T16:00:00Z,21.7,89,1.4
6401204.045,2026-06-23T17:00:00Z,21.3,92,0.3
6401204.045,2026-06-23T18:00:00Z,20.4,93,0
6401204.045,2026-06-23T19:00:00Z,20.1,95,0
6401204.045,2026-06-23T20:00:00Z,19.8,96,0
6401204.045,2026-06-23T21:00:00Z,19.3,97,0
6401204.045,2026-06-23T22:00:00Z,19.0,98,0
6401204.045,2026-06-23T23:00:00Z,18.4,99,0
6401204.045,2026-06-24T00:00:00Z,17.7,100,0
6401204.045,2026-06-24T01:00:00Z,17.5,100,0
6401204.045,2026-06-24T02:00:00Z,17.4,100,0
6401204.045,2026-06-24T03:00:00Z,18.1,99,0
6401204.045,2026-06-24T04:00:00Z,19.1,95,0
6401204.045,2026-06-24T05:00:00Z,20.9,89,0.1
6401204.045,2026-06-24T06:00:00Z,22.6,85,0
6401204.045,2026-06-24T07:00:00Z,24.2,77,0
6401204.045,2026-06-24T08:00:00Z,25.6,71,0
6401204.045,2026-06-24T09:00:00Z,26.7,64,0.1
6401204.045,2026-06-24T10:00:00Z,27.6,57,0.1
6401204.045,2026-06-24T11:00:00Z,27.3,56,0
6401204.045,2026-06-24T12:00:00Z,28.2,43,0
6401204.045,2026-06-24T13:00:00Z,28.3,41,0
6401204.045,2026-06-24T14:00:00Z,28.1,41,0
6401204.045,2026-06-24T15:00:00Z,27.5,44,0
6401204.045,2026-06-24T16:00:00Z,26.3,53,0
6401204.045,2026-06-24T17:00:00Z,24.7,60,0
6401204.045,2026-06-24T18:00:00Z,22.9,64,0
6401204.045,2026-06-24T19:00:00Z,21.9,66,0
6401204.045,2026-06-24T20:00:00Z,20.9,69,0
6401204.045,2026-06-24T21:00:00Z,20.4,67,0
6401204.045,2026-06-24T22:00:00Z,20.1,64,0
6401204.045,2026-06-24T23:00:00Z,19.7,67,0
6401204.045,2026-06-25T00:00:00Z,17.6,75,0
6401204.045,2026-06-25T01:00:00Z,16.4,81,0
6401204.045,2026-06-25T02:00:00Z,15.6,86,0
6401204.045,2026-06-25T03:00:00Z,16.4,84,0
6401204.045,2026-06-25T04:00:00Z,18.3,78,0
6401204.045,2026-06-25T05:00:00Z,20.2,73,0
6401204.045,2026-06-25T06:00:00Z,22.4,67,0
6401204.045,2026-06-25T07:00:00Z,24.7,59,0
6401204.045,2026-06-25T08:00:00Z,26.4,49,0
6401204.045,2026-06-25T09:00:00Z,27.5,41,0
6401204.045,2026-06-25T10:00:00Z,27.8,40,0
6401204.045,2026-06-25T11:00:00Z,27.9,41,0
6401204.045,2026-06-25T12:00:00Z,28.5,38,0
6401204.045,2026-06-25T13:00:00Z,28.4,39,0
6401204.045,2026-06-25T14:00:00Z,28.2,40,0
6401204.045,2026-06-25T15:00:00Z,27.7,42,0
6401204.045,2026-06-25T16:00:00Z,27.0,50,0
6401204.045,2026-06-25T17:00:00Z,25.5,63,0
6401204.045,2026-06-25T18:00:00Z,23.4,57,0
6401204.045,2026-06-25T19:00:00Z,21.7,65,0
6401204.045,2026-06-25T20:00:00Z,20.9,69,0
6401204.045,2026-06-25T21:00:00Z,20.2,71,0
6401204.045,2026-06-25T22:00:00Z,19.3,75,0
6401204.045,2026-06-25T23:00:00Z,18.7,78,0
6401204.045,2026-06-26T00:00:00Z,17.8,81,0
6401204.045,2026-06-26T01:00:00Z,17.3,83,0
6401204.045,2026-06-26T02:00:00Z,16.8,86,0
6401204.045,2026-06-26T03:00:00Z,17.3,86,0
6401204.045,2026-06-26T04:00:00Z,19.4,80,0
6401204.045,2026-06-26T05:00:00Z,21.4,76,0
6401204.045,2026-06-26T06:00:00Z,23.1,71,0
6401204.045,2026-06-26T07:00:00Z,25.0,64,0
6401204.045,2026-06-26T08:00:00Z,26.4,56,0
6401204.045,2026-06-26T09:00:00Z,27.2,48,0.1
6401204.045,2026-06-26T10:00:00Z,28.0,44,0.1
6401204.045,2026-06-26T11:00:00Z,28.3,43,0.1
6401204.045,2026-06-26T12:00:00Z,28.8,42,0.5
6401204.045,2026-06-26T13:00:00Z,29.1,42,0
6401204.045,2026-06-26T14:00:00Z,28.9,41,0
6401204.045,2026-06-26T15:00:00Z,25.8,60,0.5
6401204.045,2026-06-26T16:00:00Z,24.6,71,0.1
6401204.045,2026-06-26T17:00:00Z,24.1,72,0
6401204.045,2026-06-26T18:00:00Z,23.1,73,0
6401204.045,2026-06-26T19:00:00Z,21.8,76,0
6401204.045,2026-06-26T20:00:00Z,20.6,80,0
6401204.045,2026-06-26T21:00:00Z,19.6,84,0
6401204.045,2026-06-26T22:00:00Z,18.7,87,0
6401204.045,2026-06-26T23:00:00Z,17.8,90,0
6401204.045,2026-06-27T00:00:00Z,16.9,92,0
6401204.045,2026-06-27T01:00:00Z,16.2,93,0
6401204.045,2026-06-27T02:00:00Z,15.6,93,0
6401204.045,2026-06-27T03:00:00Z,16.1,92,0
6401204.045,2026-06-27T04:00:00Z,17.9,86,0
6401204.045,2026-06-27T05:00:00Z,20.1,74,0
6401204.045,2026-06-27T06:00:00Z,21.9,66,0
6401204.045,2026-06-27T07:00:00Z,23.8,59,0
6401204.045,2026-06-27T08:00:00Z,25.1,51,0
6401204.045,2026-06-27T09:00:00Z,25.9,49,0
6401204.045,2026-06-27T10:00:00Z,26.7,47,0
6401204.045,2026-06-27T11:00:00Z,27.5,44,0
6401204.045,2026-06-27T12:00:00Z,28.2,38,0
6401204.045,2026-06-27T13:00:00Z,28.2,38,0
6401204.045,2026-06-27T14:00:00Z,27.8,40,0
6401204.045,2026-06-27T15:00:00Z,28.1,39,0
6401204.045,2026-06-27T16:00:00Z,27.9,45,0
6401204.045,2026-06-27T17:00:00Z,26.4,61,0
6401204.045,2026-06-27T18:00:00Z,23.6,67,0
6401204.045,2026-06-27T19:00:00Z,22.1,70,0
6401204.045,2026-06-27T20:00:00Z,21.5,67,0
6401204.045,2026-06-27T21:00:00Z,20.9,68,0
6401204.045,2026-06-27T22:00:00Z,20.1,72,0
6401204.045,2026-06-27T23:00:00Z,19.5,75,0
6401204.045,2026-06-28T00:00:00Z,18.1,80,0
6401204.045,2026-06-28T01:00:00Z,18.2,81,0
6401204.045,2026-06-28T02:00:00Z,18.2,80,0
6401204.045,2026-06-28T03:00:00Z,18.6,80,0
6401204.045,2026-06-28T04:00:00Z,20.2,78,0
6401204.045,2026-06-28T05:00:00Z,22.1,73,0
6401204.045,2026-06-28T06:00:00Z,24.3,67,0
6401204.045,2026-06-28T07:00:00Z,26.4,62,0
6401204.045,2026-06-28T08:00:00Z,28.4,56,0
6401204.045,2026-06-28T09:00:00Z,30.0,48,0
6401204.045,2026-06-28T10:00:00Z,31.0,44,0
6401204.045,2026-06-28T11:00:00Z,31.7,42,0
6401204.045,2026-06-28T12:00:00Z,32.0,42,0
6401204.045,2026-06-28T13:00:00Z,32.2,42,0
6401204.045,2026-06-28T14:00:00Z,32.1,42,0
6401204.045,2026-06-28T15:00:00Z,31.7,45,0
6401204.045,2026-06-28T16:00:00Z,30.8,55,0
6401204.045,2026-06-28T17:00:00Z,29.3,66,0
6401204.045,2026-06-28T18:00:00Z,26.8,65,0
6401204.045,2026-06-28T19:00:00Z,25.6,69,0
6401204.045,2026-06-28T20:00:00Z,24.4,73,0
6401204.045,2026-06-28T21:00:00Z,23.9,73,0
6401204.045,2026-06-28T22:00:00Z,23.4,74,0
6401204.045,2026-06-28T23:00:00Z,22.7,76,0
6401204.045,2026-06-29T00:00:00Z,20.8,82,0
6401204.045,2026-06-29T01:00:00Z,20.3,84,0
6401204.045,2026-06-29T02:00:00Z,19.8,86,0
6401204.045,2026-06-29T03:00:00Z,20.1,87,0
6401204.045,2026-06-29T04:00:00Z,22.0,83,0
6401204.045,2026-06-29T05:00:00Z,24.4,75,0
6401204.045,2026-06-29T06:00:00Z,26.3,70,0
6401204.045,2026-06-29T07:00:00Z,28.3,63,0
6401204.045,2026-06-29T08:00:00Z,29.9,57,0
6401204.045,2026-06-29T09:00:00Z,31.2,53,0
6401204.045,2026-06-29T10:00:00Z,32.1,49,0
6401204.045,2026-06-29T11:00:00Z,32.8,47,0
6401204.045,2026-06-29T12:00:00Z,33.5,44,0
6401204.045,2026-06-29T13:00:00Z,33.8,43,0
6401204.045,2026-06-29T14:00:00Z,33.8,41,0
6401204.045,2026-06-29T15:00:00Z,33.4,43,0
6401204.045,2026-06-29T16:00:00Z,32.4,51,0
6401204.045,2026-06-29T17:00:00Z,31.1,60,0
6401204.045,2026-06-29T18:00:00Z,29.3,56,0
6401204.045,2026-06-29T19:00:00Z,28.6,57,0
6401204.045,2026-06-29T20:00:00Z,27.3,62,0
6401204.045,2026-06-29T21:00:00Z,26.6,65,0
6401204.045,2026-06-29T22:00:00Z,25.2,72,0
6401204.045,2026-06-29T23:00:00Z,24.1,79,0
6401204.045,2026-06-30T00:00:00Z,23.5,75,0
6401204.045,2026-06-30T01:00:00Z,22.2,84,0
6401204.045,2026-06-30T02:00:00Z,21.1,91,0
6401204.045,2026-06-30T03:00:00Z,21.6,90,0
6401204.045,2026-06-30T04:00:00Z,23.7,81,0
6401204.045,2026-06-30T05:00:00Z,26.0,74,0
6401204.045,2026-06-30T06:00:00Z,27.1,71,0
6401204.045,2026-06-30T07:00:00Z,29.8,63,0
6401204.045,2026-06-30T08:00:00Z,31.6,58,0
6401204.045,2026-06-30T09:00:00Z,33.0,54,0
6401204.045,2026-06-30T10:00:00Z,33.7,48,0.1
6401204.045,2026-06-30T11:00:00Z,33.5,46,0.1
6401204.045,2026-06-30T12:00:00Z,34.2,40,0
6401204.045,2026-06-30T13:00:00Z,33.9,41,0
6401204.045,2026-06-30T14:00:00Z,33.3,42,0
6401204.045,2026-06-30T15:00:00Z,32.6,45,0
6401204.045,2026-06-30T16:00:00Z,31.6,48,0
6401204.045,2026-06-30T17:00:00Z,29.8,54,0
6401204.045,2026-06-30T18:00:00Z,28.7,53,0
6401204.045,2026-06-30T19:00:00Z,27.4,58,0
6401204.045,2026-06-30T20:00:00Z,26.0,64,0
6401204.045,2026-06-30T21:00:00Z,25.2,67,0
6401204.045,2026-06-30T22:00:00Z,23.9,73,0
6401204.045,2026-06-30T23:00:00Z,23.3,75,0
6401204.045,2026-07-01T00:00:00Z,22.3,77,0
6401204.045,2026-07-01T01:00:00Z,21.8,77,0
6401204.045,2026-07-01T02:00:00Z,21.2,78,0
6401204.045,2026-07-01T03:00:00Z,21.1,80,0
6401204.045,2026-07-01T04:00:00Z,22.5,78,0
6401204.045,2026-07-01T05:00:00Z,24.2,71,0
6401204.045,2026-07-01T06:00:00Z,25.7,66,0
6401204.045,2026-07-01T07:00:00Z,27.2,58,0
6401204.045,2026-07-01T08:00:00Z,28.2,51,0
6401204.045,2026-07-01T09:00:00Z,29.1,49,0
6401204.045,2026-07-01T10:00:00Z,29.8,48,0
6401204.045,2026-07-01T11:00:00Z,30.5,48,0
6401204.045,2026-07-01T12:00:00Z,31.1,40,0
6401204.045,2026-07-01T13:00:00Z,31.3,42,0
6401204.045,2026-07-01T14:00:00Z,31.4,42,0
6401204.045,2026-07-01T15:00:00Z,31.3,42,0
6401204.045,2026-07-01T16:00:00Z,30.7,50,0
6401204.045,2026-07-01T17:00:00Z,29.3,63,0
6401204.045,2026-07-01T18:00:00Z,26.8,59,0
6401204.045,2026-07-01T19:00:00Z,25.7,59,0
6401204.045,2026-07-01T20:00:00Z,24.6,60,0
6401204.045,2026-07-01T21:00:00Z,23.5,63,0
6401204.045,2026-07-01T22:00:00Z,23.2,63,0
6401204.045,2026-07-01T23:00:00Z,22.7,65,0
6401204.045,2026-07-02T00:00:00Z,22.0,67,0
6401204.045,2026-07-02T01:00:00Z,21.5,68,0
6401204.045,2026-07-02T02:00:00Z,21.0,70,0
6401204.045,2026-07-02T03:00:00Z,21.0,71,0
6401204.045,2026-07-02T04:00:00Z,22.4,70,0
6401204.045,2026-07-02T05:00:00Z,24.3,67,0
6401204.045,2026-07-02T06:00:00Z,26.0,62,0
6401204.045,2026-07-02T07:00:00Z,27.8,58,0
6401204.045,2026-07-02T08:00:00Z,29.4,52,0
6401204.045,2026-07-02T09:00:00Z,30.3,43,0
6401204.045,2026-07-02T10:00:00Z,30.4,42,0.1
6401204.045,2026-07-02T11:00:00Z,30.4,42,0.1
6401204.045,2026-07-02T12:00:00Z,30.9,41,0
6401204.045,2026-07-02T13:00:00Z,31.0,40,0
6401204.045,2026-07-02T14:00:00Z,30.9,41,0
6401204.045,2026-07-02T15:00:00Z,30.2,42,0.1
6401204.045,2026-07-02T16:00:00Z,29.4,50,0.1
6401204.045,2026-07-02T17:00:00Z,28.0,65,0
6401204.045,2026-07-02T18:00:00Z,27.4,56,0
6401204.045,2026-07-02T19:00:00Z,26.4,57,0
6401204.045,2026-07-02T20:00:00Z,24.7,61,0
6401204.045,2026-07-02T21:00:00Z,23.7,66,0
6401204.045,2026-07-02T22:00:00Z,23.1,69,0
6401204.045,2026-07-02T23:00:00Z,22.1,73,0
6401204.045,2026-07-03T00:00:00Z,20.5,81,0
6401204.045,2026-07-03T01:00:00Z,20.1,81,0
6401204.045,2026-07-03T02:00:00Z,20.2,81,0
6401204.045,2026-07-03T03:00:00Z,20.6,81,0
6401204.045,2026-07-03T04:00:00Z,21.7,81,0
6401204.045,2026-07-03T05:00:00Z,23.5,77,0
6401204.045,2026-07-03T06:00:00Z,24.4,73,0
6401204.045,2026-07-03T07:00:00Z,25.8,68,0
6401204.045,2026-07-03T08:00:00Z,26.8,64,0
6401204.045,2026-07-03T09:00:00Z,27.6,58,0
6401204.045,2026-07-03T10:00:00Z,27.4,59,0
6401204.045,2026-07-03T11:00:00Z,28.1,58,0
6401204.045,2026-07-03T12:00:00Z,27.3,62,0.3
6401204.045,2026-07-03T13:00:00Z,27.9,57,0.1
6401204.045,2026-07-03T14:00:00Z,25.7,69,0.1
6401204.045,2026-07-03T15:00:00Z,26.2,65,0
6401204.045,2026-07-03T16:00:00Z,24.0,74,0.8
6401204.045,2026-07-03T17:00:00Z,23.2,75,0
6401204.045,2026-07-03T18:00:00Z,22.9,73,0
6401204.045,2026-07-03T19:00:00Z,21.9,75,0
6401204.045,2026-07-03T20:00:00Z,21.3,64,0
6401204.045,2026-07-03T21:00:00Z,20.7,61,0
6401204.045,2026-07-03T22:00:00Z,20.2,63,0
6401204.045,2026-07-03T23:00:00Z,18.9,76,0
6401204.045,2026-07-04T00:00:00Z,17.8,86,0
6401204.045,2026-07-04T01:00:00Z,17.7,92,0
6401204.045,2026-07-04T02:00:00Z,17.7,89,0
6401204.045,2026-07-04T03:00:00Z,17.4,86,0
6401204.045,2026-07-04T04:00:00Z,18.3,80,0
6401204.045,2026-07-04T05:00:00Z,19.5,71,0
6401204.045,2026-07-04T06:00:00Z,20.3,61,0
6401204.045,2026-07-04T07:00:00Z,21.3,55,0
6401204.045,2026-07-04T08:00:00Z,22.2,48,0
6401204.045,2026-07-04T09:00:00Z,22.9,44,0
6401204.045,2026-07-04T10:00:00Z,23.2,41,0
6401204.045,2026-07-04T11:00:00Z,23.4,38,0
6401204.045,2026-07-04T12:00:00Z,23.8,37,0
6401204.045,2026-07-04T13:00:00Z,23.7,36,0
6401204.045,2026-07-04T14:00:00Z,23.4,35,0
6401204.045,2026-07-04T15:00:00Z,22.3,38,0
6401204.045,2026-07-04T16:00:00Z,21.7,41,0
6401204.045,2026-07-04T17:00:00Z,20.7,45,0
6401204.045,2026-07-04T18:00:00Z,19.6,47,0
6401204.045,2026-07-04T19:00:00Z,18.5,51,0
6401204.045,2026-07-04T20:00:00Z,17.6,56,0
6401204.045,2026-07-04T21:00:00Z,16.8,60,0
6401204.045,2026-07-04T22:00:00Z,16.1,62,0
6401204.045,2026-07-04T23:00:00Z,15.5,65,0
6401204.045,2026-07-05T00:00:00Z,14.4,68,0
6401204.045,2026-07-05T01:00:00Z,13.9,71,0
6401204.045,2026-07-05T02:00:00Z,13.6,73,0
6401204.045,2026-07-05T03:00:00Z,13.8,76,0
6401204.045,2026-07-05T04:00:00Z,15.2,74,0
6401204.045,2026-07-05T05:00:00Z,16.8,68,0
6401204.045,2026-07-05T06:00:00Z,18.4,64,0
6401204.045,2026-07-05T07:00:00Z,19.8,58,0.1
6401204.045,2026-07-05T08:00:00Z,20.6,54,0.1
6401204.045,2026-07-05T09:00:00Z,21.6,48,0.1
6401204.045,2026-07-05T10:00:00Z,22.4,43,0
6401204.045,2026-07-05T11:00:00Z,22.8,41,0
6401204.045,2026-07-05T12:00:00Z,23.3,41,0
6401204.045,2026-07-05T13:00:00Z,23.4,40,0
6401204.045,2026-07-05T14:00:00Z,23.6,38,0
6401204.045,2026-07-05T15:00:00Z,23.4,38,0
6401204.045,2026-07-05T16:00:00Z,22.9,40,0
6401204.045,2026-07-05T17:00:00Z,21.7,47,0
6401204.045,2026-07-05T18:00:00Z,19.4,52,0
6401204.045,2026-07-05T19:00:00Z,18.4,55,0
6401204.045,2026-07-05T20:00:00Z,17.7,60,0
6401204.045,2026-07-05T21:00:00Z,17.6,63,0
6401204.045,2026-07-05T22:00:00Z,16.4,71,0
6401204.045,2026-07-05T23:00:00Z,15.9,76,0
6401204.045,2026-07-06T00:00:00Z,15.0,78,0
6401204.045,2026-07-06T01:00:00Z,14.5,81,0
6401204.045,2026-07-06T02:00:00Z,14.1,84,0
6401204.045,2026-07-06T03:00:00Z,14.6,83,0
6401204.045,2026-07-06T04:00:00Z,16.0,81,0.1
6401204.045,2026-07-06T05:00:00Z,17.8,75,0
6401204.045,2026-07-06T06:00:00Z,20.1,65,0
6401204.045,2026-07-06T07:00:00Z,21.0,63,0.1
6401204.045,2026-07-06T08:00:00Z,21.9,60,0
6401204.045,2026-07-06T09:00:00Z,22.9,53,0
6401204.045,2026-07-06T10:00:00Z,23.2,49,0.1
6401204.045,2026-07-06T11:00:00Z,24.0,43,0
6401204.045,2026-07-06T12:00:00Z,24.7,36,0
6401204.045,2026-07-06T13:00:00Z,24.9,35,0
6401204.045,2026-07-06T14:00:00Z,24.8,35,0
6401204.045,2026-07-06T15:00:00Z,24.3,35,0
6401204.045,2026-07-06T16:00:00Z,23.6,35,0
6401204.045,2026-07-06T17:00:00Z,22.0,39,0
6401204.045,2026-07-06T18:00:00Z,19.8,44,0
6401204.045,2026-07-06T19:00:00Z,18.7,50,0
6401204.045,2026-07-06T20:00:00Z,18.5,51,0
6401204.045,2026-07-06T21:00:00Z,18.2,51,0
6401204.045,2026-07-06T22:00:00Z,17.8,52,0
6401204.045,2026-07-06T23:00:00Z,17.5,53,0
6401204.045,2026-07-07T00:00:00Z,16.2,60,0
6401204.045,2026-07-07T01:00:00Z,15.2,66,0
6401204.045,2026-07-07T02:00:00Z,13.8,71,0
6401204.045,2026-07-07T03:00:00Z,14.9,68,0
6401204.045,2026-07-07T04:00:00Z,17.6,62,0
6401204.045,2026-07-07T05:00:00Z,20.1,58,0
6401204.045,2026-07-07T06:00:00Z,21.5,55,0
6401204.045,2026-07-07T07:00:00Z,23.9,46,0
6401204.045,2026-07-07T08:00:00Z,25.3,41,0
6401204.045,2026-07-07T09:00:00Z,26.0,40,0
6401204.045,2026-07-07T10:00:00Z,26.4,39,0
6401204.045,2026-07-07T11:00:00Z,26.8,38,0.3
6401204.045,2026-07-07T12:00:00Z,26.6,43,0.9
6401204.045,2026-07-07T13:00:00Z,27.0,42,0.1
6401204.045,2026-07-07T14:00:00Z,27.4,40,0
6401204.045,2026-07-07T15:00:00Z,27.3,40,0
6401204.045,2026-07-07T16:00:00Z,26.2,43,0
6401204.045,2026-07-07T17:00:00Z,23.9,53,0
6401204.045,2026-07-07T18:00:00Z,21.7,66,0
6401204.045,2026-07-07T19:00:00Z,21.5,66,0
6401204.045,2026-07-07T20:00:00Z,20.6,69,0
6401204.045,2026-07-07T21:00:00Z,20.3,70,0
6401204.045,2026-07-07T22:00:00Z,19.4,72,0
6401204.045,2026-07-07T23:00:00Z,18.6,75,0
6401204.045,2026-07-08T00:00:00Z,17.8,76,0
6401204.045,2026-07-08T01:00:00Z,17.3,78,0
6401204.045,2026-07-08T02:00:00Z,17.1,80,0
6401204.045,2026-07-08T03:00:00Z,17.2,80,0
6401204.045,2026-07-08T04:00:00Z,18.6,76,0
6401204.045,2026-07-08T05:00:00Z,20.8,69,0
6401204.045,2026-07-08T06:00:00Z,21.1,67,0
6401204.045,2026-07-08T07:00:00Z,23.4,60,0
6401204.045,2026-07-08T08:00:00Z,25.0,52,0
6401204.045,2026-07-08T09:00:00Z,24.4,53,0.4
6401204.045,2026-07-08T10:00:00Z,20.8,83,2.4
6401204.045,2026-07-08T11:00:00Z,22.4,68,0
6401204.045,2026-07-08T12:00:00Z,20.9,75,0
6401204.045,2026-07-08T13:00:00Z,22.4,60,0.2
6401204.045,2026-07-08T14:00:00Z,19.2,85,0.9
6401204.045,2026-07-08T15:00:00Z,18.9,90,0.4
6401204.045,2026-07-08T16:00:00Z,18.9,88,0.1
6401204.045,2026-07-08T17:00:00Z,18.7,89,0
6401204.045,2026-07-08T18:00:00Z,17.5,81,0
6401204.045,2026-07-08T19:00:00Z,16.7,83,0
6401204.045,2026-07-08T20:00:00Z,16.8,82,0
6401204.045,2026-07-08T21:00:00Z,15.2,88,0
6401204.045,2026-07-08T22:00:00Z,14.7,90,0
6401204.045,2026-07-08T23:00:00Z,14.1,92,0
6401204.045,2026-07-09T00:00:00Z,13.0,95,0
6401204.045,2026-07-09T01:00:00Z,12.3,97,0
6401204.045,2026-07-09T02:00:00Z,12.1,96,0
6401204.045,2026-07-09T03:00:00Z,12.5,94,0
6401204.045,2026-07-09T04:00:00Z,14.1,86,0
6401204.045,2026-07-09T05:00:00Z,16.1,76,0
6401204.045,2026-07-09T06:00:00Z,17.7,69,0
6401204.045,2026-07-09T07:00:00Z,19.2,61,0
6401204.045,2026-07-09T08:00:00Z,20.7,48,0
6401204.045,2026-07-09T09:00:00Z,21.3,44,0
6401204.045,2026-07-09T10:00:00Z,21.8,42,0
6401204.045,2026-07-09T11:00:00Z,22.1,41,0
6401204.045,2026-07-09T12:00:00Z,22.3,39,0
6401204.045,2026-07-09T13:00:00Z,22.4,40,0
6401204.045,2026-07-09T14:00:00Z,22.5,40,0
6401204.045,2026-07-09T15:00:00Z,22.3,41,0
6401204.045,2026-07-09T16:00:00Z,21.8,43,0
6401204.045,2026-07-09T17:00:00Z,20.6,51,0
6401204.045,2026-07-09T18:00:00Z,18.1,58,0
6401204.045,2026-07-09T19:00:00Z,16.7,66,0
6401204.045,2026-07-09T20:00:00Z,15.7,72,0
6401204.045,2026-07-09T21:00:00Z,14.6,77,0
6401204.045,2026-07-09T22:00:00Z,13.8,80,0
6401204.045,2026-07-09T23:00:00Z,13.5,82,0
6401204.045,2026-07-10T00:00:00Z,13.4,85,0
6401204.045,2026-07-10T01:00:00Z,13.1,89,0
6401204.045,2026-07-10T02:00:00Z,12.3,95,0
6401204.045,2026-07-10T03:00:00Z,12.3,95,0
6401204.045,2026-07-10T04:00:00Z,13.6,89,0
6401204.045,2026-07-10T05:00:00Z,15.4,80,0
6401204.045,2026-07-10T06:00:00Z,16.8,73,0
6401204.045,2026-07-10T07:00:00Z,18.5,64,0
6401204.045,2026-07-10T08:00:00Z,19.8,55,0
6401204.045,2026-07-10T09:00:00Z,20.7,48,0
6401204.045,2026-07-10T10:00:00Z,21.3,44,0
6401204.045,2026-07-10T11:00:00Z,21.8,43,0
6401204.045,2026-07-10T12:00:00Z,22.1,43,0
6401204.045,2026-07-10T13:00:00Z,21.9,48,0.1
6401204.045,2026-07-10T14:00:00Z,21.0,52,0.1
6401204.045,2026-07-10T15:00:00Z,21.2,49,0
6401204.045,2026-07-10T16:00:00Z,17.5,69,0.2
6401204.045,2026-07-10T17:00:00Z,17.2,70,0
6401204.045,2026-07-10T18:00:00Z,16.9,70,0
6401204.045,2026-07-10T19:00:00Z,15.5,74,0
6401204.045,2026-07-10T20:00:00Z,14.5,77,0
6401204.045,2026-07-10T21:00:00Z,14.0,80,0
6401204.045,2026-07-10T22:00:00Z,14.3,80,0
6401204.045,2026-07-10T23:00:00Z,13.8,85,0.1
6401204.045,2026-07-11T00:00:00Z,12.5,90,0
6401204.045,2026-07-11T01:00:00Z,11.9,92,0
6401204.045,2026-07-11T02:00:00Z,11.6,92,0
6401204.045,2026-07-11T03:00:00Z,12.0,92,0
6401204.045,2026-07-11T04:00:00Z,13.7,87,0
6401204.045,2026-07-11T05:00:00Z,15.8,80,0
6401204.045,2026-07-11T06:00:00Z,17.3,72,0
6401204.045,2026-07-11T07:00:00Z,18.9,66,0
6401204.045,2026-07-11T08:00:00Z,20.6,56,0
6401204.045,2026-07-11T09:00:00Z,21.8,49,0
6401204.045,2026-07-11T10:00:00Z,22.7,45,0
6401204.045,2026-07-11T11:00:00Z,23.5,42,0
6401204.045,2026-07-11T12:00:00Z,24.1,39,0
6401204.045,2026-07-11T13:00:00Z,24.5,38,0
6401204.045,2026-07-11T14:00:00Z,24.5,38,0
6401204.045,2026-07-11T15:00:00Z,23.7,41,0.1
6401204.045,2026-07-11T16:00:00Z,22.4,47,0
6401204.045,2026-07-11T17:00:00Z,21.3,54,0
6401204.045,2026-07-11T18:00:00Z,19.4,58,0
6401204.045,2026-07-11T19:00:00Z,18.0,61,0
6401204.045,2026-07-11T20:00:00Z,16.9,66,0
6401204.045,2026-07-11T21:00:00Z,16.0,71,0
6401204.045,2026-07-11T22:00:00Z,15.4,75,0
6401204.045,2026-07-11T23:00:00Z,14.6,78,0
6401204.045,2026-07-12T00:00:00Z,13.2,86,0
6401204.045,2026-07-12T01:00:00Z,12.6,89,0
6401204.045,2026-07-12T02:00:00Z,12.1,92,0
6401204.045,2026-07-12T03:00:00Z,12.3,92,0
6401204.045,2026-07-12T04:00:00Z,13.9,87,0
6401204.045,2026-07-12T05:00:00Z,15.9,81,0
6401204.045,2026-07-12T06:00:00Z,17.6,75,0
6401204.045,2026-07-12T07:00:00Z,19.8,66,0
6401204.045,2026-07-12T08:00:00Z,21.4,58,0
6401204.045,2026-07-12T09:00:00Z,22.4,51,0
6401204.045,2026-07-12T10:00:00Z,23.3,48,0
6401204.045,2026-07-12T11:00:00Z,24.0,45,0
6401204.045,2026-07-12T12:00:00Z,24.7,40,0
6401204.045,2026-07-12T13:00:00Z,24.9,39,0
6401204.045,2026-07-12T14:00:00Z,24.8,39,0
6401204.045,2026-07-12T15:00:00Z,24.7,40,0
6401204.045,2026-07-12T16:00:00Z,24.2,42,0
6401204.045,2026-07-12T17:00:00Z,22.7,63,0
6401204.045,2026-07-12T18:00:00Z,21.4,56,0
6401204.045,2026-07-12T19:00:00Z,19.7,62,0
6401204.045,2026-07-12T20:00:00Z,18.5,62,0
6401204.045,2026-07-12T21:00:00Z,17.7,62,0
6401204.045,2026-07-12T22:00:00Z,18.0,63,0
6401204.045,2026-07-12T23:00:00Z,16.7,69,0
6401204.045,2026-07-13T00:00:00Z,15.9,78,0
6401204.045,2026-07-13T01:00:00Z,15.3,83,0
6401204.045,2026-07-13T02:00:00Z,14.3,88,0
6401204.045,2026-07-13T03:00:00Z,15.0,83,0
6401204.045,2026-07-13T04:00:00Z,16.7,77,0
6401204.045,2026-07-13T05:00:00Z,18.6,72,0
6401204.045,2026-07-13T06:00:00Z,19.8,70,0
6401204.045,2026-07-13T07:00:00Z,21.1,65,0
6401204.045,2026-07-13T08:00:00Z,22.3,58,0
6401204.045,2026-07-13T09:00:00Z,23.0,53,0
6401204.045,2026-07-13T10:00:00Z,24.6,50,0
6401204.045,2026-07-13T11:00:00Z,25.1,48,0
6401204.045,2026-07-13T12:00:00Z,23.2,64,0.3
6401204.045,2026-07-13T13:00:00Z,24.7,50,0.1
6401204.045,2026-07-13T14:00:00Z,22.2,60,0.3
6401204.045,2026-07-13T15:00:00Z,21.2,67,0.2
6401204.045,2026-07-13T16:00:00Z,22.2,61,0
6401204.045,2026-07-13T17:00:00Z,21.8,65,0
6401204.045,2026-07-13T18:00:00Z,20.9,56,0
6401204.045,2026-07-13T19:00:00Z,19.5,61,0
6401204.045,2026-07-13T20:00:00Z,18.4,66,0
6401204.045,2026-07-13T21:00:00Z,17.5,72,0
6401204.045,2026-07-13T22:00:00Z,16.2,81,0
6401204.045,2026-07-13T23:00:00Z,15.3,86,0
6401204.045,2026-07-14T00:00:00Z,14.7,91,0
6401204.045,2026-07-14T01:00:00Z,14.6,91,0
6401204.045,2026-07-14T02:00:00Z,14.8,91,0
6401204.045,2026-07-14T03:00:00Z,15.1,92,0
6401204.045,2026-07-14T04:00:00Z,16.9,87,0
6401204.045,2026-07-14T05:00:00Z,18.6,83,0
6401204.045,2026-07-14T06:00:00Z,19.8,78,0
6401204.045,2026-07-14T07:00:00Z,21.3,72,0
6401204.045,2026-07-14T08:00:00Z,22.3,70,0.1
6401204.045,2026-07-14T09:00:00Z,23.3,68,0
6401204.045,2026-07-14T10:00:00Z,25.1,62,0.1
6401204.045,2026-07-14T11:00:00Z,26.2,60,0.2
6401204.045,2026-07-14T12:00:00Z,22.4,84,0.1
6401204.045,2026-07-14T13:00:00Z,24.4,74,0.1
6401204.045,2026-07-14T14:00:00Z,24.9,70,0
6401204.045,2026-07-14T15:00:00Z,24.8,70,0
6401204.045,2026-07-14T16:00:00Z,24.7,71,0
6401204.045,2026-07-14T17:00:00Z,24.0,75,0
6401204.045,2026-07-14T18:00:00Z,19.7,92,0
6401204.045,2026-07-14T19:00:00Z,19.8,92,0.1
6401204.045,2026-07-14T20:00:00Z,18.9,95,0
6401204.045,2026-07-14T21:00:00Z,18.5,94,0
6401204.045,2026-07-14T22:00:00Z,18.3,95,0
6401204.045,2026-07-14T23:00:00Z,18.3,94,0
6401204.045,2026-07-15T00:00:00Z,17.9,94,0
6401204.045,2026-07-15T01:00:00Z,17.6,94,0
6401204.045,2026-07-15T02:00:00Z,17.4,94,0
6401204.045,2026-07-15T03:00:00Z,17.5,94,0
6401204.045,2026-07-15T04:00:00Z,19.2,89,0
6401204.045,2026-07-15T05:00:00Z,21.0,81,0
6401204.045,2026-07-15T06:00:00Z,22.7,74,0
6401204.045,2026-07-15T07:00:00Z,24.7,67,0
6401204.045,2026-07-15T08:00:00Z,26.2,61,0
6401204.045,2026-07-15T09:00:00Z,27.0,57,0.2
6401204.045,2026-07-15T10:00:00Z,27.8,53,0.1
6401204.045,2026-07-15T11:00:00Z,28.1,51,0.1
6401204.045,2026-07-15T12:00:00Z,29.1,44,0
6401204.045,2026-07-15T13:00:00Z,29.2,42,0
6401204.045,2026-07-15T14:00:00Z,28.9,42,0
6401204.045,2026-07-15T15:00:00Z,28.5,44,0
6401204.045,2026-07-15T16:00:00Z,27.8,47,0
6401204.045,2026-07-15T17:00:00Z,26.4,52,0
6401204.045,2026-07-15T18:00:00Z,25.1,54,0
6401204.045,2026-07-15T19:00:00Z,23.9,58,0
6401204.045,2026-07-15T20:00:00Z,22.7,63,0
6401204.045,2026-07-15T21:00:00Z,22.0,66,0
6401204.045,2026-07-15T22:00:00Z,21.4,68,0
6401204.045,2026-07-15T23:00:00Z,21.0,69,0
6401204.045,2026-07-16T00:00:00Z,20.1,75,0
6401204.045,2026-07-16T01:00:00Z,19.3,79,0
6401204.045,2026-07-16T02:00:00Z,18.8,81,0
6401204.045,2026-07-16T03:00:00Z,18.2,85,0
6401204.045,2026-07-16T04:00:00Z,19.8,81,0
6401204.045,2026-07-16T05:00:00Z,22.0,74,0
6401204.045,2026-07-16T06:00:00Z,24.7,64,0
6401204.045,2026-07-16T07:00:00Z,27.0,52,0
6401204.045,2026-07-16T08:00:00Z,28.1,44,0.1
6401204.045,2026-07-16T09:00:00Z,28.5,43,0
6401204.045,2026-07-16T10:00:00Z,29.1,41,0
6401204.045,2026-07-16T11:00:00Z,29.6,39,0
6401204.045,2026-07-16T12:00:00Z,30.4,34,0
6401204.045,2026-07-16T13:00:00Z,30.0,34,0
6401204.045,2026-07-16T14:00:00Z,29.7,35,0
6401204.045,2026-07-16T15:00:00Z,29.3,36,0
6401204.045,2026-07-16T16:00:00Z,28.5,40,0
6401204.045,2026-07-16T17:00:00Z,26.7,54,0
6401204.045,2026-07-16T18:00:00Z,25.0,49,0
6401204.045,2026-07-16T19:00:00Z,24.1,50,0
6401204.045,2026-07-16T20:00:00Z,22.5,59,0
6401204.045,2026-07-16T21:00:00Z,21.5,63,0
6401204.045,2026-07-16T22:00:00Z,20.7,66,0
6401204.045,2026-07-16T23:00:00Z,20.0,69,0
6401204.045,2026-07-17T00:00:00Z,19.2,76,0
6401204.045,2026-07-17T01:00:00Z,18.9,78,0
6401204.045,2026-07-17T02:00:00Z,18.5,81,0
6401204.045,2026-07-17T03:00:00Z,18.3,84,0
6401204.045,2026-07-17T04:00:00Z,19.9,78,0
6401204.045,2026-07-17T05:00:00Z,21.9,71,0
6401204.045,2026-07-17T06:00:00Z,24.2,63,0
6401204.045,2026-07-17T07:00:00Z,26.0,56,0
6401204.045,2026-07-17T08:00:00Z,27.3,45,0
6401204.045,2026-07-17T09:00:00Z,28.3,41,0
6401204.045,2026-07-17T10:00:00Z,29.3,37,0
6401204.045,2026-07-17T11:00:00Z,29.5,35,0
6401204.045,2026-07-17T12:00:00Z,29.7,35,0
6401204.045,2026-07-17T13:00:00Z,29.2,36,0
6401204.045,2026-07-17T14:00:00Z,29.0,36,0
6401204.045,2026-07-17T15:00:00Z,28.3,40,0
6401204.045,2026-07-17T16:00:00Z,27.5,44,0
6401204.045,2026-07-17T17:00:00Z,26.0,50,0
6401204.045,2026-07-17T18:00:00Z,24.1,53,0
6401204.045,2026-07-17T19:00:00Z,23.4,52,0
6401204.045,2026-07-17T20:00:00Z,23.3,51,0
6401204.045,2026-07-17T21:00:00Z,22.5,50,0
6401204.045,2026-07-17T22:00:00Z,21.7,51,0
6401204.045,2026-07-17T23:00:00Z,21.0,55,0
6401204.045,2026-07-18T00:00:00Z,19.6,64,0
6401204.045,2026-07-18T01:00:00Z,18.8,67,0
6401204.045,2026-07-18T02:00:00Z,18.3,69,0
6401204.045,2026-07-18T03:00:00Z,18.0,69,0
6401204.045,2026-07-18T04:00:00Z,18.9,66,0
6401204.045,2026-07-18T05:00:00Z,20.4,60,0
6401204.045,2026-07-18T06:00:00Z,22.3,56,0
6401204.045,2026-07-18T07:00:00Z,24.4,52,0
6401204.045,2026-07-18T08:00:00Z,26.2,49,0
6401204.045,2026-07-18T09:00:00Z,27.7,46,0
6401204.045,2026-07-18T10:00:00Z,28.9,41,0
6401204.045,2026-07-18T11:00:00Z,29.6,39,0
6401204.045,2026-07-18T12:00:00Z,30.3,36,0
6401204.045,2026-07-18T13:00:00Z,30.7,35,0
6401204.045,2026-07-18T14:00:00Z,30.6,35,0
6401204.045,2026-07-18T15:00:00Z,30.2,35,0
6401204.045,2026-07-18T16:00:00Z,29.3,39,0
6401204.045,2026-07-18T17:00:00Z,27.7,45,0
6401204.045,2026-07-18T18:00:00Z,26.1,51,0
6401204.045,2026-07-18T19:00:00Z,25.2,58,0
6401204.045,2026-07-18T20:00:00Z,24.1,64,0
6401204.045,2026-07-18T21:00:00Z,23.2,69,0
6401204.045,2026-07-18T22:00:00Z,22.3,75,0
6401204.045,2026-07-18T23:00:00Z,21.7,79,0
6401204.045,2026-07-19T00:00:00Z,20.6,85,0
6401204.045,2026-07-19T01:00:00Z,20.3,86,0
6401204.045,2026-07-19T02:00:00Z,20.0,87,0
6401204.045,2026-07-19T03:00:00Z,19.9,86,0
6401204.045,2026-07-19T04:00:00Z,21.1,82,0
6401204.045,2026-07-19T05:00:00Z,22.7,76,0
6401204.045,2026-07-19T06:00:00Z,24.3,70,0
6401204.045,2026-07-19T07:00:00Z,25.8,63,0.1
6401204.045,2026-07-19T08:00:00Z,27.6,56,0
6401204.045,2026-07-19T09:00:00Z,28.8,52,0
6401204.045,2026-07-19T10:00:00Z,29.8,51,0
6401204.045,2026-07-19T11:00:00Z,30.8,49,0
6401204.045,2026-07-19T12:00:00Z,30.1,51,0
6401204.045,2026-07-19T13:00:00Z,31.4,47,0
6401204.045,2026-07-19T14:00:00Z,26.4,70,1.4
6401204.045,2026-07-19T15:00:00Z,24.4,87,1.7
6401204.045,2026-07-19T16:00:00Z,22.8,91,5.5
6401204.045,2026-07-19T17:00:00Z,22.5,95,1.3
6401204.045,2026-07-19T18:00:00Z,22.1,93,0
6401204.045,2026-07-19T19:00:00Z,21.6,93,0
6401204.045,2026-07-19T20:00:00Z,21.2,94,0
6401204.045,2026-07-19T21:00:00Z,21.2,93,0
6401204.045,2026-07-19T22:00:00Z,21.4,92,0
6401204.045,2026-07-19T23:00:00Z,21.3,92,0
6401204.045,2026-07-20T00:00:00Z,20.3,97,0
6401204.045,2026-07-20T01:00:00Z,19.7,98,0
6401204.045,2026-07-20T02:00:00Z,19.3,97,0
6401204.045,2026-07-20T03:00:00Z,19.0,97,0
6401204.045,2026-07-20T04:00:00Z,20.2,95,0
6401204.045,2026-07-20T05:00:00Z,21.7,91,0
6401204.045,2026-07-20T06:00:00Z,22.3,86,0
6401204.045,2026-07-20T07:00:00Z,23.8,78,0
6401204.045,2026-07-20T08:00:00Z,25.3,74,0
6401204.045,2026-07-20T09:00:00Z,26.5,67,0
6401204.045,2026-07-20T10:00:00Z,27.4,61,0.1
6401204.045,2026-07-20T11:00:00Z,28.1,58,0
6401204.045,2026-07-20T12:00:00Z,27.5,59,0
6401204.045,2026-07-20T13:00:00Z,27.0,57,0.6
6401204.045,2026-07-20T14:00:00Z,27.1,53,0
6401204.045,2026-07-20T15:00:00Z,26.6,55,0
6401204.045,2026-07-20T16:00:00Z,25.8,60,0
6401204.045,2026-07-20T17:00:00Z,24.5,67,0
6401204.045,2026-07-20T18:00:00Z,23.5,68,0
6401204.045,2026-07-20T19:00:00Z,22.4,71,0
6401204.045,2026-07-20T20:00:00Z,21.2,76,0
6401204.045,2026-07-20T21:00:00Z,20.4,80,0.1
6401204.045,2026-07-20T22:00:00Z,20.0,83,0.3
6401204.045,2026-07-20T23:00:00Z,19.4,85,0.1
6401204.045,2026-07-21T00:00:00Z,18.7,87,0
6401204.045,2026-07-21T01:00:00Z,18.2,87,0
6401204.045,2026-07-21T02:00:00Z,17.5,87,0
6401204.045,2026-07-21T03:00:00Z,17.3,87,0
6401204.045,2026-07-21T04:00:00Z,18.1,84,0
6401204.045,2026-07-21T05:00:00Z,19.3,77,0
6401204.045,2026-07-21T06:00:00Z,19.8,74,0
6401204.045,2026-07-21T07:00:00Z,22.0,63,0
6401204.045,2026-07-21T08:00:00Z,23.4,56,0
6401204.045,2026-07-21T09:00:00Z,24.5,49,0
6401204.045,2026-07-21T10:00:00Z,25.0,48,0
6401204.045,2026-07-21T11:00:00Z,25.4,46,0
6401204.045,2026-07-21T12:00:00Z,26.2,39,0
6401204.045,2026-07-21T13:00:00Z,26.0,39,0
6401204.045,2026-07-21T14:00:00Z,25.8,41,0
6401204.045,2026-07-21T15:00:00Z,25.7,41,0
6401204.045,2026-07-21T16:00:00Z,25.3,48,0
6401204.045,2026-07-21T17:00:00Z,23.4,59,0
6401204.045,2026-07-21T18:00:00Z,22.3,46,0
6401204.045,2026-07-21T19:00:00Z,21.0,51,0
6401204.045,2026-07-21T20:00:00Z,19.9,60,0
6401204.045,2026-07-21T21:00:00Z,18.3,69,0
6401204.045,2026-07-21T22:00:00Z,17.9,73,0
6401204.045,2026-07-21T23:00:00Z,17.7,75,0
6401204.045,2026-07-22T00:00:00Z,16.1,86,0
6401204.045,2026-07-22T01:00:00Z,15.6,88,0
6401204.045,2026-07-22T02:00:00Z,15.1,90,0
6401204.045,2026-07-22T03:00:00Z,14.7,90,0
6401204.045,2026-07-22T04:00:00Z,16.4,81,0
6401204.045,2026-07-22T05:00:00Z,18.2,71,0
6401204.045,2026-07-22T06:00:00Z,19.8,63,0
6401204.045,2026-07-22T07:00:00Z,21.2,57,0
6401204.045,2026-07-22T08:00:00Z,22.4,53,0
6401204.045,2026-07-22T09:00:00Z,23.1,50,0
6401204.045,2026-07-22T10:00:00Z,23.3,49,0
6401204.045,2026-07-22T11:00:00Z,23.4,49,0
6401204.045,2026-07-22T12:00:00Z,22.9,49,0
6401204.045,2026-07-22T13:00:00Z,22.7,50,0
6401204.045,2026-07-22T14:00:00Z,22.4,51,0
6401204.045,2026-07-22T15:00:00Z,21.9,53,0
6401204.045,2026-07-22T16:00:00Z,21.1,57,0
6401204.045,2026-07-22T17:00:00Z,20.0,62,0
6401204.045,2026-07-22T18:00:00Z,19.3,64,0.1
6401204.045,2026-07-22T19:00:00Z,18.6,71,0.3
6401204.045,2026-07-22T20:00:00Z,17.6,83,0.6
6401204.045,2026-07-22T21:00:00Z,17.3,89,0.6
6401204.045,2026-07-22T22:00:00Z,17.1,91,0.7
6401204.045,2026-07-22T23:00:00Z,16.8,91,0.7
6401204.045,2026-07-23T00:00:00Z,15.7,89,0.4
6401204.045,2026-07-23T01:00:00Z,15.3,89,0.5
6401204.045,2026-07-23T02:00:00Z,15.1,90,0.2
6401204.045,2026-07-23T03:00:00Z,14.8,92,0
6401204.045,2026-07-23T04:00:00Z,15.2,91,0
6401204.045,2026-07-23T05:00:00Z,16.6,81,0
6401204.045,2026-07-23T06:00:00Z,18.2,67,0
6401204.045,2026-07-23T07:00:00Z,19.9,53,0
6401204.045,2026-07-23T08:00:00Z,21.2,43,0
6401204.045,2026-07-23T09:00:00Z,22.6,38,0
6401204.045,2026-07-23T10:00:00Z,23.0,36,0
6401204.045,2026-07-23T11:00:00Z,23.3,36,0
6401204.045,2026-07-23T12:00:00Z,23.9,34,0
6401204.045,2026-07-23T13:00:00Z,23.6,35,0
6401204.045,2026-07-23T14:00:00Z,23.0,37,0
6401204.045,2026-07-23T15:00:00Z,22.7,40,0
6401204.045,2026-07-23T16:00:00Z,21.9,48,0
6401204.045,2026-07-23T17:00:00Z,20.6,53,0
6401204.045,2026-07-23T18:00:00Z,19.8,60,0
6401204.045,2026-07-23T19:00:00Z,18.9,62,0
6401204.045,2026-07-23T20:00:00Z,18.1,65,0
6401204.045,2026-07-23T21:00:00Z,17.1,68,0
6401204.045,2026-07-23T22:00:00Z,15.9,72,0
6401204.045,2026-07-23T23:00:00Z,15.1,74,0
6401204.045,2026-07-24T00:00:00Z,15.3,71,0
6401204.045,2026-07-24T01:00:00Z,14.6,74,0
6401204.045,2026-07-24T02:00:00Z,14.2,77,0
6401204.045,2026-07-24T03:00:00Z,14.2,77,0
6401204.045,2026-07-24T04:00:00Z,15.7,73,0
6401204.045,2026-07-24T05:00:00Z,18.2,68,0
6401204.045,2026-07-24T06:00:00Z,19.6,62,0
6401204.045,2026-07-24T07:00:00Z,21.3,56,0
6401204.045,2026-07-24T08:00:00Z,22.5,50,0
6401204.045,2026-07-24T09:00:00Z,21.3,54,0.3
6401204.045,2026-07-24T10:00:00Z,21.2,55,0.3
6401204.045,2026-07-24T11:00:00Z,22.8,46,0
6401204.045,2026-07-24T12:00:00Z,22.8,53,0
6401204.045,2026-07-24T13:00:00Z,22.8,49,0.2
6401204.045,2026-07-24T14:00:00Z,21.1,65,1.3
6401204.045,2026-07-24T15:00:00Z,21.3,56,0.2
6401204.045,2026-07-24T16:00:00Z,20.6,62,0.1
6401204.045,2026-07-24T17:00:00Z,19.3,75,0
6401204.045,2026-07-24T18:00:00Z,18.1,80,0
6401204.045,2026-07-24T19:00:00Z,17.0,79,0
6401204.045,2026-07-24T20:00:00Z,16.6,76,0
6401204.045,2026-07-24T21:00:00Z,16.2,79,0
6401204.045,2026-07-24T22:00:00Z,15.8,81,0
6401204.045,2026-07-24T23:00:00Z,15.2,83,0
6401204.045,2026-07-25T00:00:00Z,14.4,83,0
6401204.045,2026-07-25T01:00:00Z,13.8,85,0
6401204.045,2026-07-25T02:00:00Z,13.4,86,0
6401204.045,2026-07-25T03:00:00Z,13.7,84,0
6401204.045,2026-07-25T04:00:00Z,15.0,79,0
6401204.045,2026-07-25T05:00:00Z,16.9,73,0
6401204.045,2026-07-25T06:00:00Z,18.9,66,0
6401204.045,2026-07-25T07:00:00Z,20.8,57,0
6401204.045,2026-07-25T08:00:00Z,22.3,51,0
6401204.045,2026-07-25T09:00:00Z,23.4,49,0
6401204.045,2026-07-25T10:00:00Z,24.2,46,0
6401204.045,2026-07-25T11:00:00Z,24.4,45,0.1
6401204.045,2026-07-25T12:00:00Z,23.7,48,0.1
6401204.045,2026-07-25T13:00:00Z,20.6,69,0.4
6401204.045,2026-07-25T14:00:00Z,21.9,59,0.3
6401204.045,2026-07-25T15:00:00Z,22.9,46,0
6401204.045,2026-07-25T16:00:00Z,22.4,49,0
6401204.045,2026-07-25T17:00:00Z,20.7,58,0
6401204.045,2026-07-25T18:00:00Z,19.6,57,0
6401204.045,2026-07-25T19:00:00Z,18.5,65,0
6401204.045,2026-07-25T20:00:00Z,17.5,71,0
6401204.045,2026-07-25T21:00:00Z,16.6,75,0
6401204.045,2026-07-25T22:00:00Z,15.8,79,0
6401204.045,2026-07-25T23:00:00Z,15.1,83,0
6401204.045,2026-07-26T00:00:00Z,14.1,86,0
6401204.045,2026-07-26T01:00:00Z,13.4,91,0
6401204.045,2026-07-26T02:00:00Z,12.8,93,0
6401204.045,2026-07-26T03:00:00Z,12.7,94,0
6401204.045,2026-07-26T04:00:00Z,14.4,89,0
6401204.045,2026-07-26T05:00:00Z,16.5,82,0
6401204.045,2026-07-26T06:00:00Z,18.8,75,0
6401204.045,2026-07-26T07:00:00Z,21.1,66,0
6401204.045,2026-07-26T08:00:00Z,22.9,57,0
6401204.045,2026-07-26T09:00:00Z,24.0,48,0
6401204.045,2026-07-26T10:00:00Z,24.8,44,0
6401204.045,2026-07-26T11:00:00Z,25.3,42,0
6401204.045,2026-07-26T12:00:00Z,26.0,40,0
6401204.045,2026-07-26T13:00:00Z,26.2,39,0
6401204.045,2026-07-26T14:00:00Z,26.2,40,0
6401204.045,2026-07-26T15:00:00Z,25.9,40,0
6401204.045,2026-07-26T16:00:00Z,25.2,46,0
6401204.045,2026-07-26T17:00:00Z,23.5,60,0
6401204.045,2026-07-26T18:00:00Z,21.5,52,0
6401204.045,2026-07-26T19:00:00Z,20.7,53,0
6401204.045,2026-07-26T20:00:00Z,19.8,55,0
6401204.045,2026-07-26T21:00:00Z,19.6,55,0
6401204.045,2026-07-26T22:00:00Z,18.5,63,0
6401204.045,2026-07-26T23:00:00Z,18.4,64,0
6401204.045,2026-07-27T00:00:00Z,17.3,70,0
6401204.045,2026-07-27T01:00:00Z,17.0,72,0
6401204.045,2026-07-27T02:00:00Z,16.5,75,0
6401204.045,2026-07-27T03:00:00Z,16.3,77,0
6401204.045,2026-07-27T04:00:00Z,17.8,73,0
6401204.045,2026-07-27T05:00:00Z,19.5,70,0
6401204.045,2026-07-27T06:00:00Z,21.2,64,0
6401204.045,2026-07-27T07:00:00Z,23.5,58,0
6401204.045,2026-07-27T08:00:00Z,25.2,52,0
6401204.045,2026-07-27T09:00:00Z,26.6,46,0
6401204.045,2026-07-27T10:00:00Z,27.2,43,0
6401204.045,2026-07-27T11:00:00Z,27.3,42,0
6401204.045,2026-07-27T12:00:00Z,28.6,37,0
6401204.045,2026-07-27T13:00:00Z,28.6,38,0
6401204.045,2026-07-27T14:00:00Z,27.9,42,0.7
6401204.045,2026-07-27T15:00:00Z,27.9,42,0
6401204.045,2026-07-27T16:00:00Z,27.2,47,0
6401204.045,2026-07-27T17:00:00Z,25.3,54,0
6401204.045,2026-07-27T18:00:00Z,23.0,73,0.1
6401204.045,2026-07-27T19:00:00Z,21.9,76,0.1
6401204.045,2026-07-27T20:00:00Z,20.4,82,0.2
6401204.045,2026-07-27T21:00:00Z,19.7,84,0.2
6401204.045,2026-07-27T22:00:00Z,18.8,89,0.3
6401204.045,2026-07-27T23:00:00Z,18.4,93,0.1
6401204.045,2026-07-28T00:00:00Z,17.7,93,0
6401204.045,2026-07-28T01:00:00Z,17.0,94,0
6401204.045,2026-07-28T02:00:00Z,16.6,96,0
6401204.045,2026-07-28T03:00:00Z,16.3,96,0
6401204.045,2026-07-28T04:00:00Z,17.1,92,0
6401204.045,2026-07-28T05:00:00Z,18.5,83,0
6401204.045,2026-07-28T06:00:00Z,19.0,74,0
6401204.045,2026-07-28T07:00:00Z,20.4,65,0
6401204.045,2026-07-28T08:00:00Z,21.3,58,0
6401204.045,2026-07-28T09:00:00Z,21.9,52,0.1
6401204.045,2026-07-28T10:00:00Z,23.2,42,0
6401204.045,2026-07-28T11:00:00Z,24.2,36,0
6401204.045,2026-07-28T12:00:00Z,24.1,36,0
6401204.045,2026-07-28T13:00:00Z,23.9,36,0
6401204.045,2026-07-28T14:00:00Z,23.6,36,0
6401204.045,2026-07-28T15:00:00Z,23.3,38,0
6401204.045,2026-07-28T16:00:00Z,22.6,40,0
6401204.045,2026-07-28T17:00:00Z,21.3,44,0
6401204.045,2026-07-28T18:00:00Z,20.3,47,0
6401204.045,2026-07-28T19:00:00Z,19.1,52,0
6401204.045,2026-07-28T20:00:00Z,17.8,58,0
6401204.045,2026-07-28T21:00:00Z,17.0,62,0
6401204.045,2026-07-28T22:00:00Z,16.2,66,0
6401204.045,2026-07-28T23:00:00Z,15.3,70,0
6401204.045,2026-07-29T00:00:00Z,14.3,75,0
6401204.045,2026-07-29T01:00:00Z,14.0,77,0
6401204.045,2026-07-29T02:00:00Z,13.4,81,0
6401204.045,2026-07-29T03:00:00Z,13.0,84,0
6401204.045,2026-07-29T04:00:00Z,14.5,80,0
6401204.045,2026-07-29T05:00:00Z,16.6,72,0
6401204.045,2026-07-29T06:00:00Z,18.5,64,0
6401204.045,2026-07-29T07:00:00Z,20.6,54,0
6401204.045,2026-07-29T08:00:00Z,22.0,46,0
6401204.045,2026-07-29T09:00:00Z,23.0,40,0
6401204.045,2026-07-29T10:00:00Z,23.6,38,0
6401204.045,2026-07-29T11:00:00Z,24.1,37,0
6401204.045,2026-07-29T12:00:00Z,25.1,34,0
6401204.045,2026-07-29T13:00:00Z,25.2,35,0
6401204.045,2026-07-29T14:00:00Z,25.1,35,0
6401204.045,2026-07-29T15:00:00Z,24.6,36,0
6401204.045,2026-07-29T16:00:00Z,23.9,39,0
6401204.045,2026-07-29T17:00:00Z,22.1,46,0
6401204.045,2026-07-29T18:00:00Z,20.4,48,0
6401204.045,2026-07-29T19:00:00Z,19.1,53,0
6401204.045,2026-07-29T20:00:00Z,18.1,59,0
6401204.045,2026-07-29T21:00:00Z,17.3,61,0
6401204.045,2026-07-29T22:00:00Z,16.9,61,0
6401204.045,2026-07-29T23:00:00Z,16.7,62,0
6401204.045,2026-07-30T00:00:00Z,15.0,70,0
6401204.045,2026-07-30T01:00:00Z,14.4,72,0
6401204.045,2026-07-30T02:00:00Z,14.1,72,0
6401204.045,2026-07-30T03:00:00Z,14.0,73,0
6401204.045,2026-07-30T04:00:00Z,15.6,68,0
6401204.045,2026-07-30T05:00:00Z,18.0,64,0
6401204.045,2026-07-30T06:00:00Z,20.0,60,0
6401204.045,2026-07-30T07:00:00Z,22.4,52,0
6401204.045,2026-07-30T08:00:00Z,24.2,44,0
6401204.045,2026-07-30T09:00:00Z,25.4,40,0
6401204.045,2026-07-30T10:00:00Z,26.5,37,0
6401204.045,2026-07-30T11:00:00Z,27.5,35,0
6401204.045,2026-07-30T12:00:00Z,27.7,36,0
6401204.045,2026-07-30T13:00:00Z,27.7,36,0
6401204.045,2026-07-30T14:00:00Z,27.5,37,0
6401204.045,2026-07-30T15:00:00Z,27.3,37,0
6401204.045,2026-07-30T16:00:00Z,26.8,41,0
6401204.045,2026-07-30T17:00:00Z,24.6,48,0
6401204.045,2026-07-30T18:00:00Z,22.6,53,0
6401204.045,2026-07-30T19:00:00Z,21.2,59,0
6401204.045,2026-07-30T20:00:00Z,20.1,64,0
6401204.045,2026-07-30T21:00:00Z,19.4,68,0
6401204.045,2026-07-30T22:00:00Z,19.0,71,0
6401204.045,2026-07-30T23:00:00Z,18.6,73,0
6401204.045,2026-07-31T00:00:00Z,16.5,81,0
6401204.045,2026-07-31T01:00:00Z,16.3,82,0
6401204.045,2026-07-31T02:00:00Z,16.0,82,0
6401204.045,2026-07-31T03:00:00Z,16.0,82,0
6401204.045,2026-07-31T04:00:00Z,17.7,77,0
6401204.045,2026-07-31T05:00:00Z,20.1,71,0
6401204.045,2026-07-31T06:00:00Z,21.6,66,0
6401204.045,2026-07-31T07:00:00Z,23.8,59,0
6401204.045,2026-07-31T08:00:00Z,25.6,52,0
6401204.045,2026-07-31T09:00:00Z,26.9,47,0
6401204.045,2026-07-31T10:00:00Z,28.2,43,0
6401204.045,2026-07-31T11:00:00Z,29.0,40,0
6401204.045,2026-07-31T12:00:00Z,30.0,37,0
6401204.045,2026-07-31T13:00:00Z,30.2,37,0
6401204.045,2026-07-31T14:00:00Z,29.8,38,0
6401204.045,2026-07-31T15:00:00Z,29.6,40,0
6401204.045,2026-07-31T16:00:00Z,28.6,47,0
6401204.045,2026-07-31T17:00:00Z,26.2,57,0
6401204.045,2026-07-31T18:00:00Z,24.1,63,0
6401204.045,2026-07-31T19:00:00Z,23.5,63,0
6401204.045,2026-07-31T20:00:00Z,23.2,62,0
6401204.045,2026-07-31T21:00:00Z,22.2,66,0
6401204.045,2026-07-31T22:00:00Z,21.3,69,0
6401204.045,2026-07-31T23:00:00Z,20.5,73,0
6401204.045,2026-08-01T00:00:00Z,18.3,81,0
6401204.045,2026-08-01T01:00:00Z,17.6,84,0
6401204.045,2026-08-01T02:00:00Z,17.1,85,0
6401204.045,2026-08-01T03:00:00Z,16.7,87,0
6401204.045,2026-08-01T04:00:00Z,18.5,79,0
6401204.045,2026-08-01T05:00:00Z,20.8,72,0
6401204.045,2026-08-01T06:00:00Z,22.9,65,0
6401204.045,2026-08-01T07:00:00Z,25.6,58,0
6401204.045,2026-08-01T08:00:00Z,27.9,49,0
6401204.045,2026-08-01T09:00:00Z,29.3,41,0
6401204.045,2026-08-01T10:00:00Z,30.3,36,0
6401204.045,2026-08-01T11:00:00Z,31.0,32,0
6401204.045,2026-08-01T12:00:00Z,32.0,28,0
6401204.045,2026-08-01T13:00:00Z,32.2,27,0
6401204.045,2026-08-01T14:00:00Z,32.2,27,0
6401204.045,2026-08-01T15:00:00Z,31.7,28,0
6401204.045,2026-08-01T16:00:00Z,30.4,38,0
6401204.045,2026-08-01T17:00:00Z,28.2,38,0
6401204.045,2026-08-01T18:00:00Z,27.1,36,0
6401204.045,2026-08-01T19:00:00Z,25.7,40,0
6401204.045,2026-08-01T20:00:00Z,24.2,46,0
6401204.045,2026-08-01T21:00:00Z,23.0,49,0
6401204.045,2026-08-01T22:00:00Z,22.4,50,0
6401204.045,2026-08-01T23:00:00Z,21.1,57,0
6401204.045,2026-08-02T00:00:00Z,19.0,70,0
6401204.045,2026-08-02T01:00:00Z,18.3,75,0
6401204.045,2026-08-02T02:00:00Z,18.0,78,0
6401204.045,2026-08-02T03:00:00Z,17.6,83,0
6401204.045,2026-08-02T04:00:00Z,19.4,78,0
6401204.045,2026-08-02T05:00:00Z,22.1,70,0
6401204.045,2026-08-02T06:00:00Z,24.4,62,0
6401204.045,2026-08-02T07:00:00Z,26.8,53,0
6401204.045,2026-08-02T08:00:00Z,28.6,45,0
6401204.045,2026-08-02T09:00:00Z,29.9,39,0
6401204.045,2026-08-02T10:00:00Z,30.7,35,0
6401204.045,2026-08-02T11:00:00Z,31.2,32,0
6401204.045,2026-08-02T12:00:00Z,32.1,29,0
6401204.045,2026-08-02T13:00:00Z,32.5,27,0
6401204.045,2026-08-02T14:00:00Z,32.5,26,0
6401204.045,2026-08-02T15:00:00Z,32.3,26,0
6401204.045,2026-08-02T16:00:00Z,31.1,38,0
6401204.045,2026-08-02T17:00:00Z,28.8,35,0
6401204.045,2026-08-02T18:00:00Z,26.6,32,0
6401204.045,2026-08-02T19:00:00Z,25.1,34,0
6401204.045,2026-08-02T20:00:00Z,24.3,37,0
6401204.045,2026-08-02T21:00:00Z,23.0,42,0
6401204.045,2026-08-02T22:00:00Z,22.1,46,0
6401204.045,2026-08-02T23:00:00Z,21.3,50,0
6401204.045,2026-08-03T00:00:00Z,19.7,56,0
6401204.045,2026-08-03T01:00:00Z,18.8,60,0
6401204.045,2026-08-03T02:00:00Z,18.3,64,0
6401204.045,2026-08-03T03:00:00Z,17.8,69,0
6401204.045,2026-08-03T04:00:00Z,19.7,66,0
6401204.045,2026-08-03T05:00:00Z,22.6,60,0
6401204.045,2026-08-03T06:00:00Z,24.6,55,0
6401204.045,2026-08-03T07:00:00Z,27.2,48,0
6401204.045,2026-08-03T08:00:00Z,29.2,41,0
6401204.045,2026-08-03T09:00:00Z,30.8,32,0
6401204.045,2026-08-03T10:00:00Z,31.7,29,0
6401204.045,2026-08-03T11:00:00Z,32.1,27,0
6401204.045,2026-08-03T12:00:00Z,32.7,24,0
6401204.045,2026-08-03T13:00:00Z,32.9,23,0
6401204.045,2026-08-03T14:00:00Z,32.7,23,0
6401204.045,2026-08-03T15:00:00Z,32.0,25,0
6401204.045,2026-08-03T16:00:00Z,30.6,30,0
6401204.045,2026-08-03T17:00:00Z,28.3,34,0
6401204.045,2026-08-03T18:00:00Z,27.2,35,0
6401204.045,2026-08-03T19:00:00Z,25.5,40,0
6401204.045,2026-08-03T20:00:00Z,24.3,45,0
6401204.045,2026-08-03T21:00:00Z,23.7,47,0
6401204.045,2026-08-03T22:00:00Z,22.7,52,0
6401204.045,2026-08-03T23:00:00Z,21.8,57,0
6401204.045,2026-08-04T00:00:00Z,20.2,63,0
6401204.045,2026-08-04T01:00:00Z,19.5,67,0
6401204.045,2026-08-04T02:00:00Z,18.9,68,0
6401204.045,2026-08-04T03:00:00Z,18.3,71,0
6401204.045,2026-08-04T04:00:00Z,20.2,66,0
6401204.045,2026-08-04T05:00:00Z,22.7,61,0
6401204.045,2026-08-04T06:00:00Z,24.8,56,0
6401204.045,2026-08-04T07:00:00Z,27.7,48,0
6401204.045,2026-08-04T08:00:00Z,30.2,39,0
6401204.045,2026-08-04T09:00:00Z,31.8,32,0
6401204.045,2026-08-04T10:00:00Z,32.6,30,0
6401204.045,2026-08-04T11:00:00Z,33.2,27,0
6401204.045,2026-08-04T12:00:00Z,33.9,23,0
6401204.045,2026-08-04T13:00:00Z,34.0,22,0
6401204.045,2026-08-04T14:00:00Z,33.8,21,0
6401204.045,2026-08-04T15:00:00Z,33.2,22,0
6401204.045,2026-08-04T16:00:00Z,31.5,30,0
6401204.045,2026-08-04T17:00:00Z,28.8,40,0
6401204.045,2026-08-04T18:00:00Z,27.2,38,0
6401204.045,2026-08-04T19:00:00Z,26.1,41,0
6401204.045,2026-08-04T20:00:00Z,25.1,44,0
6401204.045,2026-08-04T21:00:00Z,23.7,46,0
6401204.045,2026-08-04T22:00:00Z,23.1,48,0
6401204.045,2026-08-04T23:00:00Z,22.5,52,0
6401204.045,2026-08-05T00:00:00Z,21.1,62,0
6401204.045,2026-08-05T01:00:00Z,20.8,64,0
6401204.045,2026-08-05T02:00:00Z,20.7,66,0
6401204.045,2026-08-05T03:00:00Z,20.7,66,0
6401204.045,2026-08-05T04:00:00Z,22.4,64,0
6401204.045,2026-08-05T05:00:00Z,24.5,60,0
6401204.045,2026-08-05T06:00:00Z,25.9,54,0
6401204.045,2026-08-05T07:00:00Z,28.5,47,0
6401204.045,2026-08-05T08:00:00Z,30.7,40,0
6401204.045,2026-08-05T09:00:00Z,32.3,34,0
6401204.045,2026-08-05T10:00:00Z,33.3,32,0
6401204.045,2026-08-05T11:00:00Z,33.9,32,0
6401204.045,2026-08-05T12:00:00Z,34.4,30,0.1
6401204.045,2026-08-05T13:00:00Z,34.6,31,0
6401204.045,2026-08-05T14:00:00Z,34.4,31,0
6401204.045,2026-08-05T15:00:00Z,34.2,32,0
6401204.045,2026-08-05T16:00:00Z,32.5,46,0
6401204.045,2026-08-05T17:00:00Z,30.1,56,0
6401204.045,2026-08-05T18:00:00Z,28.5,49,0
6401204.045,2026-08-05T19:00:00Z,27.4,55,0
6401204.045,2026-08-05T20:00:00Z,26.4,58,0
6401204.045,2026-08-05T21:00:00Z,25.5,61,0
6401204.045,2026-08-05T22:00:00Z,24.6,65,0
6401204.045,2026-08-05T23:00:00Z,24.2,66,0
6401204.045,2026-08-06T00:00:00Z,22.7,70,0
6401204.045,2026-08-06T01:00:00Z,22.2,72,0
6401204.045,2026-08-06T02:00:00Z,21.9,74,0
6401204.045,2026-08-06T03:00:00Z,21.9,74,0
6401204.045,2026-08-06T04:00:00Z,23.7,71,0
6401204.045,2026-08-06T05:00:00Z,25.9,66,0
6401204.045,2026-08-06T06:00:00Z,27.5,61,0
6401204.045,2026-08-06T07:00:00Z,30.0,53,0
6401204.045,2026-08-06T08:00:00Z,31.6,48,0
6401204.045,2026-08-06T09:00:00Z,32.4,45,0
6401204.045,2026-08-06T10:00:00Z,31.0,51,0.2
6401204.045,2026-08-06T11:00:00Z,29.1,57,1.8
6401204.045,2026-08-06T12:00:00Z,34.2,31,0.4
6401204.045,2026-08-06T13:00:00Z,34.7,31,0
6401204.045,2026-08-06T14:00:00Z,34.2,33,0
6401204.045,2026-08-06T15:00:00Z,30.0,51,0.5
6401204.045,2026-08-06T16:00:00Z,29.6,54,0.1
6401204.045,2026-08-06T17:00:00Z,28.4,61,0
6401204.045,2026-08-06T18:00:00Z,26.5,58,0
6401204.045,2026-08-06T19:00:00Z,25.6,60,0
6401204.045,2026-08-06T20:00:00Z,24.6,66,0
6401204.045,2026-08-06T21:00:00Z,23.6,72,0
6401204.045,2026-08-06T22:00:00Z,23.2,75,0
6401204.045,2026-08-06T23:00:00Z,22.7,77,0
6401204.045,2026-08-07T00:00:00Z,22.8,71,0
6401204.045,2026-08-07T01:00:00Z,22.5,68,0
6401204.045,2026-08-07T02:00:00Z,22.3,69,0
6401204.045,2026-08-07T03:00:00Z,21.8,72,0
6401204.045,2026-08-07T04:00:00Z,23.4,67,0
6401204.045,2026-08-07T05:00:00Z,25.3,62,0
6401204.045,2026-08-07T06:00:00Z,26.5,62,0
6401204.045,2026-08-07T07:00:00Z,28.4,56,0
6401204.045,2026-08-07T08:00:00Z,30.2,51,0
6401204.045,2026-08-07T09:00:00Z,31.7,47,0
6401204.045,2026-08-07T10:00:00Z,31.4,44,0
6401204.045,2026-08-07T11:00:00Z,32.2,41,0
6401204.045,2026-08-07T12:00:00Z,32.8,39,0.1
6401204.045,2026-08-07T13:00:00Z,33.7,33,0
6401204.045,2026-08-07T14:00:00Z,33.6,31,0
6401204.045,2026-08-07T15:00:00Z,32.9,32,0
6401204.045,2026-08-07T16:00:00Z,31.5,38,0
6401204.045,2026-08-07T17:00:00Z,29.4,46,0
6401204.045,2026-08-07T18:00:00Z,27.4,55,0
6401204.045,2026-08-07T19:00:00Z,26.7,56,0
6401204.045,2026-08-07T20:00:00Z,26.3,57,0
6401204.045,2026-08-07T21:00:00Z,25.1,61,0
6401204.045,2026-08-07T22:00:00Z,23.3,71,0
6401204.045,2026-08-07T23:00:00Z,23.4,71,0
6401204.045,2026-08-08T00:00:00Z,21.8,81,0
6401204.045,2026-08-08T01:00:00Z,21.3,84,0
6401204.045,2026-08-08T02:00:00Z,20.8,87,0
6401204.045,2026-08-08T03:00:00Z,20.3,88,0
6401204.045,2026-08-08T04:00:00Z,21.0,85,0
6401204.045,2026-08-08T05:00:00Z,22.6,79,0
6401204.045,2026-08-08T06:00:00Z,23.3,74,0
6401204.045,2026-08-08T07:00:00Z,24.7,70,0
6401204.045,2026-08-08T08:00:00Z,25.6,67,0
6401204.045,2026-08-08T09:00:00Z,26.3,63,0
6401204.045,2026-08-08T10:00:00Z,27.1,59,0
6401204.045,2026-08-08T11:00:00Z,26.3,62,0
6401204.045,2026-08-08T12:00:00Z,27.0,58,0
6401204.045,2026-08-08T13:00:00Z,26.4,59,0
6401204.045,2026-08-08T14:00:00Z,25.5,60,0
6401204.045,2026-08-08T15:00:00Z,24.3,63,0
6401204.045,2026-08-08T16:00:00Z,23.7,65,0
6401204.045,2026-08-08T17:00:00Z,22.7,69,0
6401204.045,2026-08-08T18:00:00Z,21.6,72,0
6401204.045,2026-08-08T19:00:00Z,21.0,72,0
6401204.045,2026-08-08T20:00:00Z,20.4,73,0
6401204.045,2026-08-08T21:00:00Z,20.1,72,0
6401204.045,2026-08-08T22:00:00Z,19.6,71,0
6401204.045,2026-08-08T23:00:00Z,19.5,68,0
6401204.045,2026-08-09T00:00:00Z,18.1,68,0
6401204.045,2026-08-09T01:00:00Z,18.1,66,0
6401204.045,2026-08-09T02:00:00Z,17.8,67,0
6401204.045,2026-08-09T03:00:00Z,17.5,68,0
6401204.045,2026-08-09T04:00:00Z,18.0,67,0
6401204.045,2026-08-09T05:00:00Z,19.1,65,0
6401204.045,2026-08-09T06:00:00Z,20.5,59,0
6401204.045,2026-08-09T07:00:00Z,22.0,50,0
6401204.045,2026-08-09T08:00:00Z,23.1,43,0
6401204.045,2026-08-09T09:00:00Z,23.9,40,0
6401204.045,2026-08-09T10:00:00Z,24.6,38,0
6401204.045,2026-08-09T11:00:00Z,25.0,38,0
6401204.045,2026-08-09T12:00:00Z,25.7,35,0
6401204.045,2026-08-09T13:00:00Z,25.8,34,0
6401204.045,2026-08-09T14:00:00Z,25.6,35,0
6401204.045,2026-08-09T15:00:00Z,25.1,38,0
6401204.045,2026-08-09T16:00:00Z,24.4,41,0
6401204.045,2026-08-09T17:00:00Z,22.7,47,0
6401204.045,2026-08-09T18:00:00Z,20.9,51,0
6401204.045,2026-08-09T19:00:00Z,19.8,55,0
6401204.045,2026-08-09T20:00:00Z,19.0,58,0
6401204.045,2026-08-09T21:00:00Z,18.6,59,0
6401204.045,2026-08-09T22:00:00Z,18.0,62,0
6401204.045,2026-08-09T23:00:00Z,17.1,66,0
6401204.045,2026-08-10T00:00:00Z,15.7,73,0
6401204.045,2026-08-10T01:00:00Z,14.8,78,0
6401204.045,2026-08-10T02:00:00Z,14.1,81,0
6401204.045,2026-08-10T03:00:00Z,13.7,82,0
6401204.045,2026-08-10T04:00:00Z,15.4,75,0
6401204.045,2026-08-10T05:00:00Z,17.6,68,0
6401204.045,2026-08-10T06:00:00Z,20.1,61,0
6401204.045,2026-08-10T07:00:00Z,22.3,52,0
6401204.045,2026-08-10T08:00:00Z,23.9,47,0
6401204.045,2026-08-10T09:00:00Z,25.0,44,0
6401204.045,2026-08-10T10:00:00Z,25.9,42,0
6401204.045,2026-08-10T11:00:00Z,26.7,41,0
6401204.045,2026-08-10T12:00:00Z,27.8,38,0
6401204.045,2026-08-10T13:00:00Z,28.3,36,0
6401204.045,2026-08-10T14:00:00Z,28.3,35,0
6401204.045,2026-08-10T15:00:00Z,27.9,36,0
6401204.045,2026-08-10T16:00:00Z,27.0,39,0
6401204.045,2026-08-10T17:00:00Z,24.7,45,0
6401204.045,2026-08-10T18:00:00Z,23.1,45,0
6401204.045,2026-08-10T19:00:00Z,21.9,49,0
6401204.045,2026-08-10T20:00:00Z,21.0,53,0
6401204.045,2026-08-10T21:00:00Z,20.2,58,0
6401204.045,2026-08-10T22:00:00Z,19.4,62,0
6401204.045,2026-08-10T23:00:00Z,18.8,64,0
6401204.045,2026-08-11T00:00:00Z,16.3,73,0
6401204.045,2026-08-11T01:00:00Z,15.8,73,0
6401204.045,2026-08-11T02:00:00Z,15.6,72,0
6401204.045,2026-08-11T03:00:00Z,15.1,74,0
6401204.045,2026-08-11T04:00:00Z,16.4,73,0
6401204.045,2026-08-11T05:00:00Z,19.3,61,0
6401204.045,2026-08-11T06:00:00Z,21.6,57,0
6401204.045,2026-08-11T07:00:00Z,24.5,48,0
6401204.045,2026-08-11T08:00:00Z,26.8,39,0
6401204.045,2026-08-11T09:00:00Z,28.4,34,0
6401204.045,2026-08-11T10:00:00Z,29.7,31,0
6401204.045,2026-08-11T11:00:00Z,30.5,30,0
6401204.045,2026-08-11T12:00:00Z,31.7,29,0
6401204.045,2026-08-11T13:00:00Z,31.8,30,0
6401204.045,2026-08-11T14:00:00Z,31.7,31,0
6401204.045,2026-08-11T15:00:00Z,31.3,33,0
6401204.045,2026-08-11T16:00:00Z,30.1,38,0
6401204.045,2026-08-11T17:00:00Z,27.6,47,0
6401204.045,2026-08-11T18:00:00Z,26.1,51,0
6401204.045,2026-08-11T19:00:00Z,25.0,54,0
6401204.045,2026-08-11T20:00:00Z,24.9,53,0
6401204.045,2026-08-11T21:00:00Z,24.9,55,0
6401204.045,2026-08-11T22:00:00Z,23.7,60,0
6401204.045,2026-08-11T23:00:00Z,22.9,63,0
6401204.045,2026-08-12T00:00:00Z,21.9,63,0.3
6401204.045,2026-08-12T01:00:00Z,21.3,64,0
6401204.045,2026-08-12T02:00:00Z,20.4,66,0
6401204.045,2026-08-12T03:00:00Z,19.5,69,0
6401204.045,2026-08-12T04:00:00Z,19.6,68,0
6401204.045,2026-08-12T05:00:00Z,20.1,63,0
6401204.045,2026-08-12T06:00:00Z,19.7,66,0
6401204.045,2026-08-12T07:00:00Z,21.1,57,0
6401204.045,2026-08-12T08:00:00Z,22.1,51,0
6401204.045,2026-08-12T09:00:00Z,24.3,40,0
6401204.045,2026-08-12T10:00:00Z,24.9,35,0
6401204.045,2026-08-12T11:00:00Z,25.3,33,0
6401204.045,2026-08-12T12:00:00Z,25.4,32,0
6401204.045,2026-08-12T13:00:00Z,25.5,31,0
6401204.045,2026-08-12T14:00:00Z,25.5,32,0
6401204.045,2026-08-12T15:00:00Z,25.0,33,0
6401204.045,2026-08-12T16:00:00Z,24.1,35,0
6401204.045,2026-08-12T17:00:00Z,22.5,38,0
6401204.045,2026-08-12T18:00:00Z,20.7,41,0
6401204.045,2026-08-12T19:00:00Z,19.6,45,0
6401204.045,2026-08-12T20:00:00Z,18.6,48,0
6401204.045,2026-08-12T21:00:00Z,18.0,50,0
6401204.045,2026-08-12T22:00:00Z,17.3,53,0
6401204.045,2026-08-12T23:00:00Z,16.6,57,0
6401204.045,2026-08-13T00:00:00Z,15.7,60,0
6401204.045,2026-08-13T01:00:00Z,15.3,61,0
6401204.045,2026-08-13T02:00:00Z,14.9,62,0
6401204.045,2026-08-13T03:00:00Z,14.3,64,0
6401204.045,2026-08-13T04:00:00Z,14.9,63,0
6401204.045,2026-08-13T05:00:00Z,16.6,59,0
6401204.045,2026-08-13T06:00:00Z,18.3,54,0
6401204.045,2026-08-13T07:00:00Z,20.5,46,0
6401204.045,2026-08-13T08:00:00Z,22.3,39,0
6401204.045,2026-08-13T09:00:00Z,23.2,35,0
6401204.045,2026-08-13T10:00:00Z,23.9,32,0
6401204.045,2026-08-13T11:00:00Z,24.3,31,0
6401204.045,2026-08-13T12:00:00Z,25.3,28,0
6401204.045,2026-08-13T13:00:00Z,25.2,29,0
6401204.045,2026-08-13T14:00:00Z,25.0,29,0
6401204.045,2026-08-13T15:00:00Z,24.6,29,0
6401204.045,2026-08-13T16:00:00Z,23.8,30,0
6401204.045,2026-08-13T17:00:00Z,21.3,41,0
6401204.045,2026-08-13T18:00:00Z,20.4,38,0
6401204.045,2026-08-13T19:00:00Z,19.7,41,0
6401204.045,2026-08-13T20:00:00Z,19.3,44,0
6401204.045,2026-08-13T21:00:00Z,17.8,51,0
6401204.045,2026-08-13T22:00:00Z,16.5,58,0
6401204.045,2026-08-13T23:00:00Z,15.8,62,0
6401204.045,2026-08-14T00:00:00Z,14.1,70,0
6401204.045,2026-08-14T01:00:00Z,13.7,72,0
6401204.045,2026-08-14T02:00:00Z,13.3,73,0
6401204.045,2026-08-14T03:00:00Z,12.9,75,0
6401204.045,2026-08-14T04:00:00Z,14.2,70,0
6401204.045,2026-08-14T05:00:00Z,16.2,64,0
6401204.045,2026-08-14T06:00:00Z,17.9,58,0
6401204.045,2026-08-14T07:00:00Z,20.1,50,0
6401204.045,2026-08-14T08:00:00Z,22.2,43,0
6401204.045,2026-08-14T09:00:00Z,23.7,37,0
6401204.045,2026-08-14T10:00:00Z,24.7,33,0
6401204.045,2026-08-14T11:00:00Z,25.0,33,0
6401204.045,2026-08-14T12:00:00Z,25.9,31,0
6401204.045,2026-08-14T13:00:00Z,26.3,28,0
6401204.045,2026-08-14T14:00:00Z,26.6,25,0
6401204.045,2026-08-14T15:00:00Z,26.5,23,0
6401204.045,2026-08-14T16:00:00Z,24.3,33,0
6401204.045,2026-08-14T17:00:00Z,22.0,40,0
6401204.045,2026-08-14T18:00:00Z,19.9,42,0
6401204.045,2026-08-14T19:00:00Z,18.9,42,0
6401204.045,2026-08-14T20:00:00Z,17.7,50,0
6401204.045,2026-08-14T21:00:00Z,16.7,51,0
6401204.045,2026-08-14T22:00:00Z,16.3,53,0
6401204.045,2026-08-14T23:00:00Z,15.7,57,0
6401204.045,2026-08-15T00:00:00Z,14.9,59,0
6401204.045,2026-08-15T01:00:00Z,14.4,62,0
6401204.045,2026-08-15T02:00:00Z,13.8,66,0
6401204.045,2026-08-15T03:00:00Z,13.2,70,0
6401204.045,2026-08-15T04:00:00Z,14.4,68,0
6401204.045,2026-08-15T05:00:00Z,16.7,62,0
6401204.045,2026-08-15T06:00:00Z,18.8,54,0
6401204.045,2026-08-15T07:00:00Z,21.2,47,0
6401204.045,2026-08-15T08:00:00Z,23.1,40,0
6401204.045,2026-08-15T09:00:00Z,24.3,37,0
6401204.045,2026-08-15T10:00:00Z,24.9,36,0
6401204.045,2026-08-15T11:00:00Z,25.4,36,0
6401204.045,2026-08-15T12:00:00Z,25.9,33,0
6401204.045,2026-08-15T13:00:00Z,26.4,33,0
6401204.045,2026-08-15T14:00:00Z,26.4,31,0
6401204.045,2026-08-15T15:00:00Z,26.4,31,0
6401204.045,2026-08-15T16:00:00Z,25.6,35,0
6401204.045,2026-08-15T17:00:00Z,23.4,48,0
6401204.045,2026-08-15T18:00:00Z,21.8,52,0
6401204.045,2026-08-15T19:00:00Z,20.6,55,0
6401204.045,2026-08-15T20:00:00Z,19.3,58,0
6401204.045,2026-08-15T21:00:00Z,18.6,59,0
6401204.045,2026-08-15T22:00:00Z,17.9,61,0
6401204.045,2026-08-15T23:00:00Z,17.5,63,0
6401204.045,2026-08-16T00:00:00Z,15.7,72,0
6401204.045,2026-08-16T01:00:00Z,15.8,68,0
6401204.045,2026-08-16T02:00:00Z,15.7,66,0
6401204.045,2026-08-16T03:00:00Z,15.3,67,0
6401204.045,2026-08-16T04:00:00Z,16.0,71,0
6401204.045,2026-08-16T05:00:00Z,18.6,63,0
6401204.045,2026-08-16T06:00:00Z,20.7,54,0
6401204.045,2026-08-16T07:00:00Z,23.5,48,0
6401204.045,2026-08-16T08:00:00Z,25.8,40,0
6401204.045,2026-08-16T09:00:00Z,27.3,33,0
6401204.045,2026-08-16T10:00:00Z,28.1,31,0
6401204.045,2026-08-16T11:00:00Z,28.7,30,0
6401204.045,2026-08-16T12:00:00Z,29.8,27,0
6401204.045,2026-08-16T13:00:00Z,29.8,27,0
6401204.045,2026-08-16T14:00:00Z,29.7,27,0
6401204.045,2026-08-16T15:00:00Z,29.2,27,0
6401204.045,2026-08-16T16:00:00Z,27.6,39,0
6401204.045,2026-08-16T17:00:00Z,24.9,45,0
6401204.045,2026-08-16T18:00:00Z,23.2,44,0
6401204.045,2026-08-16T19:00:00Z,22.0,46,0
6401204.045,2026-08-16T20:00:00Z,21.4,46,0
6401204.045,2026-08-16T21:00:00Z,20.3,47,0
6401204.045,2026-08-16T22:00:00Z,19.6,49,0
6401204.045,2026-08-16T23:00:00Z,19.1,51,0
6401204.045,2026-08-17T00:00:00Z,17.8,56,0
6401204.045,2026-08-17T01:00:00Z,17.3,59,0
6401204.045,2026-08-17T02:00:00Z,16.8,61,0
6401204.045,2026-08-17T03:00:00Z,16.6,65,0
6401204.045,2026-08-17T04:00:00Z,17.8,66,0
6401204.045,2026-08-17T05:00:00Z,20.4,56,0
6401204.045,2026-08-17T06:00:00Z,22.2,50,0
6401204.045,2026-08-17T07:00:00Z,24.9,45,0
6401204.045,2026-08-17T08:00:00Z,27.6,37,0
6401204.045,2026-08-17T09:00:00Z,29.2,29,0
6401204.045,2026-08-17T10:00:00Z,30.0,27,0
6401204.045,2026-08-17T11:00:00Z,30.5,26,0
6401204.045,2026-08-17T12:00:00Z,31.2,24,0
6401204.045,2026-08-17T13:00:00Z,31.2,23,0
6401204.045,2026-08-17T14:00:00Z,31.0,24,0
6401204.045,2026-08-17T15:00:00Z,30.5,25,0
6401204.045,2026-08-17T16:00:00Z,28.9,31,0
6401204.045,2026-08-17T17:00:00Z,26.4,34,0
6401204.045,2026-08-17T18:00:00Z,25.1,36,0
6401204.045,2026-08-17T19:00:00Z,24.2,38,0
6401204.045,2026-08-17T20:00:00Z,23.2,41,0
6401204.045,2026-08-17T21:00:00Z,21.9,46,0
6401204.045,2026-08-17T22:00:00Z,21.7,47,0
6401204.045,2026-08-17T23:00:00Z,21.0,49,0
6401204.045,2026-08-18T00:00:00Z,19.7,54,0
6401204.045,2026-08-18T01:00:00Z,19.4,54,0
6401204.045,2026-08-18T02:00:00Z,19.1,56,0
6401204.045,2026-08-18T03:00:00Z,19.2,56,0
6401204.045,2026-08-18T04:00:00Z,19.6,57,0
6401204.045,2026-08-18T05:00:00Z,21.0,57,0
6401204.045,2026-08-18T06:00:00Z,22.7,53,0
6401204.045,2026-08-18T07:00:00Z,25.2,47,0
6401204.045,2026-08-18T08:00:00Z,27.4,42,0
6401204.045,2026-08-18T09:00:00Z,29.4,36,0
6401204.045,2026-08-18T10:00:00Z,30.6,32,0
6401204.045,2026-08-18T11:00:00Z,25.9,56,0.6
6401204.045,2026-08-18T12:00:00Z,26.8,43,1.0
6401204.045,2026-08-18T13:00:00Z,23.0,63,0.3
6401204.045,2026-08-18T14:00:00Z,21.2,72,0
6401204.045,2026-08-18T15:00:00Z,21.1,69,0
6401204.045,2026-08-18T16:00:00Z,21.2,62,0
6401204.045,2026-08-18T17:00:00Z,19.9,64,0
6401204.045,2026-08-18T18:00:00Z,18.5,70,0
6401204.045,2026-08-18T19:00:00Z,17.3,75,0
6401204.045,2026-08-18T20:00:00Z,16.0,81,0
6401204.045,2026-08-18T21:00:00Z,15.1,86,0
6401204.045,2026-08-18T22:00:00Z,14.7,88,0
6401204.045,2026-08-18T23:00:00Z,14.4,89,0
6401204.045,2026-08-19T00:00:00Z,13.9,90,0
6401204.045,2026-08-19T01:00:00Z,13.8,90,0
6401204.045,2026-08-19T02:00:00Z,13.9,89,0
6401204.045,2026-08-19T03:00:00Z,13.8,90,0
6401204.045,2026-08-19T04:00:00Z,14.3,87,0
6401204.045,2026-08-19T05:00:00Z,15.9,80,0
6401204.045,2026-08-19T06:00:00Z,17.4,74,0
6401204.045,2026-08-19T07:00:00Z,19.5,64,0
6401204.045,2026-08-19T08:00:00Z,21.2,55,0
6401204.045,2026-08-19T09:00:00Z,22.6,49,0
6401204.045,2026-08-19T10:00:00Z,23.3,46,0.1
6401204.045,2026-08-19T11:00:00Z,24.1,43,0.2
6401204.045,2026-08-19T12:00:00Z,25.0,39,0.1
6401204.045,2026-08-19T13:00:00Z,25.2,39,0
6401204.045,2026-08-19T14:00:00Z,25.2,38,0
6401204.045,2026-08-19T15:00:00Z,25.0,39,0
6401204.045,2026-08-19T16:00:00Z,24.2,44,0
6401204.045,2026-08-19T17:00:00Z,22.2,53,0
6401204.045,2026-08-19T18:00:00Z,21.5,52,0
6401204.045,2026-08-19T19:00:00Z,21.4,53,0
6401204.045,2026-08-19T20:00:00Z,20.5,53,0
6401204.045,2026-08-19T21:00:00Z,19.3,57,0
6401204.045,2026-08-19T22:00:00Z,18.2,62,0
6401204.045,2026-08-19T23:00:00Z,17.3,66,0
6401204.045,2026-08-20T00:00:00Z,16.2,73,0
6401204.045,2026-08-20T01:00:00Z,15.8,75,0
6401204.045,2026-08-20T02:00:00Z,15.5,78,0
6401204.045,2026-08-20T03:00:00Z,15.1,82,0
6401204.045,2026-08-20T04:00:00Z,15.8,81,0
6401204.045,2026-08-20T05:00:00Z,18.7,71,0
6401204.045,2026-08-20T06:00:00Z,21.7,61,0
6401204.045,2026-08-20T07:00:00Z,24.4,50,0
6401204.045,2026-08-20T08:00:00Z,26.8,42,0
6401204.045,2026-08-20T09:00:00Z,28.6,36,0
6401204.045,2026-08-20T10:00:00Z,29.7,33,0
6401204.045,2026-08-20T11:00:00Z,30.5,31,0
6401204.045,2026-08-20T12:00:00Z,31.9,29,0
6401204.045,2026-08-20T13:00:00Z,32.1,29,0
6401204.045,2026-08-20T14:00:00Z,32.0,29,0
6401204.045,2026-08-20T15:00:00Z,31.6,31,0
6401204.045,2026-08-20T16:00:00Z,29.9,39,0
6401204.045,2026-08-20T17:00:00Z,27.4,43,0
6401204.045,2026-08-20T18:00:00Z,26.7,42,0
6401204.045,2026-08-20T19:00:00Z,26.3,43,0
6401204.045,2026-08-20T20:00:00Z,25.2,49,0
6401204.045,2026-08-20T21:00:00Z,23.5,60,0
6401204.045,2026-08-20T22:00:00Z,22.4,63,0
6401204.045,2026-08-20T23:00:00Z,21.6,67,0
6401204.045,2026-08-21T00:00:00Z,20.5,74,0
6401204.045,2026-08-21T01:00:00Z,20.1,78,0
6401204.045,2026-08-21T02:00:00Z,19.7,81,0
6401204.045,2026-08-21T03:00:00Z,19.4,83,0
6401204.045,2026-08-21T04:00:00Z,19.9,80,0
6401204.045,2026-08-21T05:00:00Z,21.7,72,0
6401204.045,2026-08-21T06:00:00Z,23.6,63,0
6401204.045,2026-08-21T07:00:00Z,25.9,55,0
6401204.045,2026-08-21T08:00:00Z,28.2,48,0
6401204.045,2026-08-21T09:00:00Z,30.3,41,0
6401204.045,2026-08-21T10:00:00Z,31.8,37,0
6401204.045,2026-08-21T11:00:00Z,32.8,33,0
6401204.045,2026-08-21T12:00:00Z,34.0,30,0
6401204.045,2026-08-21T13:00:00Z,33.9,30,0
6401204.045,2026-08-21T14:00:00Z,33.4,31,0
6401204.045,2026-08-21T15:00:00Z,32.5,33,0
6401204.045,2026-08-21T16:00:00Z,31.0,37,0
6401204.045,2026-08-21T17:00:00Z,28.8,43,0
6401204.045,2026-08-21T18:00:00Z,27.6,46,0
6401204.045,2026-08-21T19:00:00Z,25.9,52,0
6401204.045,2026-08-21T20:00:00Z,24.4,58,0
6401204.045,2026-08-21T21:00:00Z,23.0,64,0
6401204.045,2026-08-21T22:00:00Z,21.8,70,0
6401204.045,2026-08-21T23:00:00Z,20.8,76,0
6401204.045,2026-08-22T00:00:00Z,19.0,83,0
6401204.045,2026-08-22T01:00:00Z,18.3,87,0
6401204.045,2026-08-22T02:00:00Z,17.8,90,0
6401204.045,2026-08-22T03:00:00Z,17.3,94,0
6401204.045,2026-08-22T04:00:00Z,17.7,93,0
6401204.045,2026-08-22T05:00:00Z,19.4,85,0
6401204.045,2026-08-22T06:00:00Z,21.2,77,0
6401204.045,2026-08-22T07:00:00Z,23.6,66,0
6401204.045,2026-08-22T08:00:00Z,26.0,53,0
6401204.045,2026-08-22T09:00:00Z,27.9,45,0
6401204.045,2026-08-22T10:00:00Z,29.5,40,0
6401204.045,2026-08-22T11:00:00Z,30.6,36,0
6401204.045,2026-08-22T12:00:00Z,32.2,32,0
6401204.045,2026-08-22T13:00:00Z,32.7,30,0
6401204.045,2026-08-22T14:00:00Z,32.7,30,0
6401204.045,2026-08-22T15:00:00Z,32.3,30,0
6401204.045,2026-08-22T16:00:00Z,30.6,38,0
6401204.045,2026-08-22T17:00:00Z,27.6,45,0
6401204.045,2026-08-22T18:00:00Z,27.0,45,0
6401204.045,2026-08-22T19:00:00Z,26.9,46,0
6401204.045,2026-08-22T20:00:00Z,26.1,51,0
6401204.045,2026-08-22T21:00:00Z,25.1,64,0
6401204.045,2026-08-22T22:00:00Z,24.3,68,0
6401204.045,2026-08-22T23:00:00Z,23.8,67,0
6401204.045,2026-08-23T00:00:00Z,22.6,64,0
6401204.045,2026-08-23T01:00:00Z,22.0,61,0
6401204.045,2026-08-23T02:00:00Z,21.2,60,0
6401204.045,2026-08-23T03:00:00Z,20.3,60,0
6401204.045,2026-08-23T04:00:00Z,19.8,62,0
6401204.045,2026-08-23T05:00:00Z,20.6,59,0
6401204.045,2026-08-23T06:00:00Z,21.4,56,0
6401204.045,2026-08-23T07:00:00Z,23.1,49,0
6401204.045,2026-08-23T08:00:00Z,24.8,42,0
6401204.045,2026-08-23T09:00:00Z,26.1,37,0
6401204.045,2026-08-23T10:00:00Z,27.0,34,0
6401204.045,2026-08-23T11:00:00Z,27.6,33,0
6401204.045,2026-08-23T12:00:00Z,28.3,31,0
6401204.045,2026-08-23T13:00:00Z,28.0,32,0
6401204.045,2026-08-23T14:00:00Z,27.8,32,0
6401204.045,2026-08-23T15:00:00Z,27.1,33,0
6401204.045,2026-08-23T16:00:00Z,26.0,36,0
6401204.045,2026-08-23T17:00:00Z,24.0,42,0
6401204.045,2026-08-23T18:00:00Z,23.1,46,0
6401204.045,2026-08-23T19:00:00Z,22.0,49,0
6401204.045,2026-08-23T20:00:00Z,21.2,50,0
6401204.045,2026-08-23T21:00:00Z,20.6,51,0
6401204.045,2026-08-23T22:00:00Z,19.8,53,0
6401204.045,2026-08-23T23:00:00Z,19.0,55,0
6401204.045,2026-08-24T00:00:00Z,17.9,59,0
6401204.045,2026-08-24T01:00:00Z,17.3,61,0
6401204.045,2026-08-24T02:00:00Z,16.5,64,0
6401204.045,2026-08-24T03:00:00Z,16.4,65,0
6401204.045,2026-08-24T04:00:00Z,17.4,62,0
6401204.045,2026-08-24T05:00:00Z,18.4,58,0
6401204.045,2026-08-24T06:00:00Z,19.4,55,0
6401204.045,2026-08-24T07:00:00Z,21.0,49,0
6401204.045,2026-08-24T08:00:00Z,21.4,47,0
6401204.045,2026-08-24T09:00:00Z,22.4,45,0
6401204.045,2026-08-24T10:00:00Z,23.1,42,0
6401204.045,2026-08-24T11:00:00Z,22.9,41,0
6401204.045,2026-08-24T12:00:00Z,23.8,39,0
6401204.045,2026-08-24T13:00:00Z,24.2,38,0
6401204.045,2026-08-24T14:00:00Z,24.5,38,0
6401204.045,2026-08-24T15:00:00Z,24.6,38,0
6401204.045,2026-08-24T16:00:00Z,23.8,40,0
6401204.045,2026-08-24T17:00:00Z,21.8,47,0
6401204.045,2026-08-24T18:00:00Z,21.1,50,0
6401204.045,2026-08-24T19:00:00Z,21.0,50,0
6401204.045,2026-08-24T20:00:00Z,20.2,56,0
6401204.045,2026-08-24T21:00:00Z,19.2,66,0.1
6401204.045,2026-08-24T22:00:00Z,18.0,75,0.1
6401204.045,2026-08-24T23:00:00Z,17.2,86,0.1
6401204.045,2026-08-25T00:00:00Z,16.2,87,0
6401204.045,2026-08-25T01:00:00Z,16.1,90,0
6401204.045,2026-08-25T02:00:00Z,15.3,95,0
6401204.045,2026-08-25T03:00:00Z,14.9,96,0
6401204.045,2026-08-25T04:00:00Z,15.6,96,0
6401204.045,2026-08-25T05:00:00Z,17.9,84,0
6401204.045,2026-08-25T06:00:00Z,19.2,77,0
6401204.045,2026-08-25T07:00:00Z,21.5,66,0
6401204.045,2026-08-25T08:00:00Z,23.3,58,0
6401204.045,2026-08-25T09:00:00Z,24.8,53,0
6401204.045,2026-08-25T10:00:00Z,26.0,50,0
6401204.045,2026-08-25T11:00:00Z,26.8,49,0
6401204.045,2026-08-25T12:00:00Z,26.8,50,0
6401204.045,2026-08-25T13:00:00Z,27.8,46,0
6401204.045,2026-08-25T14:00:00Z,28.2,42,0
6401204.045,2026-08-25T15:00:00Z,27.7,43,0
6401204.045,2026-08-25T16:00:00Z,26.9,49,0
6401204.045,2026-08-25T17:00:00Z,24.7,55,0
6401204.045,2026-08-25T18:00:00Z,23.2,61,0
6401204.045,2026-08-25T19:00:00Z,21.0,83,0.8
6401204.045,2026-08-25T20:00:00Z,19.9,87,0.7
6401204.045,2026-08-25T21:00:00Z,19.7,90,0.5
6401204.045,2026-08-25T22:00:00Z,19.4,92,0.1
6401204.045,2026-08-25T23:00:00Z,19.0,93,0
6401204.045,2026-08-26T00:00:00Z,19.0,93,2.5
6401204.045,2026-08-26T01:00:00Z,18.8,95,0.3
6401204.045,2026-08-26T02:00:00Z,18.5,95,0.6
6401204.045,2026-08-26T03:00:00Z,18.4,96,1.8
6401204.045,2026-08-26T04:00:00Z,18.6,96,2.0
6401204.045,2026-08-26T05:00:00Z,18.8,95,1.1
6401204.045,2026-08-26T06:00:00Z,17.8,96,0.8
6401204.045,2026-08-26T07:00:00Z,18.1,96,1.1
6401204.045,2026-08-26T08:00:00Z,18.7,94,1.2
6401204.045,2026-08-26T09:00:00Z,18.8,94,1.4
6401204.045,2026-08-26T10:00:00Z,19.2,94,1.7
6401204.045,2026-08-26T11:00:00Z,19.6,93,0.8
6401204.045,2026-08-26T12:00:00Z,18.7,92,0.2
6401204.045,2026-08-26T13:00:00Z,18.8,90,1.1
6401204.045,2026-08-26T14:00:00Z,19.0,89,0.6
6401204.045,2026-08-26T15:00:00Z,18.9,89,0.2
6401204.045,2026-08-26T16:00:00Z,18.3,94,0.2
6401204.045,2026-08-26T17:00:00Z,17.8,94,0.6
6401204.045,2026-08-26T18:00:00Z,17.8,94,0.3
6401204.045,2026-08-26T19:00:00Z,17.6,94,0.1
6401204.045,2026-08-26T20:00:00Z,17.4,95,0.1
6401204.045,2026-08-26T21:00:00Z,17.3,95,0.1
6401204.045,2026-08-26T22:00:00Z,17.1,96,0.2
6401204.045,2026-08-26T23:00:00Z,17.0,97,0.3
6401204.045,2026-08-27T00:00:00Z,16.6,97,0.2
6401204.045,2026-08-27T01:00:00Z,16.7,97,0.2
6401204.045,2026-08-27T02:00:00Z,16.7,97,0.5
6401204.045,2026-08-27T03:00:00Z,16.3,97,0.7
6401204.045,2026-08-27T04:00:00Z,16.3,97,0.4
6401204.045,2026-08-27T05:00:00Z,16.6,95,0.1
6401204.045,2026-08-27T06:00:00Z,16.3,96,0.2
6401204.045,2026-08-27T07:00:00Z,16.5,92,0.1
6401204.045,2026-08-27T08:00:00Z,18.0,81,0
6401204.045,2026-08-27T09:00:00Z,19.8,69,0
6401204.045,2026-08-27T10:00:00Z,20.7,64,0
6401204.045,2026-08-27T11:00:00Z,21.4,60,0
6401204.045,2026-08-27T12:00:00Z,21.2,58,0
6401204.045,2026-08-27T13:00:00Z,20.9,58,0
6401204.045,2026-08-27T14:00:00Z,20.2,61,0.1
6401204.045,2026-08-27T15:00:00Z,19.7,63,0
6401204.045,2026-08-27T16:00:00Z,18.9,69,0
6401204.045,2026-08-27T17:00:00Z,17.2,82,0.3
6401204.045,2026-08-27T18:00:00Z,16.8,84,0.1
6401204.045,2026-08-27T19:00:00Z,15.6,89,0
6401204.045,2026-08-27T20:00:00Z,15.1,90,0
6401204.045,2026-08-27T21:00:00Z,14.8,91,0
6401204.045,2026-08-27T22:00:00Z,13.7,91,0
6401204.045,2026-08-27T23:00:00Z,13.2,90,0
6401204.045,2026-08-28T00:00:00Z,13.4,85,0
6401204.045,2026-08-28T01:00:00Z,13.4,84,0
6401204.045,2026-08-28T02:00:00Z,13.2,84,0
6401204.045,2026-08-28T03:00:00Z,13.1,83,0
6401204.045,2026-08-28T04:00:00Z,13.5,82,0
6401204.045,2026-08-28T05:00:00Z,15.0,77,0
6401204.045,2026-08-28T06:00:00Z,16.5,73,0
6401204.045,2026-08-28T07:00:00Z,18.4,68,0
6401204.045,2026-08-28T08:00:00Z,19.8,62,0
6401204.045,2026-08-28T09:00:00Z,20.9,57,0
6401204.045,2026-08-28T10:00:00Z,21.9,50,0
6401204.045,2026-08-28T11:00:00Z,21.6,51,0
6401204.045,2026-08-28T12:00:00Z,21.7,54,0
6401204.045,2026-08-28T13:00:00Z,22.4,51,0
6401204.045,2026-08-28T14:00:00Z,22.5,51,0
6401204.045,2026-08-28T15:00:00Z,22.5,51,0
6401204.045,2026-08-28T16:00:00Z,21.4,59,0
6401204.045,2026-08-28T17:00:00Z,18.8,65,0
6401204.045,2026-08-28T18:00:00Z,17.4,70,0
6401204.045,2026-08-28T19:00:00Z,17.0,71,0
6401204.045,2026-08-28T20:00:00Z,16.6,72,0
6401204.045,2026-08-28T21:00:00Z,15.9,75,0
6401204.045,2026-08-28T22:00:00Z,15.1,79,0
6401204.045,2026-08-28T23:00:00Z,14.6,80,0
6401204.045,2026-08-29T00:00:00Z,14.1,78,0
6401204.045,2026-08-29T01:00:00Z,13.8,77,0
6401204.045,2026-08-29T02:00:00Z,13.2,79,0
6401204.045,2026-08-29T03:00:00Z,12.8,82,0
6401204.045,2026-08-29T04:00:00Z,13.4,81,0
6401204.045,2026-08-29T05:00:00Z,15.5,76,0
6401204.045,2026-08-29T06:00:00Z,17.7,70,0
6401204.045,2026-08-29T07:00:00Z,20.0,63,0
6401204.045,2026-08-29T08:00:00Z,21.8,60,0
6401204.045,2026-08-29T09:00:00Z,23.6,55,0
6401204.045,2026-08-29T10:00:00Z,25.0,50,0
6401204.045,2026-08-29T11:00:00Z,25.9,44,0
6401204.045,2026-08-29T12:00:00Z,27.3,40,0
6401204.045,2026-08-29T13:00:00Z,27.3,40,0
6401204.045,2026-08-29T14:00:00Z,26.9,42,0
6401204.045,2026-08-29T15:00:00Z,26.0,48,0
6401204.045,2026-08-29T16:00:00Z,23.9,63,0
6401204.045,2026-08-29T17:00:00Z,21.7,67,0
6401204.045,2026-08-29T18:00:00Z,21.3,64,0
6401204.045,2026-08-29T19:00:00Z,20.8,65,0
6401204.045,2026-08-29T20:00:00Z,19.9,69,0
6401204.045,2026-08-29T21:00:00Z,19.5,70,0
6401204.045,2026-08-29T22:00:00Z,18.5,74,0
6401204.045,2026-08-29T23:00:00Z,17.6,77,0
6401204.045,2026-08-30T00:00:00Z,17.3,78,0
6401204.045,2026-08-30T01:00:00Z,17.0,80,0
6401204.045,2026-08-30T02:00:00Z,16.9,81,0
6401204.045,2026-08-30T03:00:00Z,16.9,81,0
6401204.045,2026-08-30T04:00:00Z,17.6,82,0.1
6401204.045,2026-08-30T05:00:00Z,17.3,89,1.5
6401204.045,2026-08-30T06:00:00Z,17.6,92,1.0
6401204.045,2026-08-30T07:00:00Z,20.8,83,0.1
6401204.045,2026-08-30T08:00:00Z,23.6,65,0
6401204.045,2026-08-30T09:00:00Z,25.1,56,0
6401204.045,2026-08-30T10:00:00Z,26.2,50,0
6401204.045,2026-08-30T11:00:00Z,27.0,45,0
6401204.045,2026-08-30T12:00:00Z,27.7,41,0
6401204.045,2026-08-30T13:00:00Z,27.6,42,0
6401204.045,2026-08-30T14:00:00Z,27.7,41,0
6401204.045,2026-08-30T15:00:00Z,27.6,45,0
6401204.045,2026-08-30T16:00:00Z,25.7,62,0
6401204.045,2026-08-30T17:00:00Z,23.2,63,0
6401204.045,2026-08-30T18:00:00Z,22.3,60,0
6401204.045,2026-08-30T19:00:00Z,21.8,58,0
6401204.045,2026-08-30T20:00:00Z,21.6,55,0
6401204.045,2026-08-30T21:00:00Z,20.8,59,0
6401204.045,2026-08-30T22:00:00Z,20.1,61,0
6401204.045,2026-08-30T23:00:00Z,19.4,61,0
6401204.045,2026-08-31T00:00:00Z,18.5,65,0
6401204.045,2026-08-31T01:00:00Z,18.8,62,0
6401204.045,2026-08-31T02:00:00Z,18.1,65,0
6401204.045,2026-08-31T03:00:00Z,17.0,69,0
6401204.045,2026-08-31T04:00:00Z,17.1,71,0
6401204.045,2026-08-31T05:00:00Z,19.5,65,0
6401204.045,2026-08-31T06:00:00Z,21.9,58,0
6401204.045,2026-08-31T07:00:00Z,23.9,49,0
6401204.045,2026-08-31T08:00:00Z,25.8,45,0
6401204.045,2026-08-31T09:00:00Z,27.5,40,0
6401204.045,2026-08-31T10:00:00Z,28.5,37,0
6401204.045,2026-08-31T11:00:00Z,28.8,36,0
6401204.045,2026-08-31T12:00:00Z,29.7,33,0
6401204.045,2026-08-31T13:00:00Z,29.7,33,0
6401204.045,2026-08-31T14:00:00Z,29.3,34,0
6401204.045,2026-08-31T15:00:00Z,28.4,39,0
6401204.045,2026-08-31T16:00:00Z,26.1,46,0
6401204.045,2026-08-31T17:00:00Z,24.1,49,0
6401204.045,2026-08-31T18:00:00Z,23.6,48,0
6401204.045,2026-08-31T19:00:00Z,22.9,49,0
6401204.045,2026-08-31T20:00:00Z,22.3,47,0
6401204.045,2026-08-31T21:00:00Z,21.3,47,0
6401204.045,2026-08-31T22:00:00Z,20.3,49,0
6401204.045,2026-08-31T23:00:00Z,19.7,50,0
6401204.045,2026-09-01T00:00:00Z,19.0,52,0
6401204.045,2026-09-01T01:00:00Z,18.6,50,0
6401204.045,2026-09-01T02:00:00Z,17.9,51,0
6401204.045,2026-09-01T03:00:00Z,17.1,51,0
6401204.045,2026-09-01T04:00:00Z,17.1,51,0
6401204.045,2026-09-01T05:00:00Z,19.0,49,0
6401204.045,2026-09-01T06:00:00Z,20.8,47,0
6401204.045,2026-09-01T07:00:00Z,22.6,43,0
6401204.045,2026-09-01T08:00:00Z,24.5,36,0
6401204.045,2026-09-01T09:00:00Z,26.2,34,0
6401204.045,2026-09-01T10:00:00Z,27.1,28,0
6401204.045,2026-09-01T11:00:00Z,24.7,36,0
6401204.045,2026-09-01T12:00:00Z,27.8,26,0
6401204.045,2026-09-01T13:00:00Z,27.9,35,0
6401204.045,2026-09-01T14:00:00Z,25.9,53,0
6401204.045,2026-09-01T15:00:00Z,24.4,61,0
6401204.045,2026-09-01T16:00:00Z,23.5,64,0
6401204.045,2026-09-01T17:00:00Z,22.3,69,0
6401204.045,2026-09-01T18:00:00Z,21.8,70,0
6401204.045,2026-09-01T19:00:00Z,20.7,76,0
6401204.045,2026-09-01T20:00:00Z,20.0,80,0
6401204.045,2026-09-01T21:00:00Z,19.3,81,0
6401204.045,2026-09-01T22:00:00Z,18.6,82,0
6401204.045,2026-09-01T23:00:00Z,17.9,84,0
6401204.045,2026-09-02T00:00:00Z,17.0,83,0
6401204.045,2026-09-02T01:00:00Z,16.6,85,0
6401204.045,2026-09-02T02:00:00Z,15.8,88,0
6401204.045,2026-09-02T03:00:00Z,15.2,90,0
6401204.045,2026-09-02T04:00:00Z,15.2,91,0
6401204.045,2026-09-02T05:00:00Z,17.4,82,0
6401204.045,2026-09-02T06:00:00Z,19.3,73,0
6401204.045,2026-09-02T07:00:00Z,21.6,63,0
6401204.045,2026-09-02T08:00:00Z,23.3,57,0
6401204.045,2026-09-02T09:00:00Z,24.5,51,0
6401204.045,2026-09-02T10:00:00Z,25.2,48,0
6401204.045,2026-09-02T11:00:00Z,25.6,47,0
6401204.045,2026-09-02T12:00:00Z,26.6,41,0
6401204.045,2026-09-02T13:00:00Z,26.3,42,0
6401204.045,2026-09-02T14:00:00Z,25.6,43,0
6401204.045,2026-09-02T15:00:00Z,25.1,46,0
6401204.045,2026-09-02T16:00:00Z,23.6,57,0
6401204.045,2026-09-02T17:00:00Z,21.5,64,0
6401204.045,2026-09-02T18:00:00Z,21.4,62,0
6401204.045,2026-09-02T19:00:00Z,20.5,64,0
6401204.045,2026-09-02T20:00:00Z,19.3,68,0
6401204.045,2026-09-02T21:00:00Z,18.7,70,0
6401204.045,2026-09-02T22:00:00Z,17.9,75,0
6401204.045,2026-09-02T23:00:00Z,17.1,82,0
6401204.045,2026-09-03T00:00:00Z,17.6,78,0.9
6401204.045,2026-09-03T01:00:00Z,16.1,93,2.7
6401204.045,2026-09-03T02:00:00Z,16.1,95,1.5
6401204.045,2026-09-03T03:00:00Z,15.7,94,0.2
6401204.045,2026-09-03T04:00:00Z,15.9,95,0
6401204.045,2026-09-03T05:00:00Z,17.1,94,0
6401204.045,2026-09-03T06:00:00Z,18.4,85,0
6401204.045,2026-09-03T07:00:00Z,20.6,71,0
6401204.045,2026-09-03T08:00:00Z,22.4,60,0
6401204.045,2026-09-03T09:00:00Z,23.6,55,0
6401204.045,2026-09-03T10:00:00Z,24.5,52,0.1
6401204.045,2026-09-03T11:00:00Z,25.0,49,0
6401204.045,2026-09-03T12:00:00Z,25.1,47,0
6401204.045,2026-09-03T13:00:00Z,23.2,60,0.8
6401204.045,2026-09-03T14:00:00Z,24.1,51,0.1
6401204.045,2026-09-03T15:00:00Z,24.0,48,0
6401204.045,2026-09-03T16:00:00Z,22.7,62,0
6401204.045,2026-09-03T17:00:00Z,20.5,62,0
6401204.045,2026-09-03T18:00:00Z,20.3,60,0
6401204.045,2026-09-03T19:00:00Z,19.7,63,0
6401204.045,2026-09-03T20:00:00Z,18.8,67,0
6401204.045,2026-09-03T21:00:00Z,17.8,72,0
6401204.045,2026-09-03T22:00:00Z,17.1,76,0
6401204.045,2026-09-03T23:00:00Z,16.6,78,0
6401204.045,2026-09-04T00:00:00Z,15.7,84,0
6401204.045,2026-09-04T01:00:00Z,15.4,84,0
6401204.045,2026-09-04T02:00:00Z,14.8,88,0
6401204.045,2026-09-04T03:00:00Z,14.0,92,0
6401204.045,2026-09-04T04:00:00Z,14.0,94,0
6401204.045,2026-09-04T05:00:00Z,16.1,83,0
6401204.045,2026-09-04T06:00:00Z,17.8,77,0
6401204.045,2026-09-04T07:00:00Z,21.0,64,0
6401204.045,2026-09-04T08:00:00Z,23.3,55,0
6401204.045,2026-09-04T09:00:00Z,24.7,49,0
6401204.045,2026-09-04T10:00:00Z,25.5,46,0
6401204.045,2026-09-04T11:00:00Z,25.9,46,0.1
6401204.045,2026-09-04T12:00:00Z,26.8,39,0
6401204.045,2026-09-04T13:00:00Z,26.3,39,0
6401204.045,2026-09-04T14:00:00Z,26.2,38,0
6401204.045,2026-09-04T15:00:00Z,25.6,41,0
6401204.045,2026-09-04T16:00:00Z,23.6,55,0
6401204.045,2026-09-04T17:00:00Z,22.1,54,0
6401204.045,2026-09-04T18:00:00Z,22.4,51,0
6401204.045,2026-09-04T19:00:00Z,22.2,52,0
6401204.045,2026-09-04T20:00:00Z,21.4,54,0
6401204.045,2026-09-04T21:00:00Z,19.9,60,0
6401204.045,2026-09-04T22:00:00Z,19.1,62,0
6401204.045,2026-09-04T23:00:00Z,18.1,68,0
6401204.045,2026-09-05T00:00:00Z,17.0,76,0
6401204.045,2026-09-05T01:00:00Z,16.1,80,0
6401204.045,2026-09-05T02:00:00Z,15.9,81,0
6401204.045,2026-09-05T03:00:00Z,15.3,83,0
6401204.045,2026-09-05T04:00:00Z,15.6,82,0
6401204.045,2026-09-05T05:00:00Z,18.2,70,0
6401204.045,2026-09-05T06:00:00Z,20.7,61,0
6401204.045,2026-09-05T07:00:00Z,24.1,51,0
6401204.045,2026-09-05T08:00:00Z,26.6,44,0
6401204.045,2026-09-05T09:00:00Z,28.5,39,0
6401204.045,2026-09-05T10:00:00Z,29.9,35,0
6401204.045,2026-09-05T11:00:00Z,30.7,33,0
6401204.045,2026-09-05T12:00:00Z,31.8,30,0
6401204.045,2026-09-05T13:00:00Z,31.2,32,0.1
6401204.045,2026-09-05T14:00:00Z,27.4,49,0.3
6401204.045,2026-09-05T15:00:00Z,27.6,50,0
6401204.045,2026-09-05T16:00:00Z,26.2,55,0
6401204.045,2026-09-05T17:00:00Z,24.3,49,0
6401204.045,2026-09-05T18:00:00Z,17.9,79,0
6401204.045,2026-09-05T19:00:00Z,17.1,88,1.6
6401204.045,2026-09-05T20:00:00Z,17.1,85,0
6401204.045,2026-09-05T21:00:00Z,16.6,87,0
6401204.045,2026-09-05T22:00:00Z,16.2,87,0
6401204.045,2026-09-05T23:00:00Z,16.3,85,0
6401204.045,2026-09-06T00:00:00Z,15.5,81,0
6401204.045,2026-09-06T01:00:00Z,14.4,85,0
6401204.045,2026-09-06T02:00:00Z,13.8,87,0
6401204.045,2026-09-06T03:00:00Z,13.5,87,0
6401204.045,2026-09-06T04:00:00Z,13.3,89,0
6401204.045,2026-09-06T05:00:00Z,15.1,82,0
6401204.045,2026-09-06T06:00:00Z,15.7,78,0
6401204.045,2026-09-06T07:00:00Z,17.2,73,0.1
6401204.045,2026-09-06T08:00:00Z,18.4,64,0.2
6401204.045,2026-09-06T09:00:00Z,19.8,53,0.2
6401204.045,2026-09-06T10:00:00Z,21.3,47,0
6401204.045,2026-09-06T11:00:00Z,21.1,45,0.1
6401204.045,2026-09-06T12:00:00Z,21.5,41,0
6401204.045,2026-09-06T13:00:00Z,21.1,40,0
6401204.045,2026-09-06T14:00:00Z,20.6,41,0
6401204.045,2026-09-06T15:00:00Z,19.8,41,0
6401204.045,2026-09-06T16:00:00Z,19.0,42,0
6401204.045,2026-09-06T17:00:00Z,18.0,45,0
6401204.045,2026-09-06T18:00:00Z,17.2,49,0
6401204.045,2026-09-06T19:00:00Z,16.4,52,0
6401204.045,2026-09-06T20:00:00Z,15.5,60,0
6401204.045,2026-09-06T21:00:00Z,15.1,63,0
6401204.045,2026-09-06T22:00:00Z,14.8,64,0
6401204.045,2026-09-06T23:00:00Z,14.4,66,0
6401204.045,2026-09-07T00:00:00Z,13.5,70,0
6401204.045,2026-09-07T01:00:00Z,13.0,73,0
6401204.045,2026-09-07T02:00:00Z,12.6,75,0
6401204.045,2026-09-07T03:00:00Z,12.1,78,0
6401204.045,2026-09-07T04:00:00Z,12.0,79,0
6401204.045,2026-09-07T05:00:00Z,13.3,76,0
6401204.045,2026-09-07T06:00:00Z,14.6,72,0
6401204.045,2026-09-07T07:00:00Z,16.4,67,0
6401204.045,2026-09-07T08:00:00Z,18.0,62,0
6401204.045,2026-09-07T09:00:00Z,19.7,52,0
6401204.045,2026-09-07T10:00:00Z,20.8,46,0
6401204.045,2026-09-07T11:00:00Z,21.0,43,0
6401204.045,2026-09-07T12:00:00Z,21.8,42,0
6401204.045,2026-09-07T13:00:00Z,21.9,39,0
6401204.045,2026-09-07T14:00:00Z,21.6,38,0
6401204.045,2026-09-07T15:00:00Z,20.7,42,0
6401204.045,2026-09-07T16:00:00Z,19.6,47,0
6401204.045,2026-09-07T17:00:00Z,17.0,56,0
6401204.045,2026-09-07T18:00:00Z,16.0,59,0
6401204.045,2026-09-07T19:00:00Z,15.1,63,0
6401204.045,2026-09-07T20:00:00Z,14.2,68,0
6401204.045,2026-09-07T21:00:00Z,13.5,72,0
6401204.045,2026-09-07T22:00:00Z,13.2,73,0
6401204.045,2026-09-07T23:00:00Z,12.9,74,0
6401204.045,2026-09-08T00:00:00Z,11.6,80,0
6401204.045,2026-09-08T01:00:00Z,11.2,83,0
6401204.045,2026-09-08T02:00:00Z,11.0,85,0
6401204.045,2026-09-08T03:00:00Z,10.6,87,0
6401204.045,2026-09-08T04:00:00Z,10.8,88,0
6401204.045,2026-09-08T05:00:00Z,13.2,77,0
6401204.045,2026-09-08T06:00:00Z,15.7,70,0
6401204.045,2026-09-08T07:00:00Z,18.5,57,0
6401204.045,2026-09-08T08:00:00Z,20.5,49,0
6401204.045,2026-09-08T09:00:00Z,21.8,44,0
6401204.045,2026-09-08T10:00:00Z,22.7,41,0
6401204.045,2026-09-08T11:00:00Z,23.3,40,0
6401204.045,2026-09-08T12:00:00Z,24.5,37,0
6401204.045,2026-09-08T13:00:00Z,24.7,37,0
6401204.045,2026-09-08T14:00:00Z,24.6,37,0
6401204.045,2026-09-08T15:00:00Z,23.9,41,0
6401204.045,2026-09-08T16:00:00Z,21.3,55,0
6401204.045,2026-09-08T17:00:00Z,19.0,59,0
6401204.045,2026-09-08T18:00:00Z,18.3,60,0
6401204.045,2026-09-08T19:00:00Z,17.4,64,0
6401204.045,2026-09-08T20:00:00Z,16.6,67,0
6401204.045,2026-09-08T21:00:00Z,16.1,68,0
6401204.045,2026-09-08T22:00:00Z,15.7,69,0
6401204.045,2026-09-08T23:00:00Z,15.4,69,0
6401204.045,2026-09-09T00:00:00Z,14.8,71,0
6401204.045,2026-09-09T01:00:00Z,14.5,74,0
6401204.045,2026-09-09T02:00:00Z,14.1,77,0
6401204.045,2026-09-09T03:00:00Z,13.7,80,0
6401204.045,2026-09-09T04:00:00Z,13.7,81,0
6401204.045,2026-09-09T05:00:00Z,15.6,76,0
6401204.045,2026-09-09T06:00:00Z,18.0,68,0
6401204.045,2026-09-09T07:00:00Z,20.5,60,0
6401204.045,2026-09-09T08:00:00Z,22.9,53,0
6401204.045,2026-09-09T09:00:00Z,24.6,46,0
6401204.045,2026-09-09T10:00:00Z,25.6,41,0
6401204.045,2026-09-09T11:00:00Z,26.2,39,0
6401204.045,2026-09-09T12:00:00Z,27.3,36,0
6401204.045,2026-09-09T13:00:00Z,27.2,36,0
6401204.045,2026-09-09T14:00:00Z,26.8,36,0
6401204.045,2026-09-09T15:00:00Z,25.9,39,0
6401204.045,2026-09-09T16:00:00Z,23.7,45,0
6401204.045,2026-09-09T17:00:00Z,21.6,51,0
6401204.045,2026-09-09T18:00:00Z,20.9,53,0
6401204.045,2026-09-09T19:00:00Z,20.1,57,0
6401204.045,2026-09-09T20:00:00Z,19.3,63,0
6401204.045,2026-09-09T21:00:00Z,18.5,68,0
6401204.045,2026-09-09T22:00:00Z,17.8,71,0
6401204.045,2026-09-09T23:00:00Z,17.1,73,0
6401204.045,2026-09-10T00:00:00Z,16.0,77,0
6401204.045,2026-09-10T01:00:00Z,15.9,78,0
6401204.045,2026-09-10T02:00:00Z,15.6,80,0
6401204.045,2026-09-10T03:00:00Z,15.3,83,0
6401204.045,2026-09-10T04:00:00Z,15.2,84,0
6401204.045,2026-09-10T05:00:00Z,16.7,79,0
6401204.045,2026-09-10T06:00:00Z,18.7,72,0
6401204.045,2026-09-10T07:00:00Z,21.0,63,0
6401204.045,2026-09-10T08:00:00Z,23.0,57,0
6401204.045,2026-09-10T09:00:00Z,24.7,50,0
6401204.045,2026-09-10T10:00:00Z,26.1,45,0
6401204.045,2026-09-10T11:00:00Z,27.1,42,0
6401204.045,2026-09-10T12:00:00Z,28.5,38,0
6401204.045,2026-09-10T13:00:00Z,28.7,37,0
6401204.045,2026-09-10T14:00:00Z,28.5,37,0
6401204.045,2026-09-10T15:00:00Z,27.7,39,0
6401204.045,2026-09-10T16:00:00Z,25.4,45,0
6401204.045,2026-09-10T17:00:00Z,23.0,52,0
6401204.045,2026-09-10T18:00:00Z,22.1,54,0
6401204.045,2026-09-10T19:00:00Z,21.6,54,0
6401204.045,2026-09-10T20:00:00Z,20.5,58,0
6401204.045,2026-09-10T21:00:00Z,20.0,61,0
6401204.045,2026-09-10T22:00:00Z,19.4,64,0
6401204.045,2026-09-10T23:00:00Z,18.6,68,0
6401204.045,2026-09-11T00:00:00Z,17.2,74,0
6401204.045,2026-09-11T01:00:00Z,16.7,76,0
6401204.045,2026-09-11T02:00:00Z,16.0,81,0
6401204.045,2026-09-11T03:00:00Z,15.9,85,0
6401204.045,2026-09-11T04:00:00Z,16.1,87,0
6401204.045,2026-09-11T05:00:00Z,18.0,81,0
6401204.045,2026-09-11T06:00:00Z,18.5,78,0
6401204.045,2026-09-11T07:00:00Z,20.2,70,0
6401204.045,2026-09-11T08:00:00Z,22.0,64,0
6401204.045,2026-09-11T09:00:00Z,23.6,59,0
6401204.045,2026-09-11T10:00:00Z,24.9,56,0
6401204.045,2026-09-11T11:00:00Z,25.9,52,0
6401204.045,2026-09-11T12:00:00Z,26.8,48,0
6401204.045,2026-09-11T13:00:00Z,27.1,47,0
6401204.045,2026-09-11T14:00:00Z,27.2,47,0
6401204.045,2026-09-11T15:00:00Z,26.8,48,0
6401204.045,2026-09-11T16:00:00Z,24.7,59,0
6401204.045,2026-09-11T17:00:00Z,22.7,64,0
6401204.045,2026-09-11T18:00:00Z,22.2,66,0
6401204.045,2026-09-11T19:00:00Z,22.2,67,0
6401204.045,2026-09-11T20:00:00Z,22.0,67,0
6401204.045,2026-09-11T21:00:00Z,21.5,72,0
6401204.045,2026-09-11T22:00:00Z,20.5,75,0
6401204.045,2026-09-11T23:00:00Z,20.0,73,0
6401204.045,2026-09-12T00:00:00Z,18.8,76,0
6401204.045,2026-09-12T01:00:00Z,18.3,75,0
6401204.045,2026-09-12T02:00:00Z,17.6,77,0
6401204.045,2026-09-12T03:00:00Z,17.2,79,0
6401204.045,2026-09-12T04:00:00Z,16.9,82,0
6401204.045,2026-09-12T05:00:00Z,18.4,79,0
6401204.045,2026-09-12T06:00:00Z,19.6,76,0
6401204.045,2026-09-12T07:00:00Z,21.3,71,0
6401204.045,2026-09-12T08:00:00Z,22.6,69,0
6401204.045,2026-09-12T09:00:00Z,23.9,63,0
6401204.045,2026-09-12T10:00:00Z,23.3,67,0
6401204.045,2026-09-12T11:00:00Z,23.3,68,0.1
6401204.045,2026-09-12T12:00:00Z,22.5,78,0
6401204.045,2026-09-12T13:00:00Z,22.4,75,0.5
6401204.045,2026-09-12T14:00:00Z,20.8,87,2.3
6401204.045,2026-09-12T15:00:00Z,20.1,92,1.9
6401204.045,2026-09-12T16:00:00Z,19.0,93,1.2
6401204.045,2026-09-12T17:00:00Z,18.3,94,0.6
6401204.045,2026-09-12T18:00:00Z,17.9,93,0.4
6401204.045,2026-09-12T19:00:00Z,17.7,94,1.3
6401204.045,2026-09-12T20:00:00Z,17.2,95,2.4
6401204.045,2026-09-12T21:00:00Z,16.3,95,2.8
6401204.045,2026-09-12T22:00:00Z,15.4,95,1.6
6401204.045,2026-09-12T23:00:00Z,14.8,95,0.4
6401204.045,2026-09-13T00:00:00Z,14.2,95,0.7
6401204.045,2026-09-13T01:00:00Z,13.9,95,0
6401204.045,2026-09-13T02:00:00Z,13.8,94,0.3
6401204.045,2026-09-13T03:00:00Z,13.6,95,0.2
6401204.045,2026-09-13T04:00:00Z,13.7,96,0.4
6401204.045,2026-09-13T05:00:00Z,13.9,96,0.4
6401204.045,2026-09-13T06:00:00Z,13.7,96,0.6
6401204.045,2026-09-13T07:00:00Z,14.4,93,0.4
6401204.045,2026-09-13T08:00:00Z,15.6,88,0.1
6401204.045,2026-09-13T09:00:00Z,16.3,88,0.6
6401204.045,2026-09-13T10:00:00Z,16.4,89,1.2
6401204.045,2026-09-13T11:00:00Z,16.7,89,1.5
6401204.045,2026-09-13T12:00:00Z,16.3,91,0.4
6401204.045,2026-09-13T13:00:00Z,16.2,92,0.9
6401204.045,2026-09-13T14:00:00Z,16.0,94,0.8
6401204.045,2026-09-13T15:00:00Z,15.8,93,0.3
6401204.045,2026-09-13T16:00:00Z,15.4,93,0.2
6401204.045,2026-09-13T17:00:00Z,15.1,93,0.1
6401204.045,2026-09-13T18:00:00Z,15.0,93,0
6401204.045,2026-09-13T19:00:00Z,14.9,93,0.1
6401204.045,2026-09-13T20:00:00Z,14.7,93,0
6401204.045,2026-09-13T21:00:00Z,14.5,92,0
6401204.045,2026-09-13T22:00:00Z,14.5,90,0
6401204.045,2026-09-13T23:00:00Z,14.3,89,0
6401204.045,2026-09-14T00:00:00Z,14.5,90,0
6401204.045,2026-09-14T01:00:00Z,14.6,87,0
6401204.045,2026-09-14T02:00:00Z,14.8,85,0
6401204.045,2026-09-14T03:00:00Z,15.0,83,0
6401204.045,2026-09-14T04:00:00Z,14.9,83,0.1
6401204.045,2026-09-14T05:00:00Z,15.1,81,0
6401204.045,2026-09-14T06:00:00Z,15.5,79,0
6401204.045,2026-09-14T07:00:00Z,17.2,68,0
6401204.045,2026-09-14T08:00:00Z,18.4,60,0
6401204.045,2026-09-14T09:00:00Z,19.9,49,0
6401204.045,2026-09-14T10:00:00Z,20.9,45,0
6401204.045,2026-09-14T11:00:00Z,20.8,44,0
6401204.045,2026-09-14T12:00:00Z,20.6,46,0.1
6401204.045,2026-09-14T13:00:00Z,20.3,47,0
6401204.045,2026-09-14T14:00:00Z,19.6,49,0
6401204.045,2026-09-14T15:00:00Z,18.8,52,0
6401204.045,2026-09-14T16:00:00Z,17.3,57,0
6401204.045,2026-09-14T17:00:00Z,15.0,69,0
6401204.045,2026-09-14T18:00:00Z,15.0,74,0
6401204.045,2026-09-14T19:00:00Z,13.8,78,0
6401204.045,2026-09-14T20:00:00Z,13.8,70,0
6401204.045,2026-09-14T21:00:00Z,13.5,69,0
6401204.045,2026-09-14T22:00:00Z,12.8,72,0
6401204.045,2026-09-14T23:00:00Z,12.0,77,0
6401204.045,2026-09-15T00:00:00Z,11.4,81,0
6401204.045,2026-09-15T01:00:00Z,11.3,83,0
6401204.045,2026-09-15T02:00:00Z,11.0,85,0
6401204.045,2026-09-15T03:00:00Z,10.9,86,0
6401204.045,2026-09-15T04:00:00Z,10.8,88,0
6401204.045,2026-09-15T05:00:00Z,12.3,83,0
6401204.045,2026-09-15T06:00:00Z,14.0,78,0
6401204.045,2026-09-15T07:00:00Z,16.5,70,0
6401204.045,2026-09-15T08:00:00Z,18.7,63,0
6401204.045,2026-09-15T09:00:00Z,20.1,52,0.1
6401204.045,2026-09-15T10:00:00Z,20.7,49,0
6401204.045,2026-09-15T11:00:00Z,21.0,48,0.1
6401204.045,2026-09-15T12:00:00Z,21.8,45,0.1
6401204.045,2026-09-15T13:00:00Z,22.0,43,0
6401204.045,2026-09-15T14:00:00Z,21.7,42,0
6401204.045,2026-09-15T15:00:00Z,20.8,48,0
6401204.045,2026-09-15T16:00:00Z,18.4,58,0
6401204.045,2026-09-15T17:00:00Z,16.1,67,0
6401204.045,2026-09-15T18:00:00Z,15.9,67,0
6401204.045,2026-09-15T19:00:00Z,15.2,71,0
6401204.045,2026-09-15T20:00:00Z,14.2,78,0
6401204.045,2026-09-15T21:00:00Z,13.4,83,0
6401204.045,2026-09-15T22:00:00Z,12.9,86,0
6401204.045,2026-09-15T23:00:00Z,12.5,86,0
6401204.045,2026-09-16T00:00:00Z,11.7,86,0
6401204.045,2026-09-16T01:00:00Z,11.4,88,0
6401204.045,2026-09-16T02:00:00Z,10.8,90,0
6401204.045,2026-09-16T03:00:00Z,10.3,93,0
6401204.045,2026-09-16T04:00:00Z,9.9,95,0
6401204.045,2026-09-16T05:00:00Z,12.0,89,0
6401204.045,2026-09-16T06:00:00Z,14.3,79,0
6401204.045,2026-09-16T07:00:00Z,16.9,71,0
6401204.045,2026-09-16T08:00:00Z,19.1,62,0
6401204.045,2026-09-16T09:00:00Z,20.5,55,0
6401204.045,2026-09-16T10:00:00Z,21.3,51,0
6401204.045,2026-09-16T11:00:00Z,21.8,49,0
6401204.045,2026-09-16T12:00:00Z,22.7,43,0
6401204.045,2026-09-16T13:00:00Z,22.5,43,0
6401204.045,2026-09-16T14:00:00Z,22.1,43,0
6401204.045,2026-09-16T15:00:00Z,21.5,46,0
6401204.045,2026-09-16T16:00:00Z,19.2,57,0
6401204.045,2026-09-16T17:00:00Z,18.1,56,0
6401204.045,2026-09-16T18:00:00Z,17.7,53,0
6401204.045,2026-09-16T19:00:00Z,16.3,59,0
6401204.045,2026-09-16T20:00:00Z,14.9,67,0
6401204.045,2026-09-16T21:00:00Z,14.3,73,0
6401204.045,2026-09-16T22:00:00Z,13.9,78,0
6401204.045,2026-09-16T23:00:00Z,13.5,81,0
6401204.045,2026-09-17T00:00:00Z,12.5,79,0
6401204.045,2026-09-17T01:00:00Z,12.0,82,0
6401204.045,2026-09-17T02:00:00Z,11.5,86,0
6401204.045,2026-09-17T03:00:00Z,11.1,89,0
6401204.045,2026-09-17T04:00:00Z,11.0,90,0
6401204.045,2026-09-17T05:00:00Z,13.1,82,0
6401204.045,2026-09-17T06:00:00Z,15.9,75,0
6401204.045,2026-09-17T07:00:00Z,18.9,64,0
6401204.045,2026-09-17T08:00:00Z,21.4,56,0
6401204.045,2026-09-17T09:00:00Z,22.8,47,0
6401204.045,2026-09-17T10:00:00Z,23.5,43,0
6401204.045,2026-09-17T11:00:00Z,23.9,43,0
6401204.045,2026-09-17T12:00:00Z,25.2,39,0
6401204.045,2026-09-17T13:00:00Z,25.1,38,0
6401204.045,2026-09-17T14:00:00Z,24.6,39,0
6401204.045,2026-09-17T15:00:00Z,23.5,46,0
6401204.045,2026-09-17T16:00:00Z,21.0,52,0
6401204.045,2026-09-17T17:00:00Z,19.3,57,0
6401204.045,2026-09-17T18:00:00Z,18.1,61,0
6401204.045,2026-09-17T19:00:00Z,17.1,65,0
6401204.045,2026-09-17T20:00:00Z,16.8,66,0
6401204.045,2026-09-17T21:00:00Z,15.9,71,0
6401204.045,2026-09-17T22:00:00Z,15.2,74,0
6401204.045,2026-09-17T23:00:00Z,14.7,77,0
6401204.045,2026-09-18T00:00:00Z,13.7,82,0
6401204.045,2026-09-18T01:00:00Z,14.1,80,0
6401204.045,2026-09-18T02:00:00Z,14.6,79,0
6401204.045,2026-09-18T03:00:00Z,14.1,81,0
6401204.045,2026-09-18T04:00:00Z,13.6,83,0
6401204.045,2026-09-18T05:00:00Z,15.6,76,0
6401204.045,2026-09-18T06:00:00Z,17.3,70,0
6401204.045,2026-09-18T07:00:00Z,19.2,65,0
6401204.045,2026-09-18T08:00:00Z,21.2,60,0
6401204.045,2026-09-18T09:00:00Z,23.2,53,0
6401204.045,2026-09-18T10:00:00Z,24.5,44,0
6401204.045,2026-09-18T11:00:00Z,25.0,41,0
6401204.045,2026-09-18T12:00:00Z,26.0,39,0
6401204.045,2026-09-18T13:00:00Z,25.8,38,0
6401204.045,2026-09-18T14:00:00Z,25.2,39,0
6401204.045,2026-09-18T15:00:00Z,23.9,44,0
6401204.045,2026-09-18T16:00:00Z,21.5,50,0
6401204.045,2026-09-18T17:00:00Z,20.1,54,0
6401204.045,2026-09-18T18:00:00Z,19.3,58,0
6401204.045,2026-09-18T19:00:00Z,18.8,60,0
6401204.045,2026-09-18T20:00:00Z,18.2,60,0
6401204.045,2026-09-18T21:00:00Z,17.6,62,0
6401204.045,2026-09-18T22:00:00Z,17.4,62,0
6401204.045,2026-09-18T23:00:00Z,17.7,64,0
6401204.045,2026-09-19T00:00:00Z,17.2,70,0
6401204.045,2026-09-19T01:00:00Z,16.3,76,0
6401204.045,2026-09-19T02:00:00Z,16.9,75,0
6401204.045,2026-09-19T03:00:00Z,15.5,81,0
6401204.045,2026-09-19T04:00:00Z,15.5,83,0
6401204.045,2026-09-19T05:00:00Z,16.7,79,0
6401204.045,2026-09-19T06:00:00Z,18.1,74,0
6401204.045,2026-09-19T07:00:00Z,19.5,71,0
6401204.045,2026-09-19T08:00:00Z,20.7,70,0
6401204.045,2026-09-19T09:00:00Z,21.6,69,0.1
6401204.045,2026-09-19T10:00:00Z,22.4,65,0
6401204.045,2026-09-19T11:00:00Z,23.0,62,0
6401204.045,2026-09-19T12:00:00Z,23.7,55,0.1
6401204.045,2026-09-19T13:00:00Z,23.7,52,0.1
6401204.045,2026-09-19T14:00:00Z,23.5,51,0
6401204.045,2026-09-19T15:00:00Z,23.0,53,0
6401204.045,2026-09-19T16:00:00Z,20.6,63,0
6401204.045,2026-09-19T17:00:00Z,18.9,64,0
6401204.045,2026-09-19T18:00:00Z,18.0,59,0
6401204.045,2026-09-19T19:00:00Z,17.3,60,0
6401204.045,2026-09-19T20:00:00Z,16.1,63,0
6401204.045,2026-09-19T21:00:00Z,15.7,65,0
6401204.045,2026-09-19T22:00:00Z,14.9,72,0
6401204.045,2026-09-19T23:00:00Z,14.1,77,0
6401204.045,2026-09-20T00:00:00Z,13.3,79,0
6401204.045,2026-09-20T01:00:00Z,12.7,82,0
6401204.045,2026-09-20T02:00:00Z,12.4,84,0
6401204.045,2026-09-20T03:00:00Z,12.0,86,0
6401204.045,2026-09-20T04:00:00Z,11.7,88,0
6401204.045,2026-09-20T05:00:00Z,14.1,79,0
6401204.045,2026-09-20T06:00:00Z,16.1,74,0
6401204.045,2026-09-20T07:00:00Z,18.9,65,0
6401204.045,2026-09-20T08:00:00Z,20.9,55,0
6401204.045,2026-09-20T09:00:00Z,22.2,47,0
6401204.045,2026-09-20T10:00:00Z,23.1,43,0
6401204.045,2026-09-20T11:00:00Z,23.7,42,0
6401204.045,2026-09-20T12:00:00Z,25.0,37,0
6401204.045,2026-09-20T13:00:00Z,24.9,38,0
6401204.045,2026-09-20T14:00:00Z,24.4,39,0
6401204.045,2026-09-20T15:00:00Z,23.1,44,0
6401204.045,2026-09-20T16:00:00Z,20.6,53,0
6401204.045,2026-09-20T17:00:00Z,19.6,54,0
6401204.045,2026-09-20T18:00:00Z,19.3,50,0
6401204.045,2026-09-20T19:00:00Z,17.3,59,0
6401204.045,2026-09-20T20:00:00Z,16.0,66,0
6401204.045,2026-09-20T21:00:00Z,15.5,68,0
6401204.045,2026-09-20T22:00:00Z,15.3,68,0
6401204.045,2026-09-20T23:00:00Z,15.2,68,0
6401204.045,2026-09-21T00:00:00Z,14.9,70,0
6401204.045,2026-09-21T01:00:00Z,14.9,69,0
6401204.045,2026-09-21T02:00:00Z,14.7,70,0
6401204.045,2026-09-21T03:00:00Z,14.3,72,0
6401204.045,2026-09-21T04:00:00Z,13.4,78,0
6401204.045,2026-09-21T05:00:00Z,15.1,73,0
6401204.045,2026-09-21T06:00:00Z,17.2,68,0
6401204.045,2026-09-21T07:00:00Z,19.5,63,0
6401204.045,2026-09-21T08:00:00Z,20.7,59,0
6401204.045,2026-09-21T09:00:00Z,20.7,56,0
6401204.045,2026-09-21T10:00:00Z,20.6,56,0
6401204.045,2026-09-21T11:00:00Z,18.9,69,0.2
6401204.045,2026-09-21T12:00:00Z,16.8,89,0.5
6401204.045,2026-09-21T13:00:00Z,15.5,90,0.7
6401204.045,2026-09-21T14:00:00Z,14.0,84,0.3
6401204.045,2026-09-21T15:00:00Z,14.0,76,0
6401204.045,2026-09-21T16:00:00Z,13.3,77,0
6401204.045,2026-09-21T17:00:00Z,12.3,81,0
6401204.045,2026-09-21T18:00:00Z,11.4,81,0
6401204.045,2026-09-21T19:00:00Z,10.7,82,0
6401204.045,2026-09-21T20:00:00Z,10.1,86,0
6401204.045,2026-09-21T21:00:00Z,9.8,89,0
6401204.045,2026-09-21T22:00:00Z,9.5,93,0
6401204.045,2026-09-21T23:00:00Z,9.4,93,0
6401204.045,2026-09-22T00:00:00Z,8.6,92,0
6401204.045,2026-09-22T01:00:00Z,8.3,94,0
6401204.045,2026-09-22T02:00:00Z,8.0,95,0
6401204.045,2026-09-22T03:00:00Z,7.9,96,0
6401204.045,2026-09-22T04:00:00Z,7.7,96,0
6401204.045,2026-09-22T05:00:00Z,8.8,92,0
6401204.045,2026-09-22T06:00:00Z,10.4,85,0
6401204.045,2026-09-22T07:00:00Z,12.5,72,0
6401204.045,2026-09-22T08:00:00Z,14.2,61,0
6401204.045,2026-09-22T09:00:00Z,15.6,51,0
6401204.045,2026-09-22T10:00:00Z,16.2,48,0
6401204.045,2026-09-22T11:00:00Z,16.8,47,0
6401204.045,2026-09-22T12:00:00Z,16.0,52,0
6401204.045,2026-09-22T13:00:00Z,16.4,49,0
6401204.045,2026-09-22T14:00:00Z,16.2,49,0
6401204.045,2026-09-22T15:00:00Z,15.5,50,0
6401204.045,2026-09-22T16:00:00Z,13.3,61,0
6401204.045,2026-09-22T17:00:00Z,11.8,69,0
6401204.045,2026-09-22T18:00:00Z,11.9,69,0
6401204.045,2026-09-22T19:00:00Z,10.9,77,0
6401204.045,2026-09-22T20:00:00Z,9.8,85,0
6401204.045,2026-09-22T21:00:00Z,9.0,91,0
6401204.045,2026-09-22T22:00:00Z,8.4,94,0
6401204.045,2026-09-22T23:00:00Z,8.1,95,0
6401204.045,2026-09-23T00:00:00Z,7.5,96,0
6401204.045,2026-09-23T01:00:00Z,7.4,96,0
6401204.045,2026-09-23T02:00:00Z,7.0,96,0
6401204.045,2026-09-23T03:00:00Z,6.8,96,0
6401204.045,2026-09-23T04:00:00Z,6.9,96,0
6401204.045,2026-09-23T05:00:00Z,8.0,92,0
6401204.045,2026-09-23T06:00:00Z,9.5,86,0
6401204.045,2026-09-23T07:00:00Z,11.4,78,0
6401204.045,2026-09-23T08:00:00Z,13.0,72,0
6401204.045,2026-09-23T09:00:00Z,14.5,61,0
6401204.045,2026-09-23T10:00:00Z,15.2,55,0
6401204.045,2026-09-23T11:00:00Z,15.3,53,0
6401204.045,2026-09-23T12:00:00Z,14.4,62,0
6401204.045,2026-09-23T13:00:00Z,14.5,60,0
6401204.045,2026-09-23T14:00:00Z,14.4,59,0
6401204.045,2026-09-23T15:00:00Z,14.1,59,0
6401204.045,2026-09-23T16:00:00Z,13.6,62,0
6401204.045,2026-09-23T17:00:00Z,12.6,72,0.1
6401204.045,2026-09-23T18:00:00Z,10.9,94,0.2
6401204.045,2026-09-23T19:00:00Z,11.0,93,0.6
6401204.045,2026-09-23T20:00:00Z,11.1,93,0.4
6401204.045,2026-09-23T21:00:00Z,10.9,93,0.3
6401204.045,2026-09-23T22:00:00Z,10.7,93,0.2
6401204.045,2026-09-23T23:00:00Z,10.4,92,0.1
6401204.045,2026-09-24T00:00:00Z,10.1,94,0.1
6401204.045,2026-09-24T01:00:00Z,10.2,93,0.2
6401204.045,2026-09-24T02:00:00Z,10.0,93,0.1
6401204.045,2026-09-24T03:00:00Z,9.9,91,0.1
6401204.045,2026-09-24T04:00:00Z,9.9,89,0
6401204.045,2026-09-24T05:00:00Z,10.2,86,0
6401204.045,2026-09-24T06:00:00Z,11.3,81,0
6401204.045,2026-09-24T07:00:00Z,12.8,71,0
6401204.045,2026-09-24T08:00:00Z,13.9,66,0.2
6401204.045,2026-09-24T09:00:00Z,14.3,66,0.2
6401204.045,2026-09-24T10:00:00Z,15.2,59,0.1
6401204.045,2026-09-24T11:00:00Z,15.8,53,0.1
6401204.045,2026-09-24T12:00:00Z,17.1,43,0
6401204.045,2026-09-24T13:00:00Z,16.7,44,0
6401204.045,2026-09-24T14:00:00Z,16.1,47,0
6401204.045,2026-09-24T15:00:00Z,15.5,51,0
6401204.045,2026-09-24T16:00:00Z,13.5,62,0
6401204.045,2026-09-24T17:00:00Z,13.7,61,0
6401204.045,2026-09-24T18:00:00Z,12.1,68,0
6401204.045,2026-09-24T19:00:00Z,11.6,71,0
6401204.045,2026-09-24T20:00:00Z,11.0,73,0
6401204.045,2026-09-24T21:00:00Z,10.5,75,0
6401204.045,2026-09-24T22:00:00Z,9.9,79,0
6401204.045,2026-09-24T23:00:00Z,9.2,83,0
6401204.045,2026-09-25T00:00:00Z,9.7,81,0
6401204.045,2026-09-25T01:00:00Z,9.5,82,0
6401204.045,2026-09-25T02:00:00Z,9.0,84,0
6401204.045,2026-09-25T03:00:00Z,8.4,86,0
6401204.045,2026-09-25T04:00:00Z,8.1,87,0
6401204.045,2026-09-25T05:00:00Z,9.2,83,0
6401204.045,2026-09-25T06:00:00Z,10.9,78,0
6401204.045,2026-09-25T07:00:00Z,13.5,68,0
6401204.045,2026-09-25T08:00:00Z,15.9,58,0
6401204.045,2026-09-25T09:00:00Z,17.7,50,0
6401204.045,2026-09-25T10:00:00Z,18.9,41,0
6401204.045,2026-09-25T11:00:00Z,19.3,39,0
6401204.045,2026-09-25T12:00:00Z,19.8,35,0
6401204.045,2026-09-25T13:00:00Z,19.6,35,0
6401204.045,2026-09-25T14:00:00Z,19.4,36,0
6401204.045,2026-09-25T15:00:00Z,18.2,51,0
6401204.045,2026-09-25T16:00:00Z,15.3,58,0
6401204.045,2026-09-25T17:00:00Z,13.5,65,0
6401204.045,2026-09-25T18:00:00Z,14.0,68,0
6401204.045,2026-09-25T19:00:00Z,13.6,75,0
6401204.045,2026-09-25T20:00:00Z,12.8,79,0
6401204.045,2026-09-25T21:00:00Z,12.1,83,0
6401204.045,2026-09-25T22:00:00Z,11.4,88,0
6401204.045,2026-09-25T23:00:00Z,11.1,89,0
6401204.045,2026-09-26T00:00:00Z,10.5,90,0
6401204.045,2026-09-26T01:00:00Z,10.2,91,0
6401204.045,2026-09-26T02:00:00Z,10.0,93,0
6401204.045,2026-09-26T03:00:00Z,9.8,94,0
6401204.045,2026-09-26T04:00:00Z,9.8,95,0
6401204.045,2026-09-26T05:00:00Z,11.3,90,0
6401204.045,2026-09-26T06:00:00Z,12.3,87,0
6401204.045,2026-09-26T07:00:00Z,14.6,78,0
6401204.045,2026-09-26T08:00:00Z,16.9,67,0
6401204.045,2026-09-26T09:00:00Z,18.5,58,0
6401204.045,2026-09-26T10:00:00Z,19.4,53,0
6401204.045,2026-09-26T11:00:00Z,20.0,49,0
6401204.045,2026-09-26T12:00:00Z,19.5,49,0
6401204.045,2026-09-26T13:00:00Z,19.4,49,0
6401204.045,2026-09-26T14:00:00Z,19.0,49,0
6401204.045,2026-09-26T15:00:00Z,18.0,59,0
6401204.045,2026-09-26T16:00:00Z,16.0,66,0
6401204.045,2026-09-26T17:00:00Z,15.1,70,0
6401204.045,2026-09-26T18:00:00Z,14.6,71,0
6401204.045,2026-09-26T19:00:00Z,13.6,74,0
6401204.045,2026-09-26T20:00:00Z,12.5,79,0
6401204.045,2026-09-26T21:00:00Z,11.4,85,0
6401204.045,2026-09-26T22:00:00Z,10.8,88,0
6401204.045,2026-09-26T23:00:00Z,10.4,90,0
6401204.045,2026-09-27T00:00:00Z,9.6,90,0
6401204.045,2026-09-27T01:00:00Z,9.4,90,0
6401204.045,2026-09-27T02:00:00Z,9.1,90,0
6401204.045,2026-09-27T03:00:00Z,9.0,91,0
6401204.045,2026-09-27T04:00:00Z,8.7,92,0
6401204.045,2026-09-27T05:00:00Z,10.3,85,0
6401204.045,2026-09-27T06:00:00Z,12.3,78,0
6401204.045,2026-09-27T07:00:00Z,15.4,65,0
6401204.045,2026-09-27T08:00:00Z,17.9,51,0
6401204.045,2026-09-27T09:00:00Z,19.2,44,0
6401204.045,2026-09-27T10:00:00Z,19.8,42,0
6401204.045,2026-09-27T11:00:00Z,20.2,41,0
6401204.045,2026-09-27T12:00:00Z,21.3,36,0
6401204.045,2026-09-27T13:00:00Z,21.0,37,0
6401204.045,2026-09-27T14:00:00Z,20.4,38,0
6401204.045,2026-09-27T15:00:00Z,19.1,44,0
6401204.045,2026-09-27T16:00:00Z,16.8,51,0
6401204.045,2026-09-27T17:00:00Z,15.4,56,0
6401204.045,2026-09-27T18:00:00Z,14.7,58,0
6401204.045,2026-09-27T19:00:00Z,13.8,60,0
6401204.045,2026-09-27T20:00:00Z,13.1,63,0
6401204.045,2026-09-27T21:00:00Z,12.5,65,0
6401204.045,2026-09-27T22:00:00Z,12.1,66,0
6401204.045,2026-09-27T23:00:00Z,11.7,67,0
6401204.045,2026-09-28T00:00:00Z,10.8,69,0
6401204.045,2026-09-28T01:00:00Z,10.7,70,0
6401204.045,2026-09-28T02:00:00Z,10.6,71,0
6401204.045,2026-09-28T03:00:00Z,10.6,72,0
6401204.045,2026-09-28T04:00:00Z,10.6,74,0
6401204.045,2026-09-28T05:00:00Z,11.5,72,0
6401204.045,2026-09-28T06:00:00Z,13.0,71,0
6401204.045,2026-09-28T07:00:00Z,14.7,68,0
6401204.045,2026-09-28T08:00:00Z,15.2,76,0.4
6401204.045,2026-09-28T09:00:00Z,16.8,68,0.3
6401204.045,2026-09-28T10:00:00Z,18.1,61,0
6401204.045,2026-09-28T11:00:00Z,18.8,57,0
6401204.045,2026-09-28T12:00:00Z,20.0,49,0
6401204.045,2026-09-28T13:00:00Z,20.3,46,0
6401204.045,2026-09-28T14:00:00Z,20.2,46,0
6401204.045,2026-09-28T15:00:00Z,19.2,50,0
6401204.045,2026-09-28T16:00:00Z,17.7,56,0
6401204.045,2026-09-28T17:00:00Z,16.9,57,0
6401204.045,2026-09-28T18:00:00Z,16.8,54,0
6401204.045,2026-09-28T19:00:00Z,16.0,55,0
6401204.045,2026-09-28T20:00:00Z,15.2,57,0
6401204.045,2026-09-28T21:00:00Z,14.5,60,0
6401204.045,2026-09-28T22:00:00Z,13.8,63,0
6401204.045,2026-09-28T23:00:00Z,13.2,66,0
6401204.045,2026-09-29T00:00:00Z,12.7,68,0
6401204.045,2026-09-29T01:00:00Z,12.3,69,0
6401204.045,2026-09-29T02:00:00Z,11.8,72,0
6401204.045,2026-09-29T03:00:00Z,11.5,74,0
6401204.045,2026-09-29T04:00:00Z,11.2,76,0
6401204.045,2026-09-29T05:00:00Z,11.8,77,0
6401204.045,2026-09-29T06:00:00Z,13.1,74,0
6401204.045,2026-09-29T07:00:00Z,15.0,68,0
6401204.045,2026-09-29T08:00:00Z,16.9,62,0
6401204.045,2026-09-29T09:00:00Z,18.5,54,0
6401204.045,2026-09-29T10:00:00Z,19.5,48,0
6401204.045,2026-09-29T11:00:00Z,20.1,45,0
6401204.045,2026-09-29T12:00:00Z,21.1,40,0
6401204.045,2026-09-29T13:00:00Z,21.0,40,0
6401204.045,2026-09-29T14:00:00Z,20.6,39,0
6401204.045,2026-09-29T15:00:00Z,19.3,44,0
6401204.045,2026-09-29T16:00:00Z,17.6,50,0
6401204.045,2026-09-29T17:00:00Z,15.7,59,0
6401204.045,2026-09-29T18:00:00Z,14.5,60,0
6401204.045,2026-09-29T19:00:00Z,13.8,63,0
6401204.045,2026-09-29T20:00:00Z,12.9,67,0
6401204.045,2026-09-29T21:00:00Z,12.3,70,0
6401204.045,2026-09-29T22:00:00Z,11.8,74,0
6401204.045,2026-09-29T23:00:00Z,11.4,77,0
6401204.045,2026-09-30T00:00:00Z,11.0,75,0
6401204.045,2026-09-30T01:00:00Z,10.3,79,0
6401204.045,2026-09-30T02:00:00Z,9.7,82,0
6401204.045,2026-09-30T03:00:00Z,9.2,84,0
6401204.045,2026-09-30T04:00:00Z,8.8,87,0
6401204.045,2026-09-30T05:00:00Z,9.7,82,0
6401204.045,2026-09-30T06:00:00Z,11.4,75,0
6401204.045,2026-09-30T07:00:00Z,13.7,66,0
6401204.045,2026-09-30T08:00:00Z,15.8,58,0
6401204.045,2026-09-30T09:00:00Z,17.0,50,0
6401204.045,2026-09-30T10:00:00Z,17.9,45,0
6401204.045,2026-09-30T11:00:00Z,18.4,43,0
6401204.045,2026-09-30T12:00:00Z,19.7,35,0
6401204.045,2026-09-30T13:00:00Z,19.5,35,0
6401204.045,2026-09-30T14:00:00Z,19.0,36,0
6401204.045,2026-09-30T15:00:00Z,17.5,42,0
6401204.045,2026-09-30T16:00:00Z,14.8,50,0
6401204.045,2026-09-30T17:00:00Z,13.7,55,0
6401204.045,2026-09-30T18:00:00Z,12.9,55,0
6401204.045,2026-09-30T19:00:00Z,12.2,57,0
6401204.045,2026-09-30T20:00:00Z,11.6,60,0
6401204.045,2026-09-30T21:00:00Z,11.0,63,0
6401204.045,2026-09-30T22:00:00Z,10.3,66,0
6401204.045,2026-09-30T23:00:00Z,9.8,70,0
6401204.045,2026-10-01T00:00:00Z,8.8,70,0
6401204.045,2026-10-01T01:00:00Z,8.5,73,0
6401204.045,2026-10-01T02:00:00Z,8.2,75,0
6401204.045,2026-10-01T03:00:00Z,8.1,76,0
6401204.045,2026-10-01T04:00:00Z,7.9,79,0
6401204.045,2026-10-01T05:00:00Z,8.8,76,0
6401204.045,2026-10-01T06:00:00Z,10.7,71,0
6401204.045,2026-10-01T07:00:00Z,13.2,62,0
6401204.045,2026-10-01T08:00:00Z,15.5,56,0
6401204.045,2026-10-01T09:00:00Z,17.1,51,0
6401204.045,2026-10-01T10:00:00Z,18.1,46,0
6401204.045,2026-10-01T11:00:00Z,18.7,41,0
6401204.045,2026-10-01T12:00:00Z,19.9,34,0
6401204.045,2026-10-01T13:00:00Z,19.8,32,0
6401204.045,2026-10-01T14:00:00Z,19.2,32,0
6401204.045,2026-10-01T15:00:00Z,17.7,38,0
6401204.045,2026-10-01T16:00:00Z,14.9,45,0
6401204.045,2026-10-01T17:00:00Z,13.9,49,0
6401204.045,2026-10-01T18:00:00Z,13.2,50,0
6401204.045,2026-10-01T19:00:00Z,12.4,54,0
6401204.045,2026-10-01T20:00:00Z,11.6,60,0
6401204.045,2026-10-01T21:00:00Z,11.2,64,0
6401204.045,2026-10-01T22:00:00Z,10.6,69,0
6401204.045,2026-10-01T23:00:00Z,10.1,74,0
6401204.045,2026-10-02T00:00:00Z,9.6,74,0
6401204.045,2026-10-02T01:00:00Z,9.2,78,0
6401204.045,2026-10-02T02:00:00Z,8.9,80,0
6401204.045,2026-10-02T03:00:00Z,8.7,80,0
6401204.045,2026-10-02T04:00:00Z,8.6,80,0
6401204.045,2026-10-02T05:00:00Z,9.4,77,0
6401204.045,2026-10-02T06:00:00Z,11.0,71,0
6401204.045,2026-10-02T07:00:00Z,13.2,63,0
6401204.045,2026-10-02T08:00:00Z,15.3,56,0
6401204.045,2026-10-02T09:00:00Z,16.9,47,0
6401204.045,2026-10-02T10:00:00Z,17.5,42,0
6401204.045,2026-10-02T11:00:00Z,18.0,39,0
6401204.045,2026-10-02T12:00:00Z,18.9,32,0
6401204.045,2026-10-02T13:00:00Z,18.7,32,0
6401204.045,2026-10-02T14:00:00Z,18.1,33,0
6401204.045,2026-10-02T15:00:00Z,16.6,39,0
6401204.045,2026-10-02T16:00:00Z,13.8,47,0
6401204.045,2026-10-02T17:00:00Z,12.6,52,0
6401204.045,2026-10-02T18:00:00Z,11.3,53,0
6401204.045,2026-10-02T19:00:00Z,10.1,60,0
6401204.045,2026-10-02T20:00:00Z,8.9,67,0
6401204.045,2026-10-02T21:00:00Z,8.0,72,0
6401204.045,2026-10-02T22:00:00Z,7.4,75,0
6401204.045,2026-10-02T23:00:00Z,6.8,79,0
6401204.045,2026-10-03T00:00:00Z,5.6,80,0
6401204.045,2026-10-03T01:00:00Z,5.1,83,0
6401204.045,2026-10-03T02:00:00Z,4.6,85,0
6401204.045,2026-10-03T03:00:00Z,4.4,85,0
6401204.045,2026-10-03T04:00:00Z,4.3,84,0
6401204.045,2026-10-03T05:00:00Z,5.8,79,0
6401204.045,2026-10-03T06:00:00Z,8.4,69,0
6401204.045,2026-10-03T07:00:00Z,11.5,59,0
6401204.045,2026-10-03T08:00:00Z,14.4,49,0
6401204.045,2026-10-03T09:00:00Z,16.5,41,0
6401204.045,2026-10-03T10:00:00Z,17.9,36,0
6401204.045,2026-10-03T11:00:00Z,18.6,34,0
6401204.045,2026-10-03T12:00:00Z,20.1,30,0
6401204.045,2026-10-03T13:00:00Z,20.1,29,0
6401204.045,2026-10-03T14:00:00Z,19.5,30,0
6401204.045,2026-10-03T15:00:00Z,17.0,43,0
6401204.045,2026-10-03T16:00:00Z,14.1,49,0
6401204.045,2026-10-03T17:00:00Z,12.8,52,0
6401204.045,2026-10-03T18:00:00Z,11.7,55,0
6401204.045,2026-10-03T19:00:00Z,11.0,57,0
6401204.045,2026-10-03T20:00:00Z,10.1,60,0
6401512.033,2026-04-30T21:00:00Z,5.8,54,0
6401512.033,2026-04-30T22:00:00Z,5.2,57,0
6401512.033,2026-04-30T23:00:00Z,3.4,65,0
6401512.033,2026-05-01T00:00:00Z,4.2,59,0
6401512.033,2026-05-01T01:00:00Z,3.5,62,0
6401512.033,2026-05-01T02:00:00Z,2.2,67,0
6401512.033,2026-05-01T03:00:00Z,1.3,71,0
6401512.033,2026-05-01T04:00:00Z,2.8,67,0
6401512.033,2026-05-01T05:00:00Z,5.2,58,0
6401512.033,2026-05-01T06:00:00Z,7.3,49,0
6401512.033,2026-05-01T07:00:00Z,8.9,35,0
6401512.033,2026-05-01T08:00:00Z,8.8,36,0
6401512.033,2026-05-01T09:00:00Z,9.5,37,0
6401512.033,2026-05-01T10:00:00Z,9.7,35,0
6401512.033,2026-05-01T11:00:00Z,10.0,37,0
6401512.033,2026-05-01T12:00:00Z,11.2,32,0
6401512.033,2026-05-01T13:00:00Z,11.6,30,0
6401512.033,2026-05-01T14:00:00Z,11.4,32,0
6401512.033,2026-05-01T15:00:00Z,11.1,34,0
6401512.033,2026-05-01T16:00:00Z,10.5,38,0
6401512.033,2026-05-01T17:00:00Z,9.8,42,0
6401512.033,2026-05-01T18:00:00Z,8.7,47,0
6401512.033,2026-05-01T19:00:00Z,9.1,51,0
6401512.033,2026-05-01T20:00:00Z,8.9,52,0
6401512.033,2026-05-01T21:00:00Z,7.7,63,0
6401512.033,2026-05-01T22:00:00Z,5.4,78,0
6401512.033,2026-05-01T23:00:00Z,4.5,84,0
6401512.033,2026-05-02T00:00:00Z,5.0,88,0
6401512.033,2026-05-02T01:00:00Z,6.5,81,0
6401512.033,2026-05-02T02:00:00Z,6.5,81,0
6401512.033,2026-05-02T03:00:00Z,6.3,80,0
6401512.033,2026-05-02T04:00:00Z,6.7,75,0
6401512.033,2026-05-02T05:00:00Z,8.0,63,0
6401512.033,2026-05-02T06:00:00Z,10.2,35,0
6401512.033,2026-05-02T07:00:00Z,10.8,32,0
6401512.033,2026-05-02T08:00:00Z,11.6,31,0
6401512.033,2026-05-02T09:00:00Z,12.0,30,0
6401512.033,2026-05-02T10:00:00Z,12.2,30,0
6401512.033,2026-05-02T11:00:00Z,12.7,29,0
6401512.033,2026-05-02T12:00:00Z,12.1,32,0
6401512.033,2026-05-02T13:00:00Z,12.2,32,0
6401512.033,2026-05-02T14:00:00Z,12.1,32,0
6401512.033,2026-05-02T15:00:00Z,11.7,32,0
6401512.033,2026-05-02T16:00:00Z,11.3,33,0
6401512.033,2026-05-02T17:00:00Z,10.2,38,0
6401512.033,2026-05-02T18:00:00Z,8.6,42,0
6401512.033,2026-05-02T19:00:00Z,9.0,39,0
6401512.033,2026-05-02T20:00:00Z,7.6,46,0
6401512.033,2026-05-02T21:00:00Z,7.2,49,0
6401512.033,2026-05-02T22:00:00Z,5.7,58,0
6401512.033,2026-05-02T23:00:00Z,4.1,66,0
6401512.033,2026-05-03T00:00:00Z,3.3,63,0
6401512.033,2026-05-03T01:00:00Z,1.9,68,0
6401512.033,2026-05-03T02:00:00Z,1.2,70,0
6401512.033,2026-05-03T03:00:00Z,0.8,71,0
6401512.033,2026-05-03T04:00:00Z,2.7,66,0
6401512.033,2026-05-03T05:00:00Z,6.2,57,0
6401512.033,2026-05-03T06:00:00Z,9.6,44,0
6401512.033,2026-05-03T07:00:00Z,12.0,34,0
6401512.033,2026-05-03T08:00:00Z,13.2,31,0
6401512.033,2026-05-03T09:00:00Z,14.2,31,0
6401512.033,2026-05-03T10:00:00Z,14.9,32,0
6401512.033,2026-05-03T11:00:00Z,15.6,30,0
6401512.033,2026-05-03T12:00:00Z,16.4,29,0
6401512.033,2026-05-03T13:00:00Z,16.7,30,0
6401512.033,2026-05-03T14:00:00Z,17.0,30,0
6401512.033,2026-05-03T15:00:00Z,17.5,30,0
6401512.033,2026-05-03T16:00:00Z,15.6,38,0
6401512.033,2026-05-03T17:00:00Z,13.9,45,0
6401512.033,2026-05-03T18:00:00Z,12.1,48,0
6401512.033,2026-05-03T19:00:00Z,11.9,50,0
6401512.033,2026-05-03T20:00:00Z,12.4,48,0
6401512.033,2026-05-03T21:00:00Z,9.9,60,0
6401512.033,2026-05-03T22:00:00Z,8.9,63,0
6401512.033,2026-05-03T23:00:00Z,8.1,66,0
6401512.033,2026-05-04T00:00:00Z,6.2,71,0
6401512.033,2026-05-04T01:00:00Z,5.8,72,0
6401512.033,2026-05-04T02:00:00Z,6.0,71,0
6401512.033,2026-05-04T03:00:00Z,5.9,71,0
6401512.033,2026-05-04T04:00:00Z,7.6,64,0
6401512.033,2026-05-04T05:00:00Z,10.6,59,0
6401512.033,2026-05-04T06:00:00Z,13.8,45,0
6401512.033,2026-05-04T07:00:00Z,16.5,38,0
6401512.033,2026-05-04T08:00:00Z,18.4,34,0
6401512.033,2026-05-04T09:00:00Z,19.8,32,0
6401512.033,2026-05-04T10:00:00Z,20.8,33,0
6401512.033,2026-05-04T11:00:00Z,21.4,34,0
6401512.033,2026-05-04T12:00:00Z,22.5,29,0
6401512.033,2026-05-04T13:00:00Z,22.6,29,0
6401512.033,2026-05-04T14:00:00Z,22.4,29,0
6401512.033,2026-05-04T15:00:00Z,22.1,26,0
6401512.033,2026-05-04T16:00:00Z,20.8,30,0
6401512.033,2026-05-04T17:00:00Z,18.2,40,0
6401512.033,2026-05-04T18:00:00Z,17.0,37,0
6401512.033,2026-05-04T19:00:00Z,16.3,39,0
6401512.033,2026-05-04T20:00:00Z,14.8,44,0
6401512.033,2026-05-04T21:00:00Z,13.1,50,0
6401512.033,2026-05-04T22:00:00Z,12.0,56,0
6401512.033,2026-05-04T23:00:00Z,11.1,60,0
6401512.033,2026-05-05T00:00:00Z,9.4,64,0
6401512.033,2026-05-05T01:00:00Z,8.5,68,0
6401512.033,2026-05-05T02:00:00Z,8.4,68,0
6401512.033,2026-05-05T03:00:00Z,8.2,69,0
6401512.033,2026-05-05T04:00:00Z,9.8,64,0
6401512.033,2026-05-05T05:00:00Z,13.0,57,0
6401512.033,2026-05-05T06:00:00Z,16.5,45,0
6401512.033,2026-05-05T07:00:00Z,20.2,35,0
6401512.033,2026-05-05T08:00:00Z,22.3,29,0
6401512.033,2026-05-05T09:00:00Z,23.4,25,0
6401512.033,2026-05-05T10:00:00Z,24.0,24,0
6401512.033,2026-05-05T11:00:00Z,24.5,24,0
6401512.033,2026-05-05T12:00:00Z,25.2,22,0
6401512.033,2026-05-05T13:00:00Z,25.1,23,0
6401512.033,2026-05-05T14:00:00Z,24.7,24,0
6401512.033,2026-05-05T15:00:00Z,24.0,25,0
6401512.033,2026-05-05T16:00:00Z,22.8,28,0
6401512.033,2026-05-05T17:00:00Z,20.5,35,0
6401512.033,2026-05-05T18:00:00Z,19.1,36,0
6401512.033,2026-05-05T19:00:00Z,17.9,39,0
6401512.033,2026-05-05T20:00:00Z,16.8,44,0
6401512.033,2026-05-05T21:00:00Z,15.5,50,0
6401512.033,2026-05-05T22:00:00Z,14.7,53,0
6401512.033,2026-05-05T23:00:00Z,13.8,56,0
6401512.033,2026-05-06T00:00:00Z,12.2,60,0
6401512.033,2026-05-06T01:00:00Z,11.7,60,0
6401512.033,2026-05-06T02:00:00Z,11.4,59,0
6401512.033,2026-05-06T03:00:00Z,10.8,61,0
6401512.033,2026-05-06T04:00:00Z,12.3,56,0
6401512.033,2026-05-06T05:00:00Z,14.5,51,0
6401512.033,2026-05-06T06:00:00Z,16.9,43,0
6401512.033,2026-05-06T07:00:00Z,20.3,39,0
6401512.033,2026-05-06T08:00:00Z,23.0,34,0
6401512.033,2026-05-06T09:00:00Z,24.4,28,0
6401512.033,2026-05-06T10:00:00Z,25.2,26,0
6401512.033,2026-05-06T11:00:00Z,25.7,26,0
6401512.033,2026-05-06T12:00:00Z,26.4,24,0
6401512.033,2026-05-06T13:00:00Z,26.4,24,0
6401512.033,2026-05-06T14:00:00Z,26.1,24,0
6401512.033,2026-05-06T15:00:00Z,25.1,27,0
6401512.033,2026-05-06T16:00:00Z,23.8,30,0
6401512.033,2026-05-06T17:00:00Z,21.6,37,0
6401512.033,2026-05-06T18:00:00Z,20.1,38,0
6401512.033,2026-05-06T19:00:00Z,18.7,40,0
6401512.033,2026-05-06T20:00:00Z,17.2,43,0
6401512.033,2026-05-06T21:00:00Z,16.2,44,0
6401512.033,2026-05-06T22:00:00Z,15.3,44,0
6401512.033,2026-05-06T23:00:00Z,14.4,45,0
6401512.033,2026-05-07T00:00:00Z,13.2,54,0
6401512.033,2026-05-07T01:00:00Z,12.3,56,0
6401512.033,2026-05-07T02:00:00Z,11.3,59,0
6401512.033,2026-05-07T03:00:00Z,10.4,63,0
6401512.033,2026-05-07T04:00:00Z,12.2,57,0
6401512.033,2026-05-07T05:00:00Z,14.7,49,0
6401512.033,2026-05-07T06:00:00Z,16.8,43,0
6401512.033,2026-05-07T07:00:00Z,19.2,36,0
6401512.033,2026-05-07T08:00:00Z,20.9,31,0
6401512.033,2026-05-07T09:00:00Z,22.2,29,0
6401512.033,2026-05-07T10:00:00Z,23.0,27,0
6401512.033,2026-05-07T11:00:00Z,23.5,27,0
6401512.033,2026-05-07T12:00:00Z,23.7,27,0
6401512.033,2026-05-07T13:00:00Z,23.4,29,0
6401512.033,2026-05-07T14:00:00Z,23.0,32,0
6401512.033,2026-05-07T15:00:00Z,22.2,37,0
6401512.033,2026-05-07T16:00:00Z,21.0,44,0
6401512.033,2026-05-07T17:00:00Z,19.3,53,0
6401512.033,2026-05-07T18:00:00Z,17.3,60,0
6401512.033,2026-05-07T19:00:00Z,15.8,67,0
6401512.033,2026-05-07T20:00:00Z,14.4,73,0
6401512.033,2026-05-07T21:00:00Z,13.3,77,0
6401512.033,2026-05-07T22:00:00Z,12.2,79,0
6401512.033,2026-05-07T23:00:00Z,11.2,81,0
6401512.033,2026-05-08T00:00:00Z,10.3,85,0
6401512.033,2026-05-08T01:00:00Z,9.7,87,0
6401512.033,2026-05-08T02:00:00Z,9.2,90,0
6401512.033,2026-05-08T03:00:00Z,9.2,92,0
6401512.033,2026-05-08T04:00:00Z,10.7,82,0
6401512.033,2026-05-08T05:00:00Z,12.3,75,0
6401512.033,2026-05-08T06:00:00Z,12.9,71,0
6401512.033,2026-05-08T07:00:00Z,15.1,63,0
6401512.033,2026-05-08T08:00:00Z,17.3,57,0
6401512.033,2026-05-08T09:00:00Z,19.3,53,0
6401512.033,2026-05-08T10:00:00Z,21.2,50,0
6401512.033,2026-05-08T11:00:00Z,22.4,48,0
6401512.033,2026-05-08T12:00:00Z,21.4,54,0
6401512.033,2026-05-08T13:00:00Z,22.6,49,0
6401512.033,2026-05-08T14:00:00Z,23.1,48,0
6401512.033,2026-05-08T15:00:00Z,22.6,50,0
6401512.033,2026-05-08T16:00:00Z,20.2,60,0.2
6401512.033,2026-05-08T17:00:00Z,17.7,73,0.3
6401512.033,2026-05-08T18:00:00Z,16.9,93,1.6
6401512.033,2026-05-08T19:00:00Z,15.8,96,0
6401512.033,2026-05-08T20:00:00Z,14.7,98,0
6401512.033,2026-05-08T21:00:00Z,14.5,97,0
6401512.033,2026-05-08T22:00:00Z,13.9,96,0
6401512.033,2026-05-08T23:00:00Z,12.8,96,0
6401512.033,2026-05-09T00:00:00Z,12.6,97,0
6401512.033,2026-05-09T01:00:00Z,11.8,99,0
6401512.033,2026-05-09T02:00:00Z,11.4,100,0
6401512.033,2026-05-09T03:00:00Z,11.5,100,0
6401512.033,2026-05-09T04:00:00Z,12.1,98,0
6401512.033,2026-05-09T05:00:00Z,13.2,94,0
6401512.033,2026-05-09T06:00:00Z,13.8,87,0
6401512.033,2026-05-09T07:00:00Z,15.4,80,0
6401512.033,2026-05-09T08:00:00Z,17.0,74,0
6401512.033,2026-05-09T09:00:00Z,18.5,68,0
6401512.033,2026-05-09T10:00:00Z,19.3,65,0
6401512.033,2026-05-09T11:00:00Z,20.0,62,0
6401512.033,2026-05-09T12:00:00Z,19.7,64,0
6401512.033,2026-05-09T13:00:00Z,20.3,61,0
6401512.033,2026-05-09T14:00:00Z,19.8,56,0
6401512.033,2026-05-09T15:00:00Z,19.8,50,0
6401512.033,2026-05-09T16:00:00Z,17.0,68,0.1
6401512.033,2026-05-09T17:00:00Z,14.9,91,0.8
6401512.033,2026-05-09T18:00:00Z,15.5,88,0.1
6401512.033,2026-05-09T19:00:00Z,14.7,93,0
6401512.033,2026-05-09T20:00:00Z,14.4,93,0.1
6401512.033,2026-05-09T21:00:00Z,14.3,94,0.3
6401512.033,2026-05-09T22:00:00Z,14.0,97,0.5
6401512.033,2026-05-09T23:00:00Z,13.8,98,0.9
6401512.033,2026-05-10T00:00:00Z,13.9,95,0.9
6401512.033,2026-05-10T01:00:00Z,13.7,96,1.4
6401512.033,2026-05-10T02:00:00Z,13.3,98,1.2
6401512.033,2026-05-10T03:00:00Z,13.1,99,0.9
6401512.033,2026-05-10T04:00:00Z,13.2,99,0.5
6401512.033,2026-05-10T05:00:00Z,13.5,97,0.1
6401512.033,2026-05-10T06:00:00Z,13.9,95,0.2
6401512.033,2026-05-10T07:00:00Z,14.1,98,0.3
6401512.033,2026-05-10T08:00:00Z,14.5,97,0.4
6401512.033,2026-05-10T09:00:00Z,14.2,94,0.7
6401512.033,2026-05-10T10:00:00Z,14.2,96,0.7
6401512.033,2026-05-10T11:00:00Z,14.4,97,0.7
6401512.033,2026-05-10T12:00:00Z,13.7,96,1.0
6401512.033,2026-05-10T13:00:00Z,13.6,90,0.9
6401512.033,2026-05-10T14:00:00Z,13.9,96,0.5
6401512.033,2026-05-10T15:00:00Z,14.4,93,0.2
6401512.033,2026-05-10T16:00:00Z,14.2,92,0
6401512.033,2026-05-10T17:00:00Z,13.3,92,0
6401512.033,2026-05-10T18:00:00Z,12.8,94,0
6401512.033,2026-05-10T19:00:00Z,11.9,94,0
6401512.033,2026-05-10T20:00:00Z,11.0,95,0
6401512.033,2026-05-10T21:00:00Z,10.3,96,0
6401512.033,2026-05-10T22:00:00Z,9.7,96,0
6401512.033,2026-05-10T23:00:00Z,8.8,97,0
6401512.033,2026-05-11T00:00:00Z,9.0,97,0
6401512.033,2026-05-11T01:00:00Z,8.0,98,0
6401512.033,2026-05-11T02:00:00Z,7.5,98,0
6401512.033,2026-05-11T03:00:00Z,7.4,98,0
6401512.033,2026-05-11T04:00:00Z,9.5,97,0
6401512.033,2026-05-11T05:00:00Z,12.3,95,0
6401512.033,2026-05-11T06:00:00Z,13.5,90,0
6401512.033,2026-05-11T07:00:00Z,15.8,75,0
6401512.033,2026-05-11T08:00:00Z,17.6,62,0.3
6401512.033,2026-05-11T09:00:00Z,18.3,58,0.2
6401512.033,2026-05-11T10:00:00Z,19.2,54,0.1
6401512.033,2026-05-11T11:00:00Z,20.2,50,0.1
6401512.033,2026-05-11T12:00:00Z,20.8,49,0
6401512.033,2026-05-11T13:00:00Z,21.5,46,0
6401512.033,2026-05-11T14:00:00Z,21.5,46,0
6401512.033,2026-05-11T15:00:00Z,21.2,47,0
6401512.033,2026-05-11T16:00:00Z,20.1,57,0
6401512.033,2026-05-11T17:00:00Z,18.0,66,0
6401512.033,2026-05-11T18:00:00Z,17.4,71,0
6401512.033,2026-05-11T19:00:00Z,16.4,79,0
6401512.033,2026-05-11T20:00:00Z,15.4,84,0
6401512.033,2026-05-11T21:00:00Z,14.7,89,0
6401512.033,2026-05-11T22:00:00Z,14.0,92,0
6401512.033,2026-05-11T23:00:00Z,13.6,92,0
6401512.033,2026-05-12T00:00:00Z,13.1,95,0
6401512.033,2026-05-12T01:00:00Z,12.7,96,0
6401512.033,2026-05-12T02:00:00Z,12.4,96,0
6401512.033,2026-05-12T03:00:00Z,12.2,96,0
6401512.033,2026-05-12T04:00:00Z,13.1,93,0
6401512.033,2026-05-12T05:00:00Z,14.6,85,0
6401512.033,2026-05-12T06:00:00Z,15.0,82,0
6401512.033,2026-05-12T07:00:00Z,14.9,86,0.4
6401512.033,2026-05-12T08:00:00Z,14.8,94,1.6
6401512.033,2026-05-12T09:00:00Z,14.9,95,1.8
6401512.033,2026-05-12T10:00:00Z,15.2,95,1.5
6401512.033,2026-05-12T11:00:00Z,15.8,92,0.4
6401512.033,2026-05-12T12:00:00Z,17.4,76,0
6401512.033,2026-05-12T13:00:00Z,17.6,74,0.1
6401512.033,2026-05-12T14:00:00Z,17.2,80,0.4
6401512.033,2026-05-12T15:00:00Z,16.0,89,1.6
6401512.033,2026-05-12T16:00:00Z,14.9,97,2.5
6401512.033,2026-05-12T17:00:00Z,14.6,97,0
6401512.033,2026-05-12T18:00:00Z,13.0,97,0
6401512.033,2026-05-12T19:00:00Z,13.1,97,0
6401512.033,2026-05-12T20:00:00Z,13.1,98,0
6401512.033,2026-05-12T21:00:00Z,12.1,99,0
6401512.033,2026-05-12T22:00:00Z,12.7,99,0.2
6401512.033,2026-05-12T23:00:00Z,11.7,100,0.2
6401512.033,2026-05-13T00:00:00Z,11.7,99,0
6401512.033,2026-05-13T01:00:00Z,10.9,99,0
6401512.033,2026-05-13T02:00:00Z,12.0,99,0
6401512.033,2026-05-13T03:00:00Z,12.1,99,0
6401512.033,2026-05-13T04:00:00Z,12.1,97,0
6401512.033,2026-05-13T05:00:00Z,12.3,94,0
6401512.033,2026-05-13T06:00:00Z,12.1,91,0
6401512.033,2026-05-13T07:00:00Z,12.9,84,0
6401512.033,2026-05-13T08:00:00Z,13.3,79,0
6401512.033,2026-05-13T09:00:00Z,13.4,76,0
6401512.033,2026-05-13T10:00:00Z,13.8,75,0.1
6401512.033,2026-05-13T11:00:00Z,14.2,75,0.4
6401512.033,2026-05-13T12:00:00Z,14.5,68,0.2
6401512.033,2026-05-13T13:00:00Z,14.4,68,0
6401512.033,2026-05-13T14:00:00Z,14.1,66,0
6401512.033,2026-05-13T15:00:00Z,13.7,66,0
6401512.033,2026-05-13T16:00:00Z,13.6,65,0
6401512.033,2026-05-13T17:00:00Z,13.3,65,0
6401512.033,2026-05-13T18:00:00Z,12.9,65,0
6401512.033,2026-05-13T19:00:00Z,12.4,67,0
6401512.033,2026-05-13T20:00:00Z,12.1,67,0
6401512.033,2026-05-13T21:00:00Z,11.1,70,0
6401512.033,2026-05-13T22:00:00Z,10.3,74,0
6401512.033,2026-05-13T23:00:00Z,9.4,78,0
6401512.033,2026-05-14T00:00:00Z,10.1,74,0
6401512.033,2026-05-14T01:00:00Z,9.8,74,0
6401512.033,2026-05-14T02:00:00Z,9.2,74,0
6401512.033,2026-05-14T03:00:00Z,8.9,71,0
6401512.033,2026-05-14T04:00:00Z,9.4,69,0
6401512.033,2026-05-14T05:00:00Z,10.3,67,0
6401512.033,2026-05-14T06:00:00Z,11.7,65,0
6401512.033,2026-05-14T07:00:00Z,13.1,60,0
6401512.033,2026-05-14T08:00:00Z,14.3,52,0
6401512.033,2026-05-14T09:00:00Z,15.1,47,0
6401512.033,2026-05-14T10:00:00Z,16.0,40,0
6401512.033,2026-05-14T11:00:00Z,16.2,42,0
6401512.033,2026-05-14T12:00:00Z,16.6,42,0
6401512.033,2026-05-14T13:00:00Z,16.7,43,0
6401512.033,2026-05-14T14:00:00Z,16.6,42,0
6401512.033,2026-05-14T15:00:00Z,16.5,41,0
6401512.033,2026-05-14T16:00:00Z,15.6,54,0
6401512.033,2026-05-14T17:00:00Z,13.6,60,0
6401512.033,2026-05-14T18:00:00Z,12.3,58,0
6401512.033,2026-05-14T19:00:00Z,10.6,65,0
6401512.033,2026-05-14T20:00:00Z,9.7,68,0
6401512.033,2026-05-14T21:00:00Z,9.4,67,0
6401512.033,2026-05-14T22:00:00Z,9.1,66,0
6401512.033,2026-05-14T23:00:00Z,8.5,67,0
6401512.033,2026-05-15T00:00:00Z,7.2,81,0
6401512.033,2026-05-15T01:00:00Z,6.9,81,0
6401512.033,2026-05-15T02:00:00Z,6.6,81,0
6401512.033,2026-05-15T03:00:00Z,6.4,83,0
6401512.033,2026-05-15T04:00:00Z,8.3,79,0
6401512.033,2026-05-15T05:00:00Z,10.9,75,0
6401512.033,2026-05-15T06:00:00Z,13.2,68,0
6401512.033,2026-05-15T07:00:00Z,15.3,59,0
6401512.033,2026-05-15T08:00:00Z,16.7,52,0
6401512.033,2026-05-15T09:00:00Z,17.8,47,0
6401512.033,2026-05-15T10:00:00Z,18.6,44,0
6401512.033,2026-05-15T11:00:00Z,19.1,43,0
6401512.033,2026-05-15T12:00:00Z,20.3,38,0
6401512.033,2026-05-15T13:00:00Z,20.3,39,0
6401512.033,2026-05-15T14:00:00Z,20.2,41,0
6401512.033,2026-05-15T15:00:00Z,19.7,44,0
6401512.033,2026-05-15T16:00:00Z,18.6,56,0
6401512.033,2026-05-15T17:00:00Z,16.1,62,0
6401512.033,2026-05-15T18:00:00Z,14.7,58,0
6401512.033,2026-05-15T19:00:00Z,13.8,61,0
6401512.033,2026-05-15T20:00:00Z,12.8,67,0
6401512.033,2026-05-15T21:00:00Z,12.1,70,0
6401512.033,2026-05-15T22:00:00Z,10.9,78,0
6401512.033,2026-05-15T23:00:00Z,10.3,82,0
6401512.033,2026-05-16T00:00:00Z,9.8,85,0
6401512.033,2026-05-16T01:00:00Z,9.5,85,0
6401512.033,2026-05-16T02:00:00Z,8.9,89,0
6401512.033,2026-05-16T03:00:00Z,8.8,92,0
6401512.033,2026-05-16T04:00:00Z,10.5,87,0
6401512.033,2026-05-16T05:00:00Z,12.7,79,0
6401512.033,2026-05-16T06:00:00Z,15.0,71,0
6401512.033,2026-05-16T07:00:00Z,17.4,63,0
6401512.033,2026-05-16T08:00:00Z,19.2,52,0
6401512.033,2026-05-16T09:00:00Z,20.2,46,0
6401512.033,2026-05-16T10:00:00Z,20.8,44,0
6401512.033,2026-05-16T11:00:00Z,21.2,43,0
6401512.033,2026-05-16T12:00:00Z,21.9,41,0
6401512.033,2026-05-16T13:00:00Z,21.5,43,0
6401512.033,2026-05-16T14:00:00Z,20.7,44,0
6401512.033,2026-05-16T15:00:00Z,19.6,46,0
6401512.033,2026-05-16T16:00:00Z,18.1,51,0
6401512.033,2026-05-16T17:00:00Z,16.3,56,0
6401512.033,2026-05-16T18:00:00Z,14.7,59,0
6401512.033,2026-05-16T19:00:00Z,13.4,65,0
6401512.033,2026-05-16T20:00:00Z,12.1,72,0
6401512.033,2026-05-16T21:00:00Z,11.0,78,0
6401512.033,2026-05-16T22:00:00Z,10.0,82,0
6401512.033,2026-05-16T23:00:00Z,9.2,85,0
6401512.033,2026-05-17T00:00:00Z,8.9,88,0
6401512.033,2026-05-17T01:00:00Z,8.3,90,0
6401512.033,2026-05-17T02:00:00Z,7.9,91,0
6401512.033,2026-05-17T03:00:00Z,7.9,91,0
6401512.033,2026-05-17T04:00:00Z,9.5,86,0
6401512.033,2026-05-17T05:00:00Z,11.8,77,0
6401512.033,2026-05-17T06:00:00Z,14.0,65,0
6401512.033,2026-05-17T07:00:00Z,15.8,56,0
6401512.033,2026-05-17T08:00:00Z,17.4,50,0
6401512.033,2026-05-17T09:00:00Z,18.7,48,0
6401512.033,2026-05-17T10:00:00Z,19.9,48,0
6401512.033,2026-05-17T11:00:00Z,20.7,45,0
6401512.033,2026-05-17T12:00:00Z,20.8,43,0
6401512.033,2026-05-17T13:00:00Z,21.0,44,0
6401512.033,2026-05-17T14:00:00Z,21.1,44,0
6401512.033,2026-05-17T15:00:00Z,20.7,45,0
6401512.033,2026-05-17T16:00:00Z,19.3,58,0.1
6401512.033,2026-05-17T17:00:00Z,17.6,71,0
6401512.033,2026-05-17T18:00:00Z,16.2,72,0
6401512.033,2026-05-17T19:00:00Z,15.1,74,0
6401512.033,2026-05-17T20:00:00Z,14.8,73,0
6401512.033,2026-05-17T21:00:00Z,14.6,73,0
6401512.033,2026-05-17T22:00:00Z,13.8,80,0
6401512.033,2026-05-17T23:00:00Z,13.1,85,0
6401512.033,2026-05-18T00:00:00Z,12.8,85,0
6401512.033,2026-05-18T01:00:00Z,12.9,85,0
6401512.033,2026-05-18T02:00:00Z,12.0,91,0
6401512.033,2026-05-18T03:00:00Z,12.2,90,0
6401512.033,2026-05-18T04:00:00Z,13.6,86,0
6401512.033,2026-05-18T05:00:00Z,15.0,80,0
6401512.033,2026-05-18T06:00:00Z,14.9,79,0.5
6401512.033,2026-05-18T07:00:00Z,15.4,80,0.1
6401512.033,2026-05-18T08:00:00Z,17.5,73,0
6401512.033,2026-05-18T09:00:00Z,19.6,64,0
6401512.033,2026-05-18T10:00:00Z,20.9,59,0
6401512.033,2026-05-18T11:00:00Z,21.6,59,0
6401512.033,2026-05-18T12:00:00Z,20.2,62,0.1
6401512.033,2026-05-18T13:00:00Z,21.3,55,0.2
6401512.033,2026-05-18T14:00:00Z,20.9,56,0.2
6401512.033,2026-05-18T15:00:00Z,20.8,57,0.1
6401512.033,2026-05-18T16:00:00Z,19.8,65,0
6401512.033,2026-05-18T17:00:00Z,18.5,72,0
6401512.033,2026-05-18T18:00:00Z,16.4,81,0
6401512.033,2026-05-18T19:00:00Z,16.0,82,0
6401512.033,2026-05-18T20:00:00Z,15.4,83,0
6401512.033,2026-05-18T21:00:00Z,14.8,84,0
6401512.033,2026-05-18T22:00:00Z,14.3,86,0
6401512.033,2026-05-18T23:00:00Z,14.0,87,0
6401512.033,2026-05-19T00:00:00Z,13.1,92,0
6401512.033,2026-05-19T01:00:00Z,12.9,93,0
6401512.033,2026-05-19T02:00:00Z,12.8,94,0
6401512.033,2026-05-19T03:00:00Z,12.8,94,0
6401512.033,2026-05-19T04:00:00Z,14.0,90,0
6401512.033,2026-05-19T05:00:00Z,15.5,84,0
6401512.033,2026-05-19T06:00:00Z,16.0,85,0
6401512.033,2026-05-19T07:00:00Z,17.0,80,0.1
6401512.033,2026-05-19T08:00:00Z,17.7,77,0
6401512.033,2026-05-19T09:00:00Z,18.6,75,0.1
6401512.033,2026-05-19T10:00:00Z,20.5,68,0
6401512.033,2026-05-19T11:00:00Z,20.5,67,0.1
6401512.033,2026-05-19T12:00:00Z,21.5,61,0.5
6401512.033,2026-05-19T13:00:00Z,18.6,81,0.7
6401512.033,2026-05-19T14:00:00Z,19.9,75,0.1
6401512.033,2026-05-19T15:00:00Z,18.6,82,0.6
6401512.033,2026-05-19T16:00:00Z,18.6,83,0.1
6401512.033,2026-05-19T17:00:00Z,17.9,85,0
6401512.033,2026-05-19T18:00:00Z,17.1,85,0
6401512.033,2026-05-19T19:00:00Z,16.4,87,0
6401512.033,2026-05-19T20:00:00Z,15.7,88,0
6401512.033,2026-05-19T21:00:00Z,15.1,86,0
6401512.033,2026-05-19T22:00:00Z,14.4,87,0
6401512.033,2026-05-19T23:00:00Z,14.0,87,0
6401512.033,2026-05-20T00:00:00Z,13.5,89,0
6401512.033,2026-05-20T01:00:00Z,13.1,90,0
6401512.033,2026-05-20T02:00:00Z,12.8,91,0
6401512.033,2026-05-20T03:00:00Z,12.9,92,0
6401512.033,2026-05-20T04:00:00Z,14.2,89,0
6401512.033,2026-05-20T05:00:00Z,15.9,84,0
6401512.033,2026-05-20T06:00:00Z,17.6,74,0
6401512.033,2026-05-20T07:00:00Z,19.1,69,0
6401512.033,2026-05-20T08:00:00Z,20.1,68,0
6401512.033,2026-05-20T09:00:00Z,21.8,63,0
6401512.033,2026-05-20T10:00:00Z,21.4,66,0.2
6401512.033,2026-05-20T11:00:00Z,22.1,64,0.1
6401512.033,2026-05-20T12:00:00Z,22.6,65,0.7
6401512.033,2026-05-20T13:00:00Z,18.1,91,3.2
6401512.033,2026-05-20T14:00:00Z,17.0,94,1.5
6401512.033,2026-05-20T15:00:00Z,17.8,93,0.5
6401512.033,2026-05-20T16:00:00Z,17.8,94,0
6401512.033,2026-05-20T17:00:00Z,17.6,91,0
6401512.033,2026-05-20T18:00:00Z,17.3,91,0
6401512.033,2026-05-20T19:00:00Z,17.1,90,0
6401512.033,2026-05-20T20:00:00Z,16.7,89,0
6401512.033,2026-05-20T21:00:00Z,16.2,90,0
6401512.033,2026-05-20T22:00:00Z,16.0,91,0
6401512.033,2026-05-20T23:00:00Z,15.5,92,0
6401512.033,2026-05-21T00:00:00Z,14.9,96,0
6401512.033,2026-05-21T01:00:00Z,14.6,96,0
6401512.033,2026-05-21T02:00:00Z,14.6,96,0
6401512.033,2026-05-21T03:00:00Z,14.6,96,0
6401512.033,2026-05-21T04:00:00Z,15.9,90,0
6401512.033,2026-05-21T05:00:00Z,17.2,86,0.2
6401512.033,2026-05-21T06:00:00Z,18.1,81,3.0
6401512.033,2026-05-21T07:00:00Z,19.4,78,0
6401512.033,2026-05-21T08:00:00Z,21.1,71,0.1
6401512.033,2026-05-21T09:00:00Z,21.3,70,0.4
6401512.033,2026-05-21T10:00:00Z,19.8,83,2.1
6401512.033,2026-05-21T11:00:00Z,18.4,89,2.4
6401512.033,2026-05-21T12:00:00Z,18.4,90,0.1
6401512.033,2026-05-21T13:00:00Z,18.2,95,3.4
6401512.033,2026-05-21T14:00:00Z,18.6,95,1.2
6401512.033,2026-05-21T15:00:00Z,17.9,95,1.1
6401512.033,2026-05-21T16:00:00Z,17.9,94,0
6401512.033,2026-05-21T17:00:00Z,17.3,94,0
6401512.033,2026-05-21T18:00:00Z,16.5,93,0
6401512.033,2026-05-21T19:00:00Z,16.3,93,0
6401512.033,2026-05-21T20:00:00Z,16.0,93,0
6401512.033,2026-05-21T21:00:00Z,15.8,93,0
6401512.033,2026-05-21T22:00:00Z,15.2,92,0.1
6401512.033,2026-05-21T23:00:00Z,14.3,96,0.8
6401512.033,2026-05-22T00:00:00Z,14.9,96,0
6401512.033,2026-05-22T01:00:00Z,14.2,96,0
6401512.033,2026-05-22T02:00:00Z,13.8,95,0
6401512.033,2026-05-22T03:00:00Z,13.8,95,0
6401512.033,2026-05-22T04:00:00Z,15.0,94,0
6401512.033,2026-05-22T05:00:00Z,16.7,91,0
6401512.033,2026-05-22T06:00:00Z,18.6,84,0
6401512.033,2026-05-22T07:00:00Z,20.5,74,0
6401512.033,2026-05-22T08:00:00Z,22.3,66,0
6401512.033,2026-05-22T09:00:00Z,23.7,60,0
6401512.033,2026-05-22T10:00:00Z,24.6,57,0
6401512.033,2026-05-22T11:00:00Z,25.2,55,0
6401512.033,2026-05-22T12:00:00Z,26.7,49,0.1
6401512.033,2026-05-22T13:00:00Z,24.1,64,0.8
6401512.033,2026-05-22T14:00:00Z,21.8,82,0.9
6401512.033,2026-05-22T15:00:00Z,20.4,86,0
6401512.033,2026-05-22T16:00:00Z,18.8,90,0
6401512.033,2026-05-22T17:00:00Z,18.7,87,0
6401512.033,2026-05-22T18:00:00Z,17.7,88,0
6401512.033,2026-05-22T19:00:00Z,17.7,86,0
6401512.033,2026-05-22T20:00:00Z,17.6,85,0
6401512.033,2026-05-22T21:00:00Z,18.4,78,0
6401512.033,2026-05-22T22:00:00Z,18.2,75,0
6401512.033,2026-05-22T23:00:00Z,18.5,73,0
6401512.033,2026-05-23T00:00:00Z,16.1,89,0
6401512.033,2026-05-23T01:00:00Z,15.4,92,0
6401512.033,2026-05-23T02:00:00Z,15.2,92,0
6401512.033,2026-05-23T03:00:00Z,15.4,89,0
6401512.033,2026-05-23T04:00:00Z,16.5,84,0
6401512.033,2026-05-23T05:00:00Z,17.6,79,0
6401512.033,2026-05-23T06:00:00Z,18.7,72,0
6401512.033,2026-05-23T07:00:00Z,20.1,68,0
6401512.033,2026-05-23T08:00:00Z,21.6,64,0
6401512.033,2026-05-23T09:00:00Z,22.7,61,0
6401512.033,2026-05-23T10:00:00Z,23.4,59,0
6401512.033,2026-05-23T11:00:00Z,23.9,57,0
6401512.033,2026-05-23T12:00:00Z,23.3,57,0
6401512.033,2026-05-23T13:00:00Z,22.2,61,0.2
6401512.033,2026-05-23T14:00:00Z,22.5,60,0.1
6401512.033,2026-05-23T15:00:00Z,22.0,63,0
6401512.033,2026-05-23T16:00:00Z,21.3,68,0
6401512.033,2026-05-23T17:00:00Z,20.0,73,0
6401512.033,2026-05-23T18:00:00Z,18.9,75,0
6401512.033,2026-05-23T19:00:00Z,17.7,78,0
6401512.033,2026-05-23T20:00:00Z,17.0,74,0
6401512.033,2026-05-23T21:00:00Z,16.5,68,0
6401512.033,2026-05-23T22:00:00Z,16.0,66,0
6401512.033,2026-05-23T23:00:00Z,15.4,67,0
6401512.033,2026-05-24T00:00:00Z,14.8,72,0
6401512.033,2026-05-24T01:00:00Z,14.0,76,0
6401512.033,2026-05-24T02:00:00Z,13.1,79,0
6401512.033,2026-05-24T03:00:00Z,12.9,80,0
6401512.033,2026-05-24T04:00:00Z,14.3,78,0
6401512.033,2026-05-24T05:00:00Z,16.1,72,0
6401512.033,2026-05-24T06:00:00Z,18.0,67,0
6401512.033,2026-05-24T07:00:00Z,19.8,60,0
6401512.033,2026-05-24T08:00:00Z,21.3,46,0
6401512.033,2026-05-24T09:00:00Z,22.0,44,0
6401512.033,2026-05-24T10:00:00Z,22.5,40,0
6401512.033,2026-05-24T11:00:00Z,22.7,40,0
6401512.033,2026-05-24T12:00:00Z,23.3,39,0
6401512.033,2026-05-24T13:00:00Z,23.2,38,0
6401512.033,2026-05-24T14:00:00Z,22.7,42,0
6401512.033,2026-05-24T15:00:00Z,22.5,45,0
6401512.033,2026-05-24T16:00:00Z,21.2,55,0
6401512.033,2026-05-24T17:00:00Z,19.4,60,0
6401512.033,2026-05-24T18:00:00Z,17.4,65,0
6401512.033,2026-05-24T19:00:00Z,16.1,69,0
6401512.033,2026-05-24T20:00:00Z,15.6,66,0
6401512.033,2026-05-24T21:00:00Z,14.6,67,0
6401512.033,2026-05-24T22:00:00Z,14.1,68,0
6401512.033,2026-05-24T23:00:00Z,13.8,68,0
6401512.033,2026-05-25T00:00:00Z,13.0,77,0
6401512.033,2026-05-25T01:00:00Z,12.7,78,0
6401512.033,2026-05-25T02:00:00Z,12.6,79,0
6401512.033,2026-05-25T03:00:00Z,12.7,80,0
6401512.033,2026-05-25T04:00:00Z,14.3,79,0
6401512.033,2026-05-25T05:00:00Z,16.5,76,0
6401512.033,2026-05-25T06:00:00Z,18.4,71,0
6401512.033,2026-05-25T07:00:00Z,20.2,69,0
6401512.033,2026-05-25T08:00:00Z,22.1,64,0
6401512.033,2026-05-25T09:00:00Z,23.5,60,0
6401512.033,2026-05-25T10:00:00Z,22.9,62,0.4
6401512.033,2026-05-25T11:00:00Z,23.5,56,0.1
6401512.033,2026-05-25T12:00:00Z,24.8,45,0
6401512.033,2026-05-25T13:00:00Z,24.6,40,0
6401512.033,2026-05-25T14:00:00Z,23.8,43,0
6401512.033,2026-05-25T15:00:00Z,22.9,45,0
6401512.033,2026-05-25T16:00:00Z,21.7,47,0
6401512.033,2026-05-25T17:00:00Z,20.0,50,0
6401512.033,2026-05-25T18:00:00Z,19.3,49,0
6401512.033,2026-05-25T19:00:00Z,18.4,52,0
6401512.033,2026-05-25T20:00:00Z,17.2,58,0
6401512.033,2026-05-25T21:00:00Z,16.8,59,0
6401512.033,2026-05-25T22:00:00Z,16.3,60,0
6401512.033,2026-05-25T23:00:00Z,15.8,62,0
6401512.033,2026-05-26T00:00:00Z,14.8,66,0
6401512.033,2026-05-26T01:00:00Z,14.1,67,0
6401512.033,2026-05-26T02:00:00Z,13.6,67,0
6401512.033,2026-05-26T03:00:00Z,13.6,70,0
6401512.033,2026-05-26T04:00:00Z,14.8,72,0
6401512.033,2026-05-26T05:00:00Z,16.7,71,0
6401512.033,2026-05-26T06:00:00Z,18.7,65,0
6401512.033,2026-05-26T07:00:00Z,20.1,58,0
6401512.033,2026-05-26T08:00:00Z,21.6,52,0
6401512.033,2026-05-26T09:00:00Z,22.9,47,0
6401512.033,2026-05-26T10:00:00Z,23.9,47,0
6401512.033,2026-05-26T11:00:00Z,24.8,46,0
6401512.033,2026-05-26T12:00:00Z,25.9,44,0
6401512.033,2026-05-26T13:00:00Z,26.1,43,0
6401512.033,2026-05-26T14:00:00Z,25.9,45,0
6401512.033,2026-05-26T15:00:00Z,25.5,48,0
6401512.033,2026-05-26T16:00:00Z,24.2,45,0
6401512.033,2026-05-26T17:00:00Z,22.4,44,0
6401512.033,2026-05-26T18:00:00Z,21.2,43,0
6401512.033,2026-05-26T19:00:00Z,20.0,48,0
6401512.033,2026-05-26T20:00:00Z,19.2,52,0
6401512.033,2026-05-26T21:00:00Z,18.5,55,0
6401512.033,2026-05-26T22:00:00Z,17.8,58,0
6401512.033,2026-05-26T23:00:00Z,17.5,59,0
6401512.033,2026-05-27T00:00:00Z,16.7,64,0
6401512.033,2026-05-27T01:00:00Z,16.3,66,0
6401512.033,2026-05-27T02:00:00Z,16.0,68,0
6401512.033,2026-05-27T03:00:00Z,16.2,69,0
6401512.033,2026-05-27T04:00:00Z,17.3,69,0
6401512.033,2026-05-27T05:00:00Z,19.1,67,0
6401512.033,2026-05-27T06:00:00Z,20.8,62,0
6401512.033,2026-05-27T07:00:00Z,22.5,57,0
6401512.033,2026-05-27T08:00:00Z,24.1,52,0
6401512.033,2026-05-27T09:00:00Z,25.3,47,0
6401512.033,2026-05-27T10:00:00Z,26.2,45,0
6401512.033,2026-05-27T11:00:00Z,27.0,44,0
6401512.033,2026-05-27T12:00:00Z,27.6,38,0
6401512.033,2026-05-27T13:00:00Z,28.1,36,0
6401512.033,2026-05-27T14:00:00Z,24.0,55,0
6401512.033,2026-05-27T15:00:00Z,23.1,66,0.1
6401512.033,2026-05-27T16:00:00Z,23.7,57,0
6401512.033,2026-05-27T17:00:00Z,19.7,68,0.4
6401512.033,2026-05-27T18:00:00Z,19.1,69,0
6401512.033,2026-05-27T19:00:00Z,16.8,87,0.9
6401512.033,2026-05-27T20:00:00Z,16.3,92,0.1
6401512.033,2026-05-27T21:00:00Z,15.3,94,0
6401512.033,2026-05-27T22:00:00Z,14.7,94,0
6401512.033,2026-05-27T23:00:00Z,14.3,95,0
6401512.033,2026-05-28T00:00:00Z,14.8,76,0
6401512.033,2026-05-28T01:00:00Z,14.1,72,0
6401512.033,2026-05-28T02:00:00Z,11.8,78,0
6401512.033,2026-05-28T03:00:00Z,11.6,80,0
6401512.033,2026-05-28T04:00:00Z,13.1,78,0
6401512.033,2026-05-28T05:00:00Z,14.5,70,0
6401512.033,2026-05-28T06:00:00Z,15.7,65,0
6401512.033,2026-05-28T07:00:00Z,17.1,51,0
6401512.033,2026-05-28T08:00:00Z,17.8,41,0
6401512.033,2026-05-28T09:00:00Z,18.1,39,0
6401512.033,2026-05-28T10:00:00Z,18.2,37,0
6401512.033,2026-05-28T11:00:00Z,18.2,35,0
6401512.033,2026-05-28T12:00:00Z,18.2,34,0
6401512.033,2026-05-28T13:00:00Z,17.9,36,0
6401512.033,2026-05-28T14:00:00Z,17.5,37,0
6401512.033,2026-05-28T15:00:00Z,17.2,38,0
6401512.033,2026-05-28T16:00:00Z,16.5,43,0
6401512.033,2026-05-28T17:00:00Z,15.3,45,0
6401512.033,2026-05-28T18:00:00Z,14.1,46,0
6401512.033,2026-05-28T19:00:00Z,12.8,51,0
6401512.033,2026-05-28T20:00:00Z,11.9,54,0
6401512.033,2026-05-28T21:00:00Z,10.7,60,0
6401512.033,2026-05-28T22:00:00Z,10.2,61,0
6401512.033,2026-05-28T23:00:00Z,10.1,60,0
6401512.033,2026-05-29T00:00:00Z,9.0,66,0
6401512.033,2026-05-29T01:00:00Z,8.4,69,0
6401512.033,2026-05-29T02:00:00Z,8.1,71,0
6401512.033,2026-05-29T03:00:00Z,8.3,73,0
6401512.033,2026-05-29T04:00:00Z,9.7,73,0
6401512.033,2026-05-29T05:00:00Z,11.3,70,0
6401512.033,2026-05-29T06:00:00Z,13.1,64,0
6401512.033,2026-05-29T07:00:00Z,14.4,56,0
6401512.033,2026-05-29T08:00:00Z,15.0,48,0
6401512.033,2026-05-29T09:00:00Z,15.7,47,0
6401512.033,2026-05-29T10:00:00Z,16.2,47,0
6401512.033,2026-05-29T11:00:00Z,16.4,47,0
6401512.033,2026-05-29T12:00:00Z,17.0,42,0
6401512.033,2026-05-29T13:00:00Z,16.8,37,0
6401512.033,2026-05-29T14:00:00Z,16.6,38,0
6401512.033,2026-05-29T15:00:00Z,16.3,41,0
6401512.033,2026-05-29T16:00:00Z,15.7,44,0
6401512.033,2026-05-29T17:00:00Z,14.0,50,0.1
6401512.033,2026-05-29T18:00:00Z,13.3,48,0
6401512.033,2026-05-29T19:00:00Z,12.4,50,0
6401512.033,2026-05-29T20:00:00Z,12.0,54,0
6401512.033,2026-05-29T21:00:00Z,11.4,56,0
6401512.033,2026-05-29T22:00:00Z,10.5,61,0
6401512.033,2026-05-29T23:00:00Z,9.8,64,0
6401512.033,2026-05-30T00:00:00Z,9.9,64,0
6401512.033,2026-05-30T01:00:00Z,10.5,66,0
6401512.033,2026-05-30T02:00:00Z,10.4,70,0
6401512.033,2026-05-30T03:00:00Z,10.7,73,0.1
6401512.033,2026-05-30T04:00:00Z,10.8,79,0.3
6401512.033,2026-05-30T05:00:00Z,10.4,91,1.0
6401512.033,2026-05-30T06:00:00Z,10.4,92,0.4
6401512.033,2026-05-30T07:00:00Z,10.9,86,0.3
6401512.033,2026-05-30T08:00:00Z,11.3,86,0.4
6401512.033,2026-05-30T09:00:00Z,13.8,69,0.4
6401512.033,2026-05-30T10:00:00Z,9.8,91,3.6
6401512.033,2026-05-30T11:00:00Z,12.9,68,0.2
6401512.033,2026-05-30T12:00:00Z,14.9,55,0.2
6401512.033,2026-05-30T13:00:00Z,15.6,54,0
6401512.033,2026-05-30T14:00:00Z,16.0,48,0
6401512.033,2026-05-30T15:00:00Z,15.9,48,0
6401512.033,2026-05-30T16:00:00Z,15.6,53,0
6401512.033,2026-05-30T17:00:00Z,14.0,64,0
6401512.033,2026-05-30T18:00:00Z,12.6,67,0
6401512.033,2026-05-30T19:00:00Z,12.1,67,0
6401512.033,2026-05-30T20:00:00Z,11.1,73,0
6401512.033,2026-05-30T21:00:00Z,11.5,73,0
6401512.033,2026-05-30T22:00:00Z,11.6,73,0
6401512.033,2026-05-30T23:00:00Z,10.6,77,0
6401512.033,2026-05-31T00:00:00Z,10.9,86,0
6401512.033,2026-05-31T01:00:00Z,9.4,91,0
6401512.033,2026-05-31T02:00:00Z,8.9,92,0
6401512.033,2026-05-31T03:00:00Z,9.2,94,0
6401512.033,2026-05-31T04:00:00Z,11.6,90,0
6401512.033,2026-05-31T05:00:00Z,13.2,85,0
6401512.033,2026-05-31T06:00:00Z,14.6,80,0
6401512.033,2026-05-31T07:00:00Z,16.1,73,0
6401512.033,2026-05-31T08:00:00Z,17.5,64,0.1
6401512.033,2026-05-31T09:00:00Z,18.2,59,0.1
6401512.033,2026-05-31T10:00:00Z,18.3,60,0.1
6401512.033,2026-05-31T11:00:00Z,18.2,61,0.2
6401512.033,2026-05-31T12:00:00Z,18.8,52,0.1
6401512.033,2026-05-31T13:00:00Z,18.8,52,0
6401512.033,2026-05-31T14:00:00Z,18.7,53,0
6401512.033,2026-05-31T15:00:00Z,18.4,54,0
6401512.033,2026-05-31T16:00:00Z,17.6,61,0
6401512.033,2026-05-31T17:00:00Z,16.4,67,0
6401512.033,2026-05-31T18:00:00Z,15.4,74,0
6401512.033,2026-05-31T19:00:00Z,14.9,76,0
6401512.033,2026-05-31T20:00:00Z,14.2,79,0
6401512.033,2026-05-31T21:00:00Z,14.0,82,0.1
6401512.033,2026-05-31T22:00:00Z,13.3,89,0
6401512.033,2026-05-31T23:00:00Z,13.1,93,0.3
6401512.033,2026-06-01T00:00:00Z,12.8,86,0.6
6401512.033,2026-06-01T01:00:00Z,12.6,87,0
6401512.033,2026-06-01T02:00:00Z,12.4,89,0
6401512.033,2026-06-01T03:00:00Z,12.3,92,0
6401512.033,2026-06-01T04:00:00Z,12.9,89,0
6401512.033,2026-06-01T05:00:00Z,13.9,82,0
6401512.033,2026-06-01T06:00:00Z,14.0,83,0
6401512.033,2026-06-01T07:00:00Z,14.6,79,0
6401512.033,2026-06-01T08:00:00Z,14.8,79,0
6401512.033,2026-06-01T09:00:00Z,16.4,70,0.1
6401512.033,2026-06-01T10:00:00Z,17.5,64,0.2
6401512.033,2026-06-01T11:00:00Z,18.5,60,0.1
6401512.033,2026-06-01T12:00:00Z,19.0,55,0
6401512.033,2026-06-01T13:00:00Z,19.2,53,0
6401512.033,2026-06-01T14:00:00Z,19.1,53,0
6401512.033,2026-06-01T15:00:00Z,19.1,52,0
6401512.033,2026-06-01T16:00:00Z,18.5,57,0
6401512.033,2026-06-01T17:00:00Z,17.0,68,0
6401512.033,2026-06-01T18:00:00Z,15.7,67,0
6401512.033,2026-06-01T19:00:00Z,14.7,68,0
6401512.033,2026-06-01T20:00:00Z,14.8,69,0
6401512.033,2026-06-01T21:00:00Z,14.0,84,0
6401512.033,2026-06-01T22:00:00Z,13.0,92,0
6401512.033,2026-06-01T23:00:00Z,12.3,95,0
6401512.033,2026-06-02T00:00:00Z,12.1,95,0
6401512.033,2026-06-02T01:00:00Z,11.5,96,0
6401512.033,2026-06-02T02:00:00Z,11.5,95,0
6401512.033,2026-06-02T03:00:00Z,12.0,92,0
6401512.033,2026-06-02T04:00:00Z,12.7,89,0
6401512.033,2026-06-02T05:00:00Z,12.8,91,0
6401512.033,2026-06-02T06:00:00Z,13.3,92,0.3
6401512.033,2026-06-02T07:00:00Z,13.5,94,0.5
6401512.033,2026-06-02T08:00:00Z,14.0,96,0.6
6401512.033,2026-06-02T09:00:00Z,13.9,95,1.8
6401512.033,2026-06-02T10:00:00Z,14.1,95,2.0
6401512.033,2026-06-02T11:00:00Z,14.1,94,1.1
6401512.033,2026-06-02T12:00:00Z,13.6,95,0.5
6401512.033,2026-06-02T13:00:00Z,14.1,95,1.4
6401512.033,2026-06-02T14:00:00Z,13.5,96,1.8
6401512.033,2026-06-02T15:00:00Z,13.5,96,2.4
6401512.033,2026-06-02T16:00:00Z,13.3,96,3.7
6401512.033,2026-06-02T17:00:00Z,13.1,96,4.7
6401512.033,2026-06-02T18:00:00Z,13.1,96,4.9
6401512.033,2026-06-02T19:00:00Z,13.3,97,2.1
6401512.033,2026-06-02T20:00:00Z,13.4,97,2.3
6401512.033,2026-06-02T21:00:00Z,13.5,97,2.1
6401512.033,2026-06-02T22:00:00Z,13.6,98,2.5
6401512.033,2026-06-02T23:00:00Z,13.7,98,2.6
6401512.033,2026-06-03T00:00:00Z,13.5,98,2.1
6401512.033,2026-06-03T01:00:00Z,13.5,98,0.5
6401512.033,2026-06-03T02:00:00Z,13.5,98,0.9
6401512.033,2026-06-03T03:00:00Z,13.4,98,0.7
6401512.033,2026-06-03T04:00:00Z,13.5,98,1.2
6401512.033,2026-06-03T05:00:00Z,13.7,98,0.5
6401512.033,2026-06-03T06:00:00Z,13.1,97,0.3
6401512.033,2026-06-03T07:00:00Z,13.7,94,0.1
6401512.033,2026-06-03T08:00:00Z,14.4,91,0
6401512.033,2026-06-03T09:00:00Z,15.3,88,0.1
6401512.033,2026-06-03T10:00:00Z,16.4,84,0.1
6401512.033,2026-06-03T11:00:00Z,17.1,81,0.1
6401512.033,2026-06-03T12:00:00Z,17.1,79,0
6401512.033,2026-06-03T13:00:00Z,17.5,77,0
6401512.033,2026-06-03T14:00:00Z,17.7,76,0
6401512.033,2026-06-03T15:00:00Z,17.5,77,0
6401512.033,2026-06-03T16:00:00Z,17.6,77,0
6401512.033,2026-06-03T17:00:00Z,17.1,80,0
6401512.033,2026-06-03T18:00:00Z,16.2,85,0
6401512.033,2026-06-03T19:00:00Z,14.9,91,0
6401512.033,2026-06-03T20:00:00Z,14.3,92,0
6401512.033,2026-06-03T21:00:00Z,13.9,93,0
6401512.033,2026-06-03T22:00:00Z,13.3,94,0
6401512.033,2026-06-03T23:00:00Z,12.9,95,0
6401512.033,2026-06-04T00:00:00Z,13.4,98,0
6401512.033,2026-06-04T01:00:00Z,13.3,98,0
6401512.033,2026-06-04T02:00:00Z,13.7,99,0
6401512.033,2026-06-04T03:00:00Z,14.3,99,0
6401512.033,2026-06-04T04:00:00Z,15.0,97,0
6401512.033,2026-06-04T05:00:00Z,15.7,95,0
6401512.033,2026-06-04T06:00:00Z,16.2,90,0
6401512.033,2026-06-04T07:00:00Z,17.1,83,0
6401512.033,2026-06-04T08:00:00Z,18.3,79,0.1
6401512.033,2026-06-04T09:00:00Z,19.5,75,0.1
6401512.033,2026-06-04T10:00:00Z,20.0,74,0.1
6401512.033,2026-06-04T11:00:00Z,20.4,72,0.1
6401512.033,2026-06-04T12:00:00Z,22.0,68,0.1
6401512.033,2026-06-04T13:00:00Z,22.4,68,0
6401512.033,2026-06-04T14:00:00Z,22.4,68,0
6401512.033,2026-06-04T15:00:00Z,22.2,69,0
6401512.033,2026-06-04T16:00:00Z,21.6,73,0.1
6401512.033,2026-06-04T17:00:00Z,20.4,80,0
6401512.033,2026-06-04T18:00:00Z,19.3,78,0
6401512.033,2026-06-04T19:00:00Z,18.4,82,0
6401512.033,2026-06-04T20:00:00Z,17.2,88,0
6401512.033,2026-06-04T21:00:00Z,16.6,90,0
6401512.033,2026-06-04T22:00:00Z,16.0,92,0
6401512.033,2026-06-04T23:00:00Z,15.1,95,0
6401512.033,2026-06-05T00:00:00Z,14.6,97,0
6401512.033,2026-06-05T01:00:00Z,13.9,98,0
6401512.033,2026-06-05T02:00:00Z,13.5,99,0
6401512.033,2026-06-05T03:00:00Z,13.9,99,0
6401512.033,2026-06-05T04:00:00Z,15.6,94,0
6401512.033,2026-06-05T05:00:00Z,17.6,87,0
6401512.033,2026-06-05T06:00:00Z,19.3,78,0
6401512.033,2026-06-05T07:00:00Z,20.8,71,0
6401512.033,2026-06-05T08:00:00Z,22.1,65,0
6401512.033,2026-06-05T09:00:00Z,23.1,63,0
6401512.033,2026-06-05T10:00:00Z,24.0,58,0
6401512.033,2026-06-05T11:00:00Z,24.4,58,0.1
6401512.033,2026-06-05T12:00:00Z,24.9,54,0
6401512.033,2026-06-05T13:00:00Z,24.9,55,0
6401512.033,2026-06-05T14:00:00Z,24.8,56,0
6401512.033,2026-06-05T15:00:00Z,24.5,59,0
6401512.033,2026-06-05T16:00:00Z,23.8,67,0
6401512.033,2026-06-05T17:00:00Z,22.3,75,0
6401512.033,2026-06-05T18:00:00Z,20.9,79,0
6401512.033,2026-06-05T19:00:00Z,20.0,82,0
6401512.033,2026-06-05T20:00:00Z,19.5,84,0
6401512.033,2026-06-05T21:00:00Z,18.9,85,0
6401512.033,2026-06-05T22:00:00Z,18.3,87,0.1
6401512.033,2026-06-05T23:00:00Z,17.5,91,0.7
6401512.033,2026-06-06T00:00:00Z,17.4,90,0.2
6401512.033,2026-06-06T01:00:00Z,16.6,95,0
6401512.033,2026-06-06T02:00:00Z,16.1,96,0.1
6401512.033,2026-06-06T03:00:00Z,16.1,96,0.2
6401512.033,2026-06-06T04:00:00Z,17.3,95,1.1
6401512.033,2026-06-06T05:00:00Z,17.7,97,6.6
6401512.033,2026-06-06T06:00:00Z,19.6,93,0.2
6401512.033,2026-06-06T07:00:00Z,20.9,88,0
6401512.033,2026-06-06T08:00:00Z,23.0,79,0
6401512.033,2026-06-06T09:00:00Z,24.2,73,0.1
6401512.033,2026-06-06T10:00:00Z,25.0,69,0.1
6401512.033,2026-06-06T11:00:00Z,24.7,65,0.1
6401512.033,2026-06-06T12:00:00Z,24.5,69,0.4
6401512.033,2026-06-06T13:00:00Z,21.6,83,1.1
6401512.033,2026-06-06T14:00:00Z,20.5,92,3.5
6401512.033,2026-06-06T15:00:00Z,19.9,94,0.9
6401512.033,2026-06-06T16:00:00Z,20.2,93,0.2
6401512.033,2026-06-06T17:00:00Z,19.9,95,0
6401512.033,2026-06-06T18:00:00Z,19.6,93,0
6401512.033,2026-06-06T19:00:00Z,18.7,98,0.6
6401512.033,2026-06-06T20:00:00Z,18.1,98,0.2
6401512.033,2026-06-06T21:00:00Z,17.7,99,0.4
6401512.033,2026-06-06T22:00:00Z,17.3,100,0.6
6401512.033,2026-06-06T23:00:00Z,17.0,100,0
6401512.033,2026-06-07T00:00:00Z,17.0,100,0
6401512.033,2026-06-07T01:00:00Z,16.5,100,0
6401512.033,2026-06-07T02:00:00Z,16.2,100,0.3
6401512.033,2026-06-07T03:00:00Z,16.3,99,0.2
6401512.033,2026-06-07T04:00:00Z,16.7,98,0.1
6401512.033,2026-06-07T05:00:00Z,17.4,95,0
6401512.033,2026-06-07T06:00:00Z,16.8,98,0
6401512.033,2026-06-07T07:00:00Z,17.7,98,1.8
6401512.033,2026-06-07T08:00:00Z,17.7,94,2.5
6401512.033,2026-06-07T09:00:00Z,17.8,95,1.9
6401512.033,2026-06-07T10:00:00Z,17.5,92,2.7
6401512.033,2026-06-07T11:00:00Z,17.7,94,1.7
6401512.033,2026-06-07T12:00:00Z,17.9,94,0.7
6401512.033,2026-06-07T13:00:00Z,18.1,99,1.3
6401512.033,2026-06-07T14:00:00Z,18.0,95,0.5
6401512.033,2026-06-07T15:00:00Z,17.8,94,0.4
6401512.033,2026-06-07T16:00:00Z,17.3,96,0.5
6401512.033,2026-06-07T17:00:00Z,17.1,96,0.1
6401512.033,2026-06-07T18:00:00Z,17.1,95,0.2
6401512.033,2026-06-07T19:00:00Z,16.9,95,0
6401512.033,2026-06-07T20:00:00Z,16.5,95,0
6401512.033,2026-06-07T21:00:00Z,16.2,94,0
6401512.033,2026-06-07T22:00:00Z,15.9,92,0
6401512.033,2026-06-07T23:00:00Z,15.5,91,0
6401512.033,2026-06-08T00:00:00Z,15.2,92,0
6401512.033,2026-06-08T01:00:00Z,15.0,92,0
6401512.033,2026-06-08T02:00:00Z,14.8,91,0
6401512.033,2026-06-08T03:00:00Z,15.0,91,0
6401512.033,2026-06-08T04:00:00Z,16.1,87,0
6401512.033,2026-06-08T05:00:00Z,17.4,81,0
6401512.033,2026-06-08T06:00:00Z,19.1,75,0
6401512.033,2026-06-08T07:00:00Z,20.6,66,0
6401512.033,2026-06-08T08:00:00Z,21.6,57,0
6401512.033,2026-06-08T09:00:00Z,22.4,53,0
6401512.033,2026-06-08T10:00:00Z,22.9,51,0
6401512.033,2026-06-08T11:00:00Z,23.3,50,0
6401512.033,2026-06-08T12:00:00Z,24.0,45,0
6401512.033,2026-06-08T13:00:00Z,23.8,46,0
6401512.033,2026-06-08T14:00:00Z,23.7,47,0
6401512.033,2026-06-08T15:00:00Z,23.2,52,0
6401512.033,2026-06-08T16:00:00Z,22.3,59,0
6401512.033,2026-06-08T17:00:00Z,20.7,68,0
6401512.033,2026-06-08T18:00:00Z,19.4,68,0
6401512.033,2026-06-08T19:00:00Z,18.6,71,0
6401512.033,2026-06-08T20:00:00Z,17.8,74,0
6401512.033,2026-06-08T21:00:00Z,17.2,77,0
6401512.033,2026-06-08T22:00:00Z,16.4,80,0
6401512.033,2026-06-08T23:00:00Z,15.9,82,0
6401512.033,2026-06-09T00:00:00Z,15.6,82,0
6401512.033,2026-06-09T01:00:00Z,14.7,87,0
6401512.033,2026-06-09T02:00:00Z,14.1,90,0
6401512.033,2026-06-09T03:00:00Z,14.6,89,0
6401512.033,2026-06-09T04:00:00Z,16.2,87,0
6401512.033,2026-06-09T05:00:00Z,18.0,81,0
6401512.033,2026-06-09T06:00:00Z,19.9,75,0
6401512.033,2026-06-09T07:00:00Z,21.5,69,0
6401512.033,2026-06-09T08:00:00Z,22.8,61,0
6401512.033,2026-06-09T09:00:00Z,23.7,54,0
6401512.033,2026-06-09T10:00:00Z,23.9,50,0
6401512.033,2026-06-09T11:00:00Z,24.0,49,0.1
6401512.033,2026-06-09T12:00:00Z,24.3,49,0.1
6401512.033,2026-06-09T13:00:00Z,24.3,49,0.1
6401512.033,2026-06-09T14:00:00Z,24.2,50,0
6401512.033,2026-06-09T15:00:00Z,23.9,52,0
6401512.033,2026-06-09T16:00:00Z,23.2,60,0
6401512.033,2026-06-09T17:00:00Z,21.7,75,0
6401512.033,2026-06-09T18:00:00Z,21.0,64,0
6401512.033,2026-06-09T19:00:00Z,20.0,66,0
6401512.033,2026-06-09T20:00:00Z,18.9,69,0
6401512.033,2026-06-09T21:00:00Z,17.7,75,0
6401512.033,2026-06-09T22:00:00Z,17.0,79,0
6401512.033,2026-06-09T23:00:00Z,16.6,81,0
6401512.033,2026-06-10T00:00:00Z,15.5,86,0
6401512.033,2026-06-10T01:00:00Z,15.1,87,0
6401512.033,2026-06-10T02:00:00Z,15.0,88,0
6401512.033,2026-06-10T03:00:00Z,15.7,86,0
6401512.033,2026-06-10T04:00:00Z,17.2,86,0
6401512.033,2026-06-10T05:00:00Z,19.6,78,0
6401512.033,2026-06-10T06:00:00Z,21.3,70,0
6401512.033,2026-06-10T07:00:00Z,22.9,63,0
6401512.033,2026-06-10T08:00:00Z,24.1,56,0
6401512.033,2026-06-10T09:00:00Z,24.7,50,0
6401512.033,2026-06-10T10:00:00Z,25.2,48,0
6401512.033,2026-06-10T11:00:00Z,25.5,48,0
6401512.033,2026-06-10T12:00:00Z,26.3,42,0
6401512.033,2026-06-10T13:00:00Z,26.2,43,0
6401512.033,2026-06-10T14:00:00Z,26.0,44,0
6401512.033,2026-06-10T15:00:00Z,25.7,46,0
6401512.033,2026-06-10T16:00:00Z,25.0,53,0
6401512.033,2026-06-10T17:00:00Z,23.2,70,0
6401512.033,2026-06-10T18:00:00Z,21.4,70,0
6401512.033,2026-06-10T19:00:00Z,20.6,72,0
6401512.033,2026-06-10T20:00:00Z,20.0,74,0
6401512.033,2026-06-10T21:00:00Z,19.6,75,0
6401512.033,2026-06-10T22:00:00Z,18.9,77,0
6401512.033,2026-06-10T23:00:00Z,18.1,79,0
6401512.033,2026-06-11T00:00:00Z,17.3,75,0
6401512.033,2026-06-11T01:00:00Z,16.4,79,0
6401512.033,2026-06-11T02:00:00Z,15.7,82,0
6401512.033,2026-06-11T03:00:00Z,16.0,87,0
6401512.033,2026-06-11T04:00:00Z,18.0,83,0
6401512.033,2026-06-11T05:00:00Z,20.4,76,0
6401512.033,2026-06-11T06:00:00Z,22.5,67,0
6401512.033,2026-06-11T07:00:00Z,24.0,62,0
6401512.033,2026-06-11T08:00:00Z,25.3,60,0
6401512.033,2026-06-11T09:00:00Z,26.1,52,0.1
6401512.033,2026-06-11T10:00:00Z,26.6,48,0
6401512.033,2026-06-11T11:00:00Z,26.8,47,0
6401512.033,2026-06-11T12:00:00Z,27.4,45,0
6401512.033,2026-06-11T13:00:00Z,27.3,46,0
6401512.033,2026-06-11T14:00:00Z,26.9,46,0
6401512.033,2026-06-11T15:00:00Z,26.6,49,0
6401512.033,2026-06-11T16:00:00Z,25.8,61,0
6401512.033,2026-06-11T17:00:00Z,24.0,69,0
6401512.033,2026-06-11T18:00:00Z,22.7,68,0
6401512.033,2026-06-11T19:00:00Z,22.5,71,0
6401512.033,2026-06-11T20:00:00Z,21.1,75,0
6401512.033,2026-06-11T21:00:00Z,19.9,80,0
6401512.033,2026-06-11T22:00:00Z,18.2,89,0.6
6401512.033,2026-06-11T23:00:00Z,17.7,92,0.2
6401512.033,2026-06-12T00:00:00Z,17.4,97,0
6401512.033,2026-06-12T01:00:00Z,17.2,98,0
6401512.033,2026-06-12T02:00:00Z,16.9,98,0
6401512.033,2026-06-12T03:00:00Z,17.2,98,0
6401512.033,2026-06-12T04:00:00Z,18.1,96,0
6401512.033,2026-06-12T05:00:00Z,19.2,91,0
6401512.033,2026-06-12T06:00:00Z,19.1,89,0
6401512.033,2026-06-12T07:00:00Z,19.8,85,0
6401512.033,2026-06-12T08:00:00Z,18.9,89,0.7
6401512.033,2026-06-12T09:00:00Z,17.9,96,1.1
6401512.033,2026-06-12T10:00:00Z,19.3,85,0.5
6401512.033,2026-06-12T11:00:00Z,18.3,83,0.3
6401512.033,2026-06-12T12:00:00Z,15.6,85,0.1
6401512.033,2026-06-12T13:00:00Z,14.8,88,0.5
6401512.033,2026-06-12T14:00:00Z,14.6,87,0.3
6401512.033,2026-06-12T15:00:00Z,15.3,76,0
6401512.033,2026-06-12T16:00:00Z,14.9,72,0
6401512.033,2026-06-12T17:00:00Z,14.0,75,0
6401512.033,2026-06-12T18:00:00Z,13.1,80,0
6401512.033,2026-06-12T19:00:00Z,12.6,82,0
6401512.033,2026-06-12T20:00:00Z,12.4,83,0
6401512.033,2026-06-12T21:00:00Z,12.1,83,0
6401512.033,2026-06-12T22:00:00Z,12.6,78,0
6401512.033,2026-06-12T23:00:00Z,12.4,77,0
6401512.033,2026-06-13T00:00:00Z,12.0,78,0
6401512.033,2026-06-13T01:00:00Z,11.2,80,0
6401512.033,2026-06-13T02:00:00Z,10.4,83,0
6401512.033,2026-06-13T03:00:00Z,10.1,85,0
6401512.033,2026-06-13T04:00:00Z,11.1,83,0
6401512.033,2026-06-13T05:00:00Z,12.5,78,0
6401512.033,2026-06-13T06:00:00Z,13.8,75,0
6401512.033,2026-06-13T07:00:00Z,15.4,69,0
6401512.033,2026-06-13T08:00:00Z,16.9,63,0
6401512.033,2026-06-13T09:00:00Z,18.2,59,0
6401512.033,2026-06-13T10:00:00Z,19.3,55,0
6401512.033,2026-06-13T11:00:00Z,20.4,49,0
6401512.033,2026-06-13T12:00:00Z,21.0,47,0
6401512.033,2026-06-13T13:00:00Z,21.1,45,0
6401512.033,2026-06-13T14:00:00Z,21.1,44,0
6401512.033,2026-06-13T15:00:00Z,20.7,46,0
6401512.033,2026-06-13T16:00:00Z,19.9,55,0
6401512.033,2026-06-13T17:00:00Z,18.5,63,0
6401512.033,2026-06-13T18:00:00Z,16.8,64,0
6401512.033,2026-06-13T19:00:00Z,16.2,66,0
6401512.033,2026-06-13T20:00:00Z,15.4,69,0
6401512.033,2026-06-13T21:00:00Z,14.9,71,0
6401512.033,2026-06-13T22:00:00Z,14.2,75,0
6401512.033,2026-06-13T23:00:00Z,13.8,77,0
6401512.033,2026-06-14T00:00:00Z,12.9,81,0
6401512.033,2026-06-14T01:00:00Z,12.1,85,0
6401512.033,2026-06-14T02:00:00Z,11.4,89,0
6401512.033,2026-06-14T03:00:00Z,12.7,84,0
6401512.033,2026-06-14T04:00:00Z,15.6,74,0
6401512.033,2026-06-14T05:00:00Z,17.3,71,0
6401512.033,2026-06-14T06:00:00Z,18.3,71,0
6401512.033,2026-06-14T07:00:00Z,20.1,66,0
6401512.033,2026-06-14T08:00:00Z,21.5,58,0.1
6401512.033,2026-06-14T09:00:00Z,21.0,63,0.7
6401512.033,2026-06-14T10:00:00Z,22.2,62,0.3
6401512.033,2026-06-14T11:00:00Z,23.0,59,0
6401512.033,2026-06-14T12:00:00Z,22.9,54,0.1
6401512.033,2026-06-14T13:00:00Z,21.4,63,0.3
6401512.033,2026-06-14T14:00:00Z,22.1,58,0
6401512.033,2026-06-14T15:00:00Z,22.1,57,0
6401512.033,2026-06-14T16:00:00Z,21.6,63,0
6401512.033,2026-06-14T17:00:00Z,20.2,73,0
6401512.033,2026-06-14T18:00:00Z,18.7,73,0
6401512.033,2026-06-14T19:00:00Z,18.3,72,0
6401512.033,2026-06-14T20:00:00Z,17.9,73,0
6401512.033,2026-06-14T21:00:00Z,16.9,77,0
6401512.033,2026-06-14T22:00:00Z,16.6,76,0
6401512.033,2026-06-14T23:00:00Z,17.6,67,0
6401512.033,2026-06-15T00:00:00Z,14.2,90,0
6401512.033,2026-06-15T01:00:00Z,13.4,93,0
6401512.033,2026-06-15T02:00:00Z,12.7,95,0
6401512.033,2026-06-15T03:00:00Z,12.8,95,0
6401512.033,2026-06-15T04:00:00Z,14.0,89,0
6401512.033,2026-06-15T05:00:00Z,14.7,85,0
6401512.033,2026-06-15T06:00:00Z,15.7,76,0
6401512.033,2026-06-15T07:00:00Z,16.9,70,0
6401512.033,2026-06-15T08:00:00Z,18.0,63,0
6401512.033,2026-06-15T09:00:00Z,18.7,59,0
6401512.033,2026-06-15T10:00:00Z,19.2,58,0.1
6401512.033,2026-06-15T11:00:00Z,20.0,55,0.1
6401512.033,2026-06-15T12:00:00Z,20.4,50,0.1
6401512.033,2026-06-15T13:00:00Z,20.4,50,0
6401512.033,2026-06-15T14:00:00Z,20.6,49,0
6401512.033,2026-06-15T15:00:00Z,20.4,50,0
6401512.033,2026-06-15T16:00:00Z,19.9,55,0
6401512.033,2026-06-15T17:00:00Z,18.7,68,0
6401512.033,2026-06-15T18:00:00Z,17.2,66,0
6401512.033,2026-06-15T19:00:00Z,16.2,69,0
6401512.033,2026-06-15T20:00:00Z,15.5,70,0
6401512.033,2026-06-15T21:00:00Z,15.1,71,0
6401512.033,2026-06-15T22:00:00Z,14.6,72,0
6401512.033,2026-06-15T23:00:00Z,13.6,77,0
6401512.033,2026-06-16T00:00:00Z,12.8,82,0
6401512.033,2026-06-16T01:00:00Z,11.9,86,0
6401512.033,2026-06-16T02:00:00Z,11.2,88,0
6401512.033,2026-06-16T03:00:00Z,11.5,88,0
6401512.033,2026-06-16T04:00:00Z,13.5,83,0
6401512.033,2026-06-16T05:00:00Z,15.6,76,0
6401512.033,2026-06-16T06:00:00Z,17.3,70,0
6401512.033,2026-06-16T07:00:00Z,18.7,62,0
6401512.033,2026-06-16T08:00:00Z,19.7,59,0
6401512.033,2026-06-16T09:00:00Z,20.7,58,0
6401512.033,2026-06-16T10:00:00Z,20.9,54,0.1
6401512.033,2026-06-16T11:00:00Z,21.4,50,0
6401512.033,2026-06-16T12:00:00Z,22.0,44,0
6401512.033,2026-06-16T13:00:00Z,22.0,45,0
6401512.033,2026-06-16T14:00:00Z,21.8,46,0
6401512.033,2026-06-16T15:00:00Z,21.3,49,0
6401512.033,2026-06-16T16:00:00Z,20.7,58,0
6401512.033,2026-06-16T17:00:00Z,19.7,70,0
6401512.033,2026-06-16T18:00:00Z,18.6,69,0
6401512.033,2026-06-16T19:00:00Z,17.6,71,0
6401512.033,2026-06-16T20:00:00Z,16.1,78,0
6401512.033,2026-06-16T21:00:00Z,15.1,83,0
6401512.033,2026-06-16T22:00:00Z,14.7,84,0
6401512.033,2026-06-16T23:00:00Z,14.3,85,0
6401512.033,2026-06-17T00:00:00Z,13.3,84,0
6401512.033,2026-06-17T01:00:00Z,13.2,79,0
6401512.033,2026-06-17T02:00:00Z,13.1,77,0
6401512.033,2026-06-17T03:00:00Z,14.2,75,0
6401512.033,2026-06-17T04:00:00Z,17.0,71,0
6401512.033,2026-06-17T05:00:00Z,19.6,67,0
6401512.033,2026-06-17T06:00:00Z,21.4,61,0
6401512.033,2026-06-17T07:00:00Z,22.9,56,0
6401512.033,2026-06-17T08:00:00Z,23.8,47,0
6401512.033,2026-06-17T09:00:00Z,24.0,44,0
6401512.033,2026-06-17T10:00:00Z,24.1,45,0
6401512.033,2026-06-17T11:00:00Z,24.6,46,0
6401512.033,2026-06-17T12:00:00Z,25.0,43,0
6401512.033,2026-06-17T13:00:00Z,24.1,44,0
6401512.033,2026-06-17T14:00:00Z,21.9,56,0.2
6401512.033,2026-06-17T15:00:00Z,21.9,56,0
6401512.033,2026-06-17T16:00:00Z,21.3,62,0
6401512.033,2026-06-17T17:00:00Z,20.3,73,0
6401512.033,2026-06-17T18:00:00Z,18.8,72,0
6401512.033,2026-06-17T19:00:00Z,18.2,72,0
6401512.033,2026-06-17T20:00:00Z,17.5,74,0
6401512.033,2026-06-17T21:00:00Z,17.1,76,0
6401512.033,2026-06-17T22:00:00Z,16.3,81,0
6401512.033,2026-06-17T23:00:00Z,16.1,82,0
6401512.033,2026-06-18T00:00:00Z,15.1,93,0
6401512.033,2026-06-18T01:00:00Z,14.8,96,0
6401512.033,2026-06-18T02:00:00Z,14.3,97,0
6401512.033,2026-06-18T03:00:00Z,14.1,98,0
6401512.033,2026-06-18T04:00:00Z,14.9,95,0
6401512.033,2026-06-18T05:00:00Z,16.4,86,0
6401512.033,2026-06-18T06:00:00Z,17.9,79,0
6401512.033,2026-06-18T07:00:00Z,19.6,67,0
6401512.033,2026-06-18T08:00:00Z,20.9,52,0
6401512.033,2026-06-18T09:00:00Z,21.7,48,0
6401512.033,2026-06-18T10:00:00Z,22.2,46,0
6401512.033,2026-06-18T11:00:00Z,22.4,46,0
6401512.033,2026-06-18T12:00:00Z,23.0,40,0
6401512.033,2026-06-18T13:00:00Z,22.6,41,0
6401512.033,2026-06-18T14:00:00Z,22.4,42,0
6401512.033,2026-06-18T15:00:00Z,22.4,43,0
6401512.033,2026-06-18T16:00:00Z,21.6,50,0
6401512.033,2026-06-18T17:00:00Z,20.2,57,0
6401512.033,2026-06-18T18:00:00Z,18.8,56,0
6401512.033,2026-06-18T19:00:00Z,17.5,59,0
6401512.033,2026-06-18T20:00:00Z,16.2,68,0
6401512.033,2026-06-18T21:00:00Z,15.4,72,0
6401512.033,2026-06-18T22:00:00Z,14.5,76,0
6401512.033,2026-06-18T23:00:00Z,13.8,79,0
6401512.033,2026-06-19T00:00:00Z,12.9,85,0
6401512.033,2026-06-19T01:00:00Z,12.3,87,0
6401512.033,2026-06-19T02:00:00Z,12.0,88,0
6401512.033,2026-06-19T03:00:00Z,12.7,85,0
6401512.033,2026-06-19T04:00:00Z,14.8,78,0
6401512.033,2026-06-19T05:00:00Z,17.2,73,0
6401512.033,2026-06-19T06:00:00Z,19.0,66,0
6401512.033,2026-06-19T07:00:00Z,21.0,61,0
6401512.033,2026-06-19T08:00:00Z,22.6,55,0
6401512.033,2026-06-19T09:00:00Z,23.7,51,0
6401512.033,2026-06-19T10:00:00Z,24.6,46,0
6401512.033,2026-06-19T11:00:00Z,25.4,42,0
6401512.033,2026-06-19T12:00:00Z,25.9,40,0
6401512.033,2026-06-19T13:00:00Z,26.0,41,0
6401512.033,2026-06-19T14:00:00Z,25.5,43,0
6401512.033,2026-06-19T15:00:00Z,25.1,46,0
6401512.033,2026-06-19T16:00:00Z,24.4,56,0
6401512.033,2026-06-19T17:00:00Z,22.9,67,0
6401512.033,2026-06-19T18:00:00Z,20.9,69,0
6401512.033,2026-06-19T19:00:00Z,19.7,72,0
6401512.033,2026-06-19T20:00:00Z,19.0,75,0
6401512.033,2026-06-19T21:00:00Z,18.2,77,0
6401512.033,2026-06-19T22:00:00Z,17.6,79,0
6401512.033,2026-06-19T23:00:00Z,16.8,82,0
6401512.033,2026-06-20T00:00:00Z,16.1,85,0
6401512.033,2026-06-20T01:00:00Z,15.6,85,0
6401512.033,2026-06-20T02:00:00Z,15.2,87,0
6401512.033,2026-06-20T03:00:00Z,15.8,85,0
6401512.033,2026-06-20T04:00:00Z,18.0,80,0
6401512.033,2026-06-20T05:00:00Z,20.4,74,0
6401512.033,2026-06-20T06:00:00Z,22.2,69,0
6401512.033,2026-06-20T07:00:00Z,24.0,64,0
6401512.033,2026-06-20T08:00:00Z,25.0,59,0.1
6401512.033,2026-06-20T09:00:00Z,25.4,57,0.2
6401512.033,2026-06-20T10:00:00Z,25.7,54,0.3
6401512.033,2026-06-20T11:00:00Z,26.1,55,0.3
6401512.033,2026-06-20T12:00:00Z,27.6,52,0
6401512.033,2026-06-20T13:00:00Z,26.9,53,0.1
6401512.033,2026-06-20T14:00:00Z,26.9,49,0.1
6401512.033,2026-06-20T15:00:00Z,26.7,49,0
6401512.033,2026-06-20T16:00:00Z,25.6,56,0
6401512.033,2026-06-20T17:00:00Z,24.2,64,0
6401512.033,2026-06-20T18:00:00Z,23.1,64,0
6401512.033,2026-06-20T19:00:00Z,21.8,67,0
6401512.033,2026-06-20T20:00:00Z,21.1,68,0
6401512.033,2026-06-20T21:00:00Z,19.8,70,0
6401512.033,2026-06-20T22:00:00Z,18.7,73,0
6401512.033,2026-06-20T23:00:00Z,18.2,72,0
6401512.033,2026-06-21T00:00:00Z,17.5,75,0
6401512.033,2026-06-21T01:00:00Z,16.1,80,0
6401512.033,2026-06-21T02:00:00Z,15.2,84,0
6401512.033,2026-06-21T03:00:00Z,15.7,82,0
6401512.033,2026-06-21T04:00:00Z,17.6,77,0
6401512.033,2026-06-21T05:00:00Z,19.4,71,0
6401512.033,2026-06-21T06:00:00Z,21.5,66,0
6401512.033,2026-06-21T07:00:00Z,23.5,60,0
6401512.033,2026-06-21T08:00:00Z,25.0,52,0
6401512.033,2026-06-21T09:00:00Z,26.0,45,0
6401512.033,2026-06-21T10:00:00Z,26.8,41,0
6401512.033,2026-06-21T11:00:00Z,26.9,40,0
6401512.033,2026-06-21T12:00:00Z,26.8,39,0
6401512.033,2026-06-21T13:00:00Z,27.0,39,0
6401512.033,2026-06-21T14:00:00Z,26.8,40,0
6401512.033,2026-06-21T15:00:00Z,26.5,43,0
6401512.033,2026-06-21T16:00:00Z,26.0,54,0
6401512.033,2026-06-21T17:00:00Z,24.7,69,0
6401512.033,2026-06-21T18:00:00Z,22.7,65,0
6401512.033,2026-06-21T19:00:00Z,21.0,71,0
6401512.033,2026-06-21T20:00:00Z,19.7,74,0
6401512.033,2026-06-21T21:00:00Z,18.9,75,0
6401512.033,2026-06-21T22:00:00Z,18.4,76,0
6401512.033,2026-06-21T23:00:00Z,17.8,78,0
6401512.033,2026-06-22T00:00:00Z,16.8,83,0
6401512.033,2026-06-22T01:00:00Z,16.1,85,0
6401512.033,2026-06-22T02:00:00Z,15.6,86,0
6401512.033,2026-06-22T03:00:00Z,16.2,86,0
6401512.033,2026-06-22T04:00:00Z,18.3,81,0
6401512.033,2026-06-22T05:00:00Z,20.9,73,0
6401512.033,2026-06-22T06:00:00Z,22.8,66,0
6401512.033,2026-06-22T07:00:00Z,24.4,60,0
6401512.033,2026-06-22T08:00:00Z,25.8,54,0
6401512.033,2026-06-22T09:00:00Z,26.7,50,0
6401512.033,2026-06-22T10:00:00Z,27.4,47,0
6401512.033,2026-06-22T11:00:00Z,27.7,46,0
6401512.033,2026-06-22T12:00:00Z,28.1,43,0
6401512.033,2026-06-22T13:00:00Z,27.9,43,0
6401512.033,2026-06-22T14:00:00Z,28.0,41,0
6401512.033,2026-06-22T15:00:00Z,28.0,41,0
6401512.033,2026-06-22T16:00:00Z,27.0,58,0
6401512.033,2026-06-22T17:00:00Z,25.5,69,0
6401512.033,2026-06-22T18:00:00Z,23.4,71,0
6401512.033,2026-06-22T19:00:00Z,22.1,72,0
6401512.033,2026-06-22T20:00:00Z,21.5,68,0
6401512.033,2026-06-22T21:00:00Z,20.7,69,0
6401512.033,2026-06-22T22:00:00Z,19.8,73,0
6401512.033,2026-06-22T23:00:00Z,19.0,77,0
6401512.033,2026-06-23T00:00:00Z,17.5,85,0
6401512.033,2026-06-23T01:00:00Z,16.9,87,0
6401512.033,2026-06-23T02:00:00Z,16.5,88,0
6401512.033,2026-06-23T03:00:00Z,17.4,84,0
6401512.033,2026-06-23T04:00:00Z,19.9,75,0
6401512.033,2026-06-23T05:00:00Z,22.1,70,0
6401512.033,2026-06-23T06:00:00Z,23.2,66,0
6401512.033,2026-06-23T07:00:00Z,24.7,61,0
6401512.033,2026-06-23T08:00:00Z,26.0,57,0
6401512.033,2026-06-23T09:00:00Z,27.1,51,0
6401512.033,2026-06-23T10:00:00Z,27.6,48,0
6401512.033,2026-06-23T11:00:00Z,27.7,48,0
6401512.033,2026-06-23T12:00:00Z,26.1,63,0.9
6401512.033,2026-06-23T13:00:00Z,23.9,75,1.1
6401512.033,2026-06-23T14:00:00Z,25.7,66,0.1
6401512.033,2026-06-23T15:00:00Z,25.5,63,0
6401512.033,2026-06-23T16:00:00Z,24.2,67,0
6401512.033,2026-06-23T17:00:00Z,21.9,83,0.2
6401512.033,2026-06-23T18:00:00Z,20.0,96,0
6401512.033,2026-06-23T19:00:00Z,19.9,96,0
6401512.033,2026-06-23T20:00:00Z,19.4,97,0
6401512.033,2026-06-23T21:00:00Z,19.1,97,0
6401512.033,2026-06-23T22:00:00Z,18.9,97,0
6401512.033,2026-06-23T23:00:00Z,18.7,98,0
6401512.033,2026-06-24T00:00:00Z,18.1,99,0
6401512.033,2026-06-24T01:00:00Z,17.9,99,0
6401512.033,2026-06-24T02:00:00Z,17.8,100,0
6401512.033,2026-06-24T03:00:00Z,18.3,99,0
6401512.033,2026-06-24T04:00:00Z,18.7,98,0
6401512.033,2026-06-24T05:00:00Z,20.4,90,0.1
6401512.033,2026-06-24T06:00:00Z,22.5,82,0
6401512.033,2026-06-24T07:00:00Z,24.2,75,0
6401512.033,2026-06-24T08:00:00Z,25.8,68,0
6401512.033,2026-06-24T09:00:00Z,26.8,62,0
6401512.033,2026-06-24T10:00:00Z,27.5,57,0.1
6401512.033,2026-06-24T11:00:00Z,28.0,53,0
6401512.033,2026-06-24T12:00:00Z,26.2,62,0
6401512.033,2026-06-24T13:00:00Z,28.1,42,0.2
6401512.033,2026-06-24T14:00:00Z,28.2,40,0
6401512.033,2026-06-24T15:00:00Z,27.7,41,0
6401512.033,2026-06-24T16:00:00Z,26.6,49,0
6401512.033,2026-06-24T17:00:00Z,24.9,58,0
6401512.033,2026-06-24T18:00:00Z,23.5,58,0
6401512.033,2026-06-24T19:00:00Z,22.4,61,0
6401512.033,2026-06-24T20:00:00Z,21.4,65,0
6401512.033,2026-06-24T21:00:00Z,20.6,68,0
6401512.033,2026-06-24T22:00:00Z,20.0,69,0
6401512.033,2026-06-24T23:00:00Z,19.5,70,0
6401512.033,2026-06-25T00:00:00Z,17.9,75,0
6401512.033,2026-06-25T01:00:00Z,17.0,79,0
6401512.033,2026-06-25T02:00:00Z,16.3,83,0
6401512.033,2026-06-25T03:00:00Z,16.6,82,0
6401512.033,2026-06-25T04:00:00Z,18.5,76,0
6401512.033,2026-06-25T05:00:00Z,20.7,70,0
6401512.033,2026-06-25T06:00:00Z,22.9,62,0
6401512.033,2026-06-25T07:00:00Z,24.8,56,0
6401512.033,2026-06-25T08:00:00Z,26.5,48,0
6401512.033,2026-06-25T09:00:00Z,27.6,40,0
6401512.033,2026-06-25T10:00:00Z,28.2,37,0
6401512.033,2026-06-25T11:00:00Z,28.2,38,0
6401512.033,2026-06-25T12:00:00Z,28.7,36,0
6401512.033,2026-06-25T13:00:00Z,28.4,37,0
6401512.033,2026-06-25T14:00:00Z,28.3,38,0
6401512.033,2026-06-25T15:00:00Z,27.9,40,0
6401512.033,2026-06-25T16:00:00Z,27.0,47,0
6401512.033,2026-06-25T17:00:00Z,25.6,63,0
6401512.033,2026-06-25T18:00:00Z,23.7,56,0
6401512.033,2026-06-25T19:00:00Z,22.5,59,0
6401512.033,2026-06-25T20:00:00Z,21.4,66,0
6401512.033,2026-06-25T21:00:00Z,20.6,68,0
6401512.033,2026-06-25T22:00:00Z,19.6,71,0
6401512.033,2026-06-25T23:00:00Z,19.0,74,0
6401512.033,2026-06-26T00:00:00Z,17.9,80,0
6401512.033,2026-06-26T01:00:00Z,17.3,83,0
6401512.033,2026-06-26T02:00:00Z,16.9,85,0
6401512.033,2026-06-26T03:00:00Z,17.3,84,0
6401512.033,2026-06-26T04:00:00Z,19.1,80,0
6401512.033,2026-06-26T05:00:00Z,21.3,74,0
6401512.033,2026-06-26T06:00:00Z,23.4,67,0
6401512.033,2026-06-26T07:00:00Z,25.4,59,0
6401512.033,2026-06-26T08:00:00Z,26.8,52,0
6401512.033,2026-06-26T09:00:00Z,27.4,46,0
6401512.033,2026-06-26T10:00:00Z,28.2,42,0
6401512.033,2026-06-26T11:00:00Z,28.5,41,0.2
6401512.033,2026-06-26T12:00:00Z,29.1,39,0.2
6401512.033,2026-06-26T13:00:00Z,28.5,42,0.2
6401512.033,2026-06-26T14:00:00Z,28.6,41,0.1
6401512.033,2026-06-26T15:00:00Z,27.5,46,0.1
6401512.033,2026-06-26T16:00:00Z,24.4,69,0.2
6401512.033,2026-06-26T17:00:00Z,24.2,73,0
6401512.033,2026-06-26T18:00:00Z,23.4,73,0
6401512.033,2026-06-26T19:00:00Z,22.2,74,0
6401512.033,2026-06-26T20:00:00Z,21.1,76,0
6401512.033,2026-06-26T21:00:00Z,20.0,81,0
6401512.033,2026-06-26T22:00:00Z,19.3,84,0
6401512.033,2026-06-26T23:00:00Z,18.5,86,0
6401512.033,2026-06-27T00:00:00Z,17.2,94,0
6401512.033,2026-06-27T01:00:00Z,16.4,94,0
6401512.033,2026-06-27T02:00:00Z,15.8,95,0
6401512.033,2026-06-27T03:00:00Z,16.1,95,0
6401512.033,2026-06-27T04:00:00Z,17.6,92,0
6401512.033,2026-06-27T05:00:00Z,19.9,77,0
6401512.033,2026-06-27T06:00:00Z,22.1,65,0
6401512.033,2026-06-27T07:00:00Z,23.9,57,0
6401512.033,2026-06-27T08:00:00Z,25.2,48,0
6401512.033,2026-06-27T09:00:00Z,26.1,46,0
6401512.033,2026-06-27T10:00:00Z,26.7,44,0
6401512.033,2026-06-27T11:00:00Z,27.3,43,0
6401512.033,2026-06-27T12:00:00Z,28.5,37,0
6401512.033,2026-06-27T13:00:00Z,28.3,37,0
6401512.033,2026-06-27T14:00:00Z,28.1,38,0
6401512.033,2026-06-27T15:00:00Z,27.4,40,0
6401512.033,2026-06-27T16:00:00Z,27.1,45,0
6401512.033,2026-06-27T17:00:00Z,25.4,60,0
6401512.033,2026-06-27T18:00:00Z,23.4,61,0
6401512.033,2026-06-27T19:00:00Z,22.9,55,0
6401512.033,2026-06-27T20:00:00Z,22.3,58,0
6401512.033,2026-06-27T21:00:00Z,21.6,62,0
6401512.033,2026-06-27T22:00:00Z,21.1,64,0
6401512.033,2026-06-27T23:00:00Z,20.6,66,0
6401512.033,2026-06-28T00:00:00Z,19.4,73,0
6401512.033,2026-06-28T01:00:00Z,19.1,74,0
6401512.033,2026-06-28T02:00:00Z,18.9,75,0
6401512.033,2026-06-28T03:00:00Z,19.2,75,0
6401512.033,2026-06-28T04:00:00Z,20.7,73,0
6401512.033,2026-06-28T05:00:00Z,22.5,71,0
6401512.033,2026-06-28T06:00:00Z,24.7,65,0
6401512.033,2026-06-28T07:00:00Z,26.9,59,0
6401512.033,2026-06-28T08:00:00Z,28.7,53,0
6401512.033,2026-06-28T09:00:00Z,30.0,47,0
6401512.033,2026-06-28T10:00:00Z,30.9,44,0
6401512.033,2026-06-28T11:00:00Z,31.7,41,0
6401512.033,2026-06-28T12:00:00Z,32.2,40,0
6401512.033,2026-06-28T13:00:00Z,32.3,40,0
6401512.033,2026-06-28T14:00:00Z,32.1,41,0
6401512.033,2026-06-28T15:00:00Z,31.6,44,0
6401512.033,2026-06-28T16:00:00Z,30.6,52,0
6401512.033,2026-06-28T17:00:00Z,29.0,61,0
6401512.033,2026-06-28T18:00:00Z,27.4,57,0
6401512.033,2026-06-28T19:00:00Z,26.0,63,0
6401512.033,2026-06-28T20:00:00Z,24.6,69,0
6401512.033,2026-06-28T21:00:00Z,23.8,72,0
6401512.033,2026-06-28T22:00:00Z,23.2,74,0
6401512.033,2026-06-28T23:00:00Z,22.6,75,0
6401512.033,2026-06-29T00:00:00Z,20.5,85,0
6401512.033,2026-06-29T01:00:00Z,20.2,85,0
6401512.033,2026-06-29T02:00:00Z,19.5,87,0
6401512.033,2026-06-29T03:00:00Z,19.8,87,0
6401512.033,2026-06-29T04:00:00Z,21.9,83,0
6401512.033,2026-06-29T05:00:00Z,24.3,75,0
6401512.033,2026-06-29T06:00:00Z,26.5,68,0
6401512.033,2026-06-29T07:00:00Z,28.6,61,0
6401512.033,2026-06-29T08:00:00Z,30.4,55,0
6401512.033,2026-06-29T09:00:00Z,31.7,50,0
6401512.033,2026-06-29T10:00:00Z,32.6,46,0
6401512.033,2026-06-29T11:00:00Z,33.3,43,0
6401512.033,2026-06-29T12:00:00Z,34.0,40,0
6401512.033,2026-06-29T13:00:00Z,33.9,41,0
6401512.033,2026-06-29T14:00:00Z,33.9,40,0
6401512.033,2026-06-29T15:00:00Z,33.5,41,0
6401512.033,2026-06-29T16:00:00Z,32.3,50,0
6401512.033,2026-06-29T17:00:00Z,30.5,58,0
6401512.033,2026-06-29T18:00:00Z,28.8,59,0
6401512.033,2026-06-29T19:00:00Z,27.6,65,0
6401512.033,2026-06-29T20:00:00Z,26.7,70,0
6401512.033,2026-06-29T21:00:00Z,25.6,77,0
6401512.033,2026-06-29T22:00:00Z,24.4,82,0
6401512.033,2026-06-29T23:00:00Z,24.1,81,0
6401512.033,2026-06-30T00:00:00Z,23.1,83,0
6401512.033,2026-06-30T01:00:00Z,22.3,85,0
6401512.033,2026-06-30T02:00:00Z,22.2,82,0
6401512.033,2026-06-30T03:00:00Z,22.4,81,0
6401512.033,2026-06-30T04:00:00Z,23.5,80,0
6401512.033,2026-06-30T05:00:00Z,25.7,75,0
6401512.033,2026-06-30T06:00:00Z,27.4,68,0
6401512.033,2026-06-30T07:00:00Z,29.6,61,0
6401512.033,2026-06-30T08:00:00Z,31.6,56,0
6401512.033,2026-06-30T09:00:00Z,33.0,52,0
6401512.033,2026-06-30T10:00:00Z,33.0,51,0.2
6401512.033,2026-06-30T11:00:00Z,33.7,45,0
6401512.033,2026-06-30T12:00:00Z,34.6,38,0
6401512.033,2026-06-30T13:00:00Z,34.1,39,0
6401512.033,2026-06-30T14:00:00Z,33.3,42,0
6401512.033,2026-06-30T15:00:00Z,32.5,45,0
6401512.033,2026-06-30T16:00:00Z,31.6,48,0
6401512.033,2026-06-30T17:00:00Z,30.1,52,0
6401512.033,2026-06-30T18:00:00Z,29.1,52,0
6401512.033,2026-06-30T19:00:00Z,28.1,55,0
6401512.033,2026-06-30T20:00:00Z,26.6,61,0
6401512.033,2026-06-30T21:00:00Z,25.5,66,0
6401512.033,2026-06-30T22:00:00Z,24.5,70,0
6401512.033,2026-06-30T23:00:00Z,23.5,74,0
6401512.033,2026-07-01T00:00:00Z,22.5,75,0
6401512.033,2026-07-01T01:00:00Z,21.8,76,0
6401512.033,2026-07-01T02:00:00Z,21.0,79,0
6401512.033,2026-07-01T03:00:00Z,21.0,80,0
6401512.033,2026-07-01T04:00:00Z,22.5,77,0
6401512.033,2026-07-01T05:00:00Z,24.1,71,0
6401512.033,2026-07-01T06:00:00Z,25.7,66,0
6401512.033,2026-07-01T07:00:00Z,27.3,58,0
6401512.033,2026-07-01T08:00:00Z,28.4,52,0
6401512.033,2026-07-01T09:00:00Z,29.3,50,0
6401512.033,2026-07-01T10:00:00Z,30.1,49,0
6401512.033,2026-07-01T11:00:00Z,30.7,47,0
6401512.033,2026-07-01T12:00:00Z,31.4,39,0
6401512.033,2026-07-01T13:00:00Z,31.5,39,0
6401512.033,2026-07-01T14:00:00Z,31.5,39,0
6401512.033,2026-07-01T15:00:00Z,31.3,40,0
6401512.033,2026-07-01T16:00:00Z,30.6,47,0
6401512.033,2026-07-01T17:00:00Z,29.1,55,0
6401512.033,2026-07-01T18:00:00Z,27.6,46,0
6401512.033,2026-07-01T19:00:00Z,26.4,45,0
6401512.033,2026-07-01T20:00:00Z,25.3,49,0
6401512.033,2026-07-01T21:00:00Z,24.5,53,0
6401512.033,2026-07-01T22:00:00Z,23.4,60,0
6401512.033,2026-07-01T23:00:00Z,22.6,66,0
6401512.033,2026-07-02T00:00:00Z,22.3,67,0
6401512.033,2026-07-02T01:00:00Z,21.7,68,0
6401512.033,2026-07-02T02:00:00Z,20.9,71,0
6401512.033,2026-07-02T03:00:00Z,20.9,73,0
6401512.033,2026-07-02T04:00:00Z,22.3,72,0
6401512.033,2026-07-02T05:00:00Z,24.2,67,0
6401512.033,2026-07-02T06:00:00Z,26.0,62,0
6401512.033,2026-07-02T07:00:00Z,27.8,58,0
6401512.033,2026-07-02T08:00:00Z,29.4,52,0
6401512.033,2026-07-02T09:00:00Z,29.9,44,0
6401512.033,2026-07-02T10:00:00Z,30.4,42,0.1
6401512.033,2026-07-02T11:00:00Z,30.6,41,0.1
6401512.033,2026-07-02T12:00:00Z,31.6,37,0
6401512.033,2026-07-02T13:00:00Z,31.3,37,0
6401512.033,2026-07-02T14:00:00Z,31.3,37,0
6401512.033,2026-07-02T15:00:00Z,30.8,38,0
6401512.033,2026-07-02T16:00:00Z,29.9,44,0
6401512.033,2026-07-02T17:00:00Z,28.7,58,0
6401512.033,2026-07-02T18:00:00Z,26.9,55,0
6401512.033,2026-07-02T19:00:00Z,25.6,53,0
6401512.033,2026-07-02T20:00:00Z,24.5,59,0
6401512.033,2026-07-02T21:00:00Z,23.6,66,0
6401512.033,2026-07-02T22:00:00Z,23.0,67,0
6401512.033,2026-07-02T23:00:00Z,22.7,66,0
6401512.033,2026-07-03T00:00:00Z,21.6,68,0
6401512.033,2026-07-03T01:00:00Z,20.7,75,0
6401512.033,2026-07-03T02:00:00Z,20.4,79,0
6401512.033,2026-07-03T03:00:00Z,20.6,82,0
6401512.033,2026-07-03T04:00:00Z,21.8,81,0
6401512.033,2026-07-03T05:00:00Z,23.3,77,0
6401512.033,2026-07-03T06:00:00Z,24.6,72,0
6401512.033,2026-07-03T07:00:00Z,25.8,67,0
6401512.033,2026-07-03T08:00:00Z,27.0,62,0
6401512.033,2026-07-03T09:00:00Z,28.0,58,0
6401512.033,2026-07-03T10:00:00Z,28.2,55,0
6401512.033,2026-07-03T11:00:00Z,28.2,55,0
6401512.033,2026-07-03T12:00:00Z,28.3,52,0.4
6401512.033,2026-07-03T13:00:00Z,28.3,54,0
6401512.033,2026-07-03T14:00:00Z,27.2,58,0
6401512.033,2026-07-03T15:00:00Z,25.8,65,0
6401512.033,2026-07-03T16:00:00Z,24.5,72,0.6
6401512.033,2026-07-03T17:00:00Z,23.4,74,0
6401512.033,2026-07-03T18:00:00Z,23.3,72,0
6401512.033,2026-07-03T19:00:00Z,22.2,74,0
6401512.033,2026-07-03T20:00:00Z,21.6,68,0
6401512.033,2026-07-03T21:00:00Z,20.7,62,0
6401512.033,2026-07-03T22:00:00Z,20.3,61,0
6401512.033,2026-07-03T23:00:00Z,19.0,73,0
6401512.033,2026-07-04T00:00:00Z,17.9,83,0
6401512.033,2026-07-04T01:00:00Z,17.7,90,0
6401512.033,2026-07-04T02:00:00Z,17.8,89,0
6401512.033,2026-07-04T03:00:00Z,17.6,85,0
6401512.033,2026-07-04T04:00:00Z,18.2,81,0
6401512.033,2026-07-04T05:00:00Z,19.4,72,0
6401512.033,2026-07-04T06:00:00Z,20.4,61,0
6401512.033,2026-07-04T07:00:00Z,21.4,54,0
6401512.033,2026-07-04T08:00:00Z,22.3,47,0
6401512.033,2026-07-04T09:00:00Z,22.9,43,0
6401512.033,2026-07-04T10:00:00Z,23.3,40,0
6401512.033,2026-07-04T11:00:00Z,23.3,36,0
6401512.033,2026-07-04T12:00:00Z,23.9,36,0
6401512.033,2026-07-04T13:00:00Z,23.6,35,0
6401512.033,2026-07-04T14:00:00Z,23.5,34,0
6401512.033,2026-07-04T15:00:00Z,22.3,37,0
6401512.033,2026-07-04T16:00:00Z,21.8,39,0
6401512.033,2026-07-04T17:00:00Z,20.7,44,0
6401512.033,2026-07-04T18:00:00Z,19.7,46,0
6401512.033,2026-07-04T19:00:00Z,18.8,49,0
6401512.033,2026-07-04T20:00:00Z,17.9,53,0
6401512.033,2026-07-04T21:00:00Z,17.1,57,0
6401512.033,2026-07-04T22:00:00Z,16.5,60,0
6401512.033,2026-07-04T23:00:00Z,16.0,62,0
6401512.033,2026-07-05T00:00:00Z,14.7,66,0
6401512.033,2026-07-05T01:00:00Z,14.4,68,0
6401512.033,2026-07-05T02:00:00Z,14.0,71,0
6401512.033,2026-07-05T03:00:00Z,14.1,73,0
6401512.033,2026-07-05T04:00:00Z,15.4,72,0
6401512.033,2026-07-05T05:00:00Z,16.9,66,0
6401512.033,2026-07-05T06:00:00Z,18.6,62,0
6401512.033,2026-07-05T07:00:00Z,19.7,56,0.1
6401512.033,2026-07-05T08:00:00Z,20.5,53,0.1
6401512.033,2026-07-05T09:00:00Z,21.6,46,0.1
6401512.033,2026-07-05T10:00:00Z,22.4,42,0.1
6401512.033,2026-07-05T11:00:00Z,22.9,40,0
6401512.033,2026-07-05T12:00:00Z,23.6,40,0
6401512.033,2026-07-05T13:00:00Z,23.5,40,0
6401512.033,2026-07-05T14:00:00Z,23.7,38,0
6401512.033,2026-07-05T15:00:00Z,23.5,36,0
6401512.033,2026-07-05T16:00:00Z,23.1,38,0
6401512.033,2026-07-05T17:00:00Z,21.8,46,0
6401512.033,2026-07-05T18:00:00Z,19.7,52,0
6401512.033,2026-07-05T19:00:00Z,18.8,56,0
6401512.033,2026-07-05T20:00:00Z,18.4,58,0
6401512.033,2026-07-05T21:00:00Z,17.8,60,0
6401512.033,2026-07-05T22:00:00Z,17.2,64,0
6401512.033,2026-07-05T23:00:00Z,16.4,70,0
6401512.033,2026-07-06T00:00:00Z,16.1,67,0
6401512.033,2026-07-06T01:00:00Z,15.1,73,0
6401512.033,2026-07-06T02:00:00Z,14.6,76,0
6401512.033,2026-07-06T03:00:00Z,14.8,78,0
6401512.033,2026-07-06T04:00:00Z,16.7,74,0
6401512.033,2026-07-06T05:00:00Z,18.4,69,0
6401512.033,2026-07-06T06:00:00Z,20.8,60,0
6401512.033,2026-07-06T07:00:00Z,21.6,57,0.1
6401512.033,2026-07-06T08:00:00Z,22.0,57,0
6401512.033,2026-07-06T09:00:00Z,23.1,50,0
6401512.033,2026-07-06T10:00:00Z,23.4,48,0.1
6401512.033,2026-07-06T11:00:00Z,24.2,42,0
6401512.033,2026-07-06T12:00:00Z,25.1,35,0
6401512.033,2026-07-06T13:00:00Z,25.1,33,0
6401512.033,2026-07-06T14:00:00Z,25.0,33,0
6401512.033,2026-07-06T15:00:00Z,24.7,33,0
6401512.033,2026-07-06T16:00:00Z,23.9,34,0
6401512.033,2026-07-06T17:00:00Z,22.4,39,0
6401512.033,2026-07-06T18:00:00Z,20.3,43,0
6401512.033,2026-07-06T19:00:00Z,19.2,45,0
6401512.033,2026-07-06T20:00:00Z,18.7,46,0
6401512.033,2026-07-06T21:00:00Z,18.5,46,0
6401512.033,2026-07-06T22:00:00Z,18.2,47,0
6401512.033,2026-07-06T23:00:00Z,17.4,50,0
6401512.033,2026-07-07T00:00:00Z,16.0,64,0
6401512.033,2026-07-07T01:00:00Z,14.9,66,0
6401512.033,2026-07-07T02:00:00Z,14.7,65,0
6401512.033,2026-07-07T03:00:00Z,15.8,65,0
6401512.033,2026-07-07T04:00:00Z,18.1,63,0
6401512.033,2026-07-07T05:00:00Z,20.7,57,0
6401512.033,2026-07-07T06:00:00Z,22.7,50,0
6401512.033,2026-07-07T07:00:00Z,24.5,40,0
6401512.033,2026-07-07T08:00:00Z,25.5,38,0
6401512.033,2026-07-07T09:00:00Z,26.4,37,0
6401512.033,2026-07-07T10:00:00Z,26.7,36,0
6401512.033,2026-07-07T11:00:00Z,27.4,34,0.1
6401512.033,2026-07-07T12:00:00Z,27.4,37,0.4
6401512.033,2026-07-07T13:00:00Z,27.4,41,0.1
6401512.033,2026-07-07T14:00:00Z,27.7,40,0
6401512.033,2026-07-07T15:00:00Z,27.2,38,0
6401512.033,2026-07-07T16:00:00Z,26.6,40,0
6401512.033,2026-07-07T17:00:00Z,25.1,46,0
6401512.033,2026-07-07T18:00:00Z,22.7,57,0
6401512.033,2026-07-07T19:00:00Z,22.2,59,0
6401512.033,2026-07-07T20:00:00Z,20.9,65,0
6401512.033,2026-07-07T21:00:00Z,20.4,67,0
6401512.033,2026-07-07T22:00:00Z,19.7,70,0
6401512.033,2026-07-07T23:00:00Z,19.1,72,0
6401512.033,2026-07-08T00:00:00Z,18.1,75,0
6401512.033,2026-07-08T01:00:00Z,17.7,76,0
6401512.033,2026-07-08T02:00:00Z,17.6,76,0
6401512.033,2026-07-08T03:00:00Z,17.8,76,0
6401512.033,2026-07-08T04:00:00Z,19.4,72,0
6401512.033,2026-07-08T05:00:00Z,21.1,67,0
6401512.033,2026-07-08T06:00:00Z,22.4,61,0
6401512.033,2026-07-08T07:00:00Z,24.3,54,0
6401512.033,2026-07-08T08:00:00Z,25.7,48,0
6401512.033,2026-07-08T09:00:00Z,26.2,43,0
6401512.033,2026-07-08T10:00:00Z,20.3,84,1.3
6401512.033,2026-07-08T11:00:00Z,22.9,63,0
6401512.033,2026-07-08T12:00:00Z,21.3,68,0
6401512.033,2026-07-08T13:00:00Z,23.4,60,0.1
6401512.033,2026-07-08T14:00:00Z,18.5,88,1.2
6401512.033,2026-07-08T15:00:00Z,18.4,91,0.4
6401512.033,2026-07-08T16:00:00Z,18.7,91,0
6401512.033,2026-07-08T17:00:00Z,18.5,91,0
6401512.033,2026-07-08T18:00:00Z,17.2,87,0
6401512.033,2026-07-08T19:00:00Z,16.8,87,0
6401512.033,2026-07-08T20:00:00Z,16.9,84,0
6401512.033,2026-07-08T21:00:00Z,15.8,86,0
6401512.033,2026-07-08T22:00:00Z,14.9,89,0
6401512.033,2026-07-08T23:00:00Z,14.5,90,0
6401512.033,2026-07-09T00:00:00Z,13.7,92,0
6401512.033,2026-07-09T01:00:00Z,13.1,95,0
6401512.033,2026-07-09T02:00:00Z,12.6,96,0
6401512.033,2026-07-09T03:00:00Z,12.7,95,0
6401512.033,2026-07-09T04:00:00Z,14.2,88,0
6401512.033,2026-07-09T05:00:00Z,15.9,78,0
6401512.033,2026-07-09T06:00:00Z,17.7,69,0
6401512.033,2026-07-09T07:00:00Z,19.2,61,0
6401512.033,2026-07-09T08:00:00Z,20.6,49,0
6401512.033,2026-07-09T09:00:00Z,21.4,43,0
6401512.033,2026-07-09T10:00:00Z,21.8,42,0
6401512.033,2026-07-09T11:00:00Z,22.1,41,0
6401512.033,2026-07-09T12:00:00Z,22.6,39,0
6401512.033,2026-07-09T13:00:00Z,22.6,39,0
6401512.033,2026-07-09T14:00:00Z,22.6,39,0
6401512.033,2026-07-09T15:00:00Z,22.2,40,0
6401512.033,2026-07-09T16:00:00Z,21.7,42,0
6401512.033,2026-07-09T17:00:00Z,20.2,53,0
6401512.033,2026-07-09T18:00:00Z,18.9,51,0
6401512.033,2026-07-09T19:00:00Z,16.9,63,0
6401512.033,2026-07-09T20:00:00Z,15.9,70,0
6401512.033,2026-07-09T21:00:00Z,15.1,74,0
6401512.033,2026-07-09T22:00:00Z,14.3,78,0
6401512.033,2026-07-09T23:00:00Z,14.4,78,0
6401512.033,2026-07-10T00:00:00Z,14.0,84,0
6401512.033,2026-07-10T01:00:00Z,13.3,89,0
6401512.033,2026-07-10T02:00:00Z,12.5,95,0
6401512.033,2026-07-10T03:00:00Z,12.6,94,0
6401512.033,2026-07-10T04:00:00Z,13.8,88,0
6401512.033,2026-07-10T05:00:00Z,15.5,79,0
6401512.033,2026-07-10T06:00:00Z,16.7,73,0
6401512.033,2026-07-10T07:00:00Z,18.4,63,0
6401512.033,2026-07-10T08:00:00Z,19.8,55,0
6401512.033,2026-07-10T09:00:00Z,20.6,49,0
6401512.033,2026-07-10T10:00:00Z,21.2,45,0
6401512.033,2026-07-10T11:00:00Z,21.5,44,0
6401512.033,2026-07-10T12:00:00Z,22.2,43,0
6401512.033,2026-07-10T13:00:00Z,21.9,46,0
6401512.033,2026-07-10T14:00:00Z,20.8,51,0.4
6401512.033,2026-07-10T15:00:00Z,18.6,68,0.8
6401512.033,2026-07-10T16:00:00Z,18.5,65,0.3
6401512.033,2026-07-10T17:00:00Z,17.0,70,0
6401512.033,2026-07-10T18:00:00Z,16.6,72,0
6401512.033,2026-07-10T19:00:00Z,15.3,77,0
6401512.033,2026-07-10T20:00:00Z,14.3,81,0
6401512.033,2026-07-10T21:00:00Z,13.8,83,0
6401512.033,2026-07-10T22:00:00Z,14.1,82,0
6401512.033,2026-07-10T23:00:00Z,13.6,84,0
6401512.033,2026-07-11T00:00:00Z,12.6,89,0
6401512.033,2026-07-11T01:00:00Z,12.3,90,0
6401512.033,2026-07-11T02:00:00Z,11.8,91,0
6401512.033,2026-07-11T03:00:00Z,12.2,90,0
6401512.033,2026-07-11T04:00:00Z,14.3,82,0
6401512.033,2026-07-11T05:00:00Z,16.7,71,0
6401512.033,2026-07-11T06:00:00Z,18.3,65,0
6401512.033,2026-07-11T07:00:00Z,19.8,60,0
6401512.033,2026-07-11T08:00:00Z,21.3,50,0
6401512.033,2026-07-11T09:00:00Z,22.4,45,0
6401512.033,2026-07-11T10:00:00Z,23.2,42,0
6401512.033,2026-07-11T11:00:00Z,24.0,40,0
6401512.033,2026-07-11T12:00:00Z,24.7,37,0
6401512.033,2026-07-11T13:00:00Z,24.7,36,0
6401512.033,2026-07-11T14:00:00Z,24.7,37,0
6401512.033,2026-07-11T15:00:00Z,23.9,40,0.2
6401512.033,2026-07-11T16:00:00Z,23.1,43,0
6401512.033,2026-07-11T17:00:00Z,21.7,51,0
6401512.033,2026-07-11T18:00:00Z,19.6,59,0
6401512.033,2026-07-11T19:00:00Z,18.5,61,0
6401512.033,2026-07-11T20:00:00Z,17.3,64,0
6401512.033,2026-07-11T21:00:00Z,16.4,69,0
6401512.033,2026-07-11T22:00:00Z,15.8,72,0
6401512.033,2026-07-11T23:00:00Z,15.2,76,0
6401512.033,2026-07-12T00:00:00Z,13.6,84,0
6401512.033,2026-07-12T01:00:00Z,13.2,86,0
6401512.033,2026-07-12T02:00:00Z,12.9,89,0
6401512.033,2026-07-12T03:00:00Z,12.9,89,0
6401512.033,2026-07-12T04:00:00Z,14.4,85,0
6401512.033,2026-07-12T05:00:00Z,16.3,78,0
6401512.033,2026-07-12T06:00:00Z,18.2,71,0
6401512.033,2026-07-12T07:00:00Z,20.1,62,0
6401512.033,2026-07-12T08:00:00Z,21.8,55,0
6401512.033,2026-07-12T09:00:00Z,22.9,48,0
6401512.033,2026-07-12T10:00:00Z,23.6,46,0
6401512.033,2026-07-12T11:00:00Z,24.3,43,0
6401512.033,2026-07-12T12:00:00Z,25.2,38,0
6401512.033,2026-07-12T13:00:00Z,25.2,37,0
6401512.033,2026-07-12T14:00:00Z,25.1,38,0
6401512.033,2026-07-12T15:00:00Z,24.8,39,0
6401512.033,2026-07-12T16:00:00Z,24.1,41,0
6401512.033,2026-07-12T17:00:00Z,22.5,51,0
6401512.033,2026-07-12T18:00:00Z,20.9,55,0
6401512.033,2026-07-12T19:00:00Z,19.9,58,0
6401512.033,2026-07-12T20:00:00Z,18.8,65,0
6401512.033,2026-07-12T21:00:00Z,17.7,69,0
6401512.033,2026-07-12T22:00:00Z,17.9,70,0
6401512.033,2026-07-12T23:00:00Z,17.0,72,0
6401512.033,2026-07-13T00:00:00Z,16.6,74,0
6401512.033,2026-07-13T01:00:00Z,16.1,81,0
6401512.033,2026-07-13T02:00:00Z,15.0,88,0
6401512.033,2026-07-13T03:00:00Z,15.0,88,0
6401512.033,2026-07-13T04:00:00Z,16.6,80,0
6401512.033,2026-07-13T05:00:00Z,18.6,70,0
6401512.033,2026-07-13T06:00:00Z,20.3,67,0
6401512.033,2026-07-13T07:00:00Z,21.3,62,0
6401512.033,2026-07-13T08:00:00Z,22.2,57,0
6401512.033,2026-07-13T09:00:00Z,22.9,53,0
6401512.033,2026-07-13T10:00:00Z,24.2,49,0
6401512.033,2026-07-13T11:00:00Z,25.0,48,0.1
6401512.033,2026-07-13T12:00:00Z,22.4,64,0
6401512.033,2026-07-13T13:00:00Z,23.0,64,0.7
6401512.033,2026-07-13T14:00:00Z,22.5,64,0.3
6401512.033,2026-07-13T15:00:00Z,21.9,60,0.8
6401512.033,2026-07-13T16:00:00Z,22.3,57,0
6401512.033,2026-07-13T17:00:00Z,21.6,60,0
6401512.033,2026-07-13T18:00:00Z,21.0,54,0
6401512.033,2026-07-13T19:00:00Z,20.1,58,0
6401512.033,2026-07-13T20:00:00Z,19.0,63,0
6401512.033,2026-07-13T21:00:00Z,18.1,67,0
6401512.033,2026-07-13T22:00:00Z,17.0,74,0
6401512.033,2026-07-13T23:00:00Z,15.9,80,0
6401512.033,2026-07-14T00:00:00Z,15.3,86,0
6401512.033,2026-07-14T01:00:00Z,15.1,88,0
6401512.033,2026-07-14T02:00:00Z,15.2,88,0
6401512.033,2026-07-14T03:00:00Z,15.5,89,0
6401512.033,2026-07-14T04:00:00Z,17.0,85,0
6401512.033,2026-07-14T05:00:00Z,18.5,82,0
6401512.033,2026-07-14T06:00:00Z,20.0,76,0
6401512.033,2026-07-14T07:00:00Z,21.1,72,0
6401512.033,2026-07-14T08:00:00Z,22.0,71,0.1
6401512.033,2026-07-14T09:00:00Z,22.7,69,0.1
6401512.033,2026-07-14T10:00:00Z,24.2,65,0.1
6401512.033,2026-07-14T11:00:00Z,25.5,62,0.1
6401512.033,2026-07-14T12:00:00Z,20.7,93,0.1
6401512.033,2026-07-14T13:00:00Z,23.2,83,0.2
6401512.033,2026-07-14T14:00:00Z,24.6,74,0
6401512.033,2026-07-14T15:00:00Z,24.6,70,0
6401512.033,2026-07-14T16:00:00Z,24.2,72,0
6401512.033,2026-07-14T17:00:00Z,23.3,78,0
6401512.033,2026-07-14T18:00:00Z,19.7,93,0
6401512.033,2026-07-14T19:00:00Z,19.9,95,0.2
6401512.033,2026-07-14T20:00:00Z,18.8,97,0
6401512.033,2026-07-14T21:00:00Z,18.3,96,0
6401512.033,2026-07-14T22:00:00Z,18.1,95,0
6401512.033,2026-07-14T23:00:00Z,18.0,96,0
6401512.033,2026-07-15T00:00:00Z,18.0,94,0
6401512.033,2026-07-15T01:00:00Z,17.8,95,0
6401512.033,2026-07-15T02:00:00Z,17.6,95,0
6401512.033,2026-07-15T03:00:00Z,17.7,94,0
6401512.033,2026-07-15T04:00:00Z,19.1,89,0
6401512.033,2026-07-15T05:00:00Z,20.8,81,0
6401512.033,2026-07-15T06:00:00Z,22.6,74,0
6401512.033,2026-07-15T07:00:00Z,24.3,68,0
6401512.033,2026-07-15T08:00:00Z,25.8,62,0
6401512.033,2026-07-15T09:00:00Z,26.9,58,0
6401512.033,2026-07-15T10:00:00Z,27.6,55,0.1
6401512.033,2026-07-15T11:00:00Z,28.3,51,0
6401512.033,2026-07-15T12:00:00Z,29.2,43,0
6401512.033,2026-07-15T13:00:00Z,29.1,43,0
6401512.033,2026-07-15T14:00:00Z,28.8,42,0
6401512.033,2026-07-15T15:00:00Z,28.4,43,0
6401512.033,2026-07-15T16:00:00Z,27.7,48,0
6401512.033,2026-07-15T17:00:00Z,26.0,56,0
6401512.033,2026-07-15T18:00:00Z,25.0,55,0
6401512.033,2026-07-15T19:00:00Z,24.0,58,0
6401512.033,2026-07-15T20:00:00Z,22.8,62,0
6401512.033,2026-07-15T21:00:00Z,21.9,67,0
6401512.033,2026-07-15T22:00:00Z,21.2,70,0
6401512.033,2026-07-15T23:00:00Z,20.5,73,0
6401512.033,2026-07-16T00:00:00Z,19.5,78,0
6401512.033,2026-07-16T01:00:00Z,18.9,81,0
6401512.033,2026-07-16T02:00:00Z,18.6,83,0
6401512.033,2026-07-16T03:00:00Z,18.7,83,0
6401512.033,2026-07-16T04:00:00Z,20.0,80,0
6401512.033,2026-07-16T05:00:00Z,22.1,73,0
6401512.033,2026-07-16T06:00:00Z,24.4,64,0
6401512.033,2026-07-16T07:00:00Z,26.5,56,0
6401512.033,2026-07-16T08:00:00Z,28.0,45,0
6401512.033,2026-07-16T09:00:00Z,28.8,41,0
6401512.033,2026-07-16T10:00:00Z,29.3,39,0
6401512.033,2026-07-16T11:00:00Z,29.8,38,0
6401512.033,2026-07-16T12:00:00Z,30.6,34,0
6401512.033,2026-07-16T13:00:00Z,30.4,33,0
6401512.033,2026-07-16T14:00:00Z,30.0,33,0
6401512.033,2026-07-16T15:00:00Z,29.5,34,0
6401512.033,2026-07-16T16:00:00Z,28.7,38,0
6401512.033,2026-07-16T17:00:00Z,26.8,48,0
6401512.033,2026-07-16T18:00:00Z,25.0,52,0
6401512.033,2026-07-16T19:00:00Z,24.1,53,0
6401512.033,2026-07-16T20:00:00Z,23.0,57,0
6401512.033,2026-07-16T21:00:00Z,22.1,62,0
6401512.033,2026-07-16T22:00:00Z,21.2,64,0
6401512.033,2026-07-16T23:00:00Z,20.4,66,0
6401512.033,2026-07-17T00:00:00Z,18.9,76,0
6401512.033,2026-07-17T01:00:00Z,18.4,80,0
6401512.033,2026-07-17T02:00:00Z,18.4,80,0
6401512.033,2026-07-17T03:00:00Z,18.1,82,0
6401512.033,2026-07-17T04:00:00Z,19.8,76,0
6401512.033,2026-07-17T05:00:00Z,21.9,69,0
6401512.033,2026-07-17T06:00:00Z,24.4,60,0
6401512.033,2026-07-17T07:00:00Z,26.1,55,0
6401512.033,2026-07-17T08:00:00Z,27.4,46,0
6401512.033,2026-07-17T09:00:00Z,28.3,41,0
6401512.033,2026-07-17T10:00:00Z,29.1,37,0
6401512.033,2026-07-17T11:00:00Z,29.9,33,0
6401512.033,2026-07-17T12:00:00Z,30.2,34,0
6401512.033,2026-07-17T13:00:00Z,29.8,33,0
6401512.033,2026-07-17T14:00:00Z,28.9,35,0
6401512.033,2026-07-17T15:00:00Z,29.0,35,0
6401512.033,2026-07-17T16:00:00Z,27.9,40,0
6401512.033,2026-07-17T17:00:00Z,26.5,48,0
6401512.033,2026-07-17T18:00:00Z,24.4,55,0
6401512.033,2026-07-17T19:00:00Z,23.5,56,0
6401512.033,2026-07-17T20:00:00Z,23.2,53,0
6401512.033,2026-07-17T21:00:00Z,22.8,50,0
6401512.033,2026-07-17T22:00:00Z,21.8,52,0
6401512.033,2026-07-17T23:00:00Z,21.0,56,0
6401512.033,2026-07-18T00:00:00Z,19.8,63,0
6401512.033,2026-07-18T01:00:00Z,19.1,66,0
6401512.033,2026-07-18T02:00:00Z,18.6,68,0
6401512.033,2026-07-18T03:00:00Z,18.2,68,0
6401512.033,2026-07-18T04:00:00Z,19.2,64,0
6401512.033,2026-07-18T05:00:00Z,20.7,57,0
6401512.033,2026-07-18T06:00:00Z,22.7,53,0
6401512.033,2026-07-18T07:00:00Z,24.7,50,0
6401512.033,2026-07-18T08:00:00Z,26.6,46,0
6401512.033,2026-07-18T09:00:00Z,28.2,43,0
6401512.033,2026-07-18T10:00:00Z,29.4,38,0
6401512.033,2026-07-18T11:00:00Z,30.4,34,0
6401512.033,2026-07-18T12:00:00Z,30.6,34,0
6401512.033,2026-07-18T13:00:00Z,30.8,33,0
6401512.033,2026-07-18T14:00:00Z,31.1,31,0
6401512.033,2026-07-18T15:00:00Z,30.7,32,0
6401512.033,2026-07-18T16:00:00Z,29.2,38,0
6401512.033,2026-07-18T17:00:00Z,27.5,45,0
6401512.033,2026-07-18T18:00:00Z,26.3,53,0
6401512.033,2026-07-18T19:00:00Z,25.1,59,0
6401512.033,2026-07-18T20:00:00Z,24.1,64,0
6401512.033,2026-07-18T21:00:00Z,23.1,71,0
6401512.033,2026-07-18T22:00:00Z,22.2,76,0
6401512.033,2026-07-18T23:00:00Z,21.6,79,0
6401512.033,2026-07-19T00:00:00Z,20.6,84,0
6401512.033,2026-07-19T01:00:00Z,20.3,85,0
6401512.033,2026-07-19T02:00:00Z,20.0,85,0
6401512.033,2026-07-19T03:00:00Z,19.9,86,0
6401512.033,2026-07-19T04:00:00Z,21.1,81,0
6401512.033,2026-07-19T05:00:00Z,22.9,74,0
6401512.033,2026-07-19T06:00:00Z,24.7,67,0
6401512.033,2026-07-19T07:00:00Z,26.3,58,0
6401512.033,2026-07-19T08:00:00Z,27.1,55,0
6401512.033,2026-07-19T09:00:00Z,28.6,53,0
6401512.033,2026-07-19T10:00:00Z,30.0,49,0
6401512.033,2026-07-19T11:00:00Z,31.0,47,0
6401512.033,2026-07-19T12:00:00Z,31.0,47,0
6401512.033,2026-07-19T13:00:00Z,32.3,42,0
6401512.033,2026-07-19T14:00:00Z,27.4,63,1.2
6401512.033,2026-07-19T15:00:00Z,27.9,57,0.3
6401512.033,2026-07-19T16:00:00Z,22.8,96,2.4
6401512.033,2026-07-19T17:00:00Z,22.8,96,0.7
6401512.033,2026-07-19T18:00:00Z,22.3,93,0
6401512.033,2026-07-19T19:00:00Z,21.6,94,0
6401512.033,2026-07-19T20:00:00Z,21.4,93,0
6401512.033,2026-07-19T21:00:00Z,21.2,93,0
6401512.033,2026-07-19T22:00:00Z,21.4,93,0
6401512.033,2026-07-19T23:00:00Z,21.2,93,0
6401512.033,2026-07-20T00:00:00Z,20.3,99,0
6401512.033,2026-07-20T01:00:00Z,19.7,98,0
6401512.033,2026-07-20T02:00:00Z,19.2,98,0
6401512.033,2026-07-20T03:00:00Z,19.0,98,0
6401512.033,2026-07-20T04:00:00Z,20.2,97,0
6401512.033,2026-07-20T05:00:00Z,21.6,93,0
6401512.033,2026-07-20T06:00:00Z,22.8,86,0
6401512.033,2026-07-20T07:00:00Z,24.5,76,0
6401512.033,2026-07-20T08:00:00Z,25.7,71,0
6401512.033,2026-07-20T09:00:00Z,26.8,66,0
6401512.033,2026-07-20T10:00:00Z,27.6,62,0
6401512.033,2026-07-20T11:00:00Z,28.3,59,0
6401512.033,2026-07-20T12:00:00Z,27.9,58,0
6401512.033,2026-07-20T13:00:00Z,23.4,92,1.6
6401512.033,2026-07-20T14:00:00Z,25.9,76,0.1
6401512.033,2026-07-20T15:00:00Z,26.1,58,0.1
6401512.033,2026-07-20T16:00:00Z,25.8,61,0
6401512.033,2026-07-20T17:00:00Z,24.4,68,0
6401512.033,2026-07-20T18:00:00Z,23.6,68,0
6401512.033,2026-07-20T19:00:00Z,22.6,72,0
6401512.033,2026-07-20T20:00:00Z,21.5,75,0
6401512.033,2026-07-20T21:00:00Z,20.7,78,0
6401512.033,2026-07-20T22:00:00Z,20.1,82,0.1
6401512.033,2026-07-20T23:00:00Z,19.6,83,0
6401512.033,2026-07-21T00:00:00Z,18.6,95,0
6401512.033,2026-07-21T01:00:00Z,18.6,94,0
6401512.033,2026-07-21T02:00:00Z,17.9,94,0
6401512.033,2026-07-21T03:00:00Z,17.5,94,0
6401512.033,2026-07-21T04:00:00Z,18.0,92,0
6401512.033,2026-07-21T05:00:00Z,18.6,88,0
6401512.033,2026-07-21T06:00:00Z,19.1,84,0
6401512.033,2026-07-21T07:00:00Z,21.4,70,0
6401512.033,2026-07-21T08:00:00Z,23.2,59,0
6401512.033,2026-07-21T09:00:00Z,24.4,50,0
6401512.033,2026-07-21T10:00:00Z,25.2,46,0
6401512.033,2026-07-21T11:00:00Z,25.8,44,0
6401512.033,2026-07-21T12:00:00Z,26.5,37,0
6401512.033,2026-07-21T13:00:00Z,26.5,38,0
6401512.033,2026-07-21T14:00:00Z,26.0,40,0
6401512.033,2026-07-21T15:00:00Z,25.6,42,0
6401512.033,2026-07-21T16:00:00Z,25.0,52,0
6401512.033,2026-07-21T17:00:00Z,23.4,59,0
6401512.033,2026-07-21T18:00:00Z,22.4,51,0
6401512.033,2026-07-21T19:00:00Z,21.1,50,0
6401512.033,2026-07-21T20:00:00Z,19.5,58,0
6401512.033,2026-07-21T21:00:00Z,19.1,63,0
6401512.033,2026-07-21T22:00:00Z,18.6,68,0
6401512.033,2026-07-21T23:00:00Z,18.5,68,0
6401512.033,2026-07-22T00:00:00Z,16.9,84,0
6401512.033,2026-07-22T01:00:00Z,15.9,88,0
6401512.033,2026-07-22T02:00:00Z,15.0,91,0
6401512.033,2026-07-22T03:00:00Z,14.9,91,0
6401512.033,2026-07-22T04:00:00Z,16.5,84,0
6401512.033,2026-07-22T05:00:00Z,18.0,74,0
6401512.033,2026-07-22T06:00:00Z,19.7,65,0
6401512.033,2026-07-22T07:00:00Z,21.1,58,0
6401512.033,2026-07-22T08:00:00Z,22.3,54,0
6401512.033,2026-07-22T09:00:00Z,23.2,51,0
6401512.033,2026-07-22T10:00:00Z,23.3,50,0
6401512.033,2026-07-22T11:00:00Z,23.2,50,0
6401512.033,2026-07-22T12:00:00Z,23.0,49,0
6401512.033,2026-07-22T13:00:00Z,22.4,51,0
6401512.033,2026-07-22T14:00:00Z,22.0,53,0
6401512.033,2026-07-22T15:00:00Z,21.6,55,0
6401512.033,2026-07-22T16:00:00Z,20.8,60,0
6401512.033,2026-07-22T17:00:00Z,19.6,66,0.1
6401512.033,2026-07-22T18:00:00Z,18.8,71,0.5
6401512.033,2026-07-22T19:00:00Z,17.3,84,0.6
6401512.033,2026-07-22T20:00:00Z,16.7,92,0.6
6401512.033,2026-07-22T21:00:00Z,16.6,94,0.7
6401512.033,2026-07-22T22:00:00Z,16.4,95,0.9
6401512.033,2026-07-22T23:00:00Z,16.2,95,0.6
6401512.033,2026-07-23T00:00:00Z,15.3,93,0.5
6401512.033,2026-07-23T01:00:00Z,14.9,92,0.9
6401512.033,2026-07-23T02:00:00Z,14.7,93,0.4
6401512.033,2026-07-23T03:00:00Z,14.5,93,0.1
6401512.033,2026-07-23T04:00:00Z,15.1,94,0
6401512.033,2026-07-23T05:00:00Z,16.2,89,0
6401512.033,2026-07-23T06:00:00Z,17.7,76,0
6401512.033,2026-07-23T07:00:00Z,19.2,60,0
6401512.033,2026-07-23T08:00:00Z,20.6,49,0
6401512.033,2026-07-23T09:00:00Z,22.0,43,0
6401512.033,2026-07-23T10:00:00Z,22.8,39,0
6401512.033,2026-07-23T11:00:00Z,23.3,37,0
6401512.033,2026-07-23T12:00:00Z,23.8,35,0
6401512.033,2026-07-23T13:00:00Z,23.6,34,0
6401512.033,2026-07-23T14:00:00Z,23.1,37,0
6401512.033,2026-07-23T15:00:00Z,22.2,44,0
6401512.033,2026-07-23T16:00:00Z,21.4,49,0
6401512.033,2026-07-23T17:00:00Z,19.9,54,0
6401512.033,2026-07-23T18:00:00Z,19.7,53,0
6401512.033,2026-07-23T19:00:00Z,18.7,56,0
6401512.033,2026-07-23T20:00:00Z,18.3,60,0
6401512.033,2026-07-23T21:00:00Z,17.3,63,0
6401512.033,2026-07-23T22:00:00Z,16.2,68,0
6401512.033,2026-07-23T23:00:00Z,15.3,73,0
6401512.033,2026-07-24T00:00:00Z,15.5,70,0
6401512.033,2026-07-24T01:00:00Z,15.0,71,0
6401512.033,2026-07-24T02:00:00Z,14.7,73,0
6401512.033,2026-07-24T03:00:00Z,14.0,77,0
6401512.033,2026-07-24T04:00:00Z,15.5,73,0
6401512.033,2026-07-24T05:00:00Z,18.2,69,0
6401512.033,2026-07-24T06:00:00Z,19.7,62,0
6401512.033,2026-07-24T07:00:00Z,21.3,56,0
6401512.033,2026-07-24T08:00:00Z,22.6,49,0
6401512.033,2026-07-24T09:00:00Z,21.5,48,0.2
6401512.033,2026-07-24T10:00:00Z,20.9,57,0.6
6401512.033,2026-07-24T11:00:00Z,23.0,45,0
6401512.033,2026-07-24T12:00:00Z,23.0,48,0
6401512.033,2026-07-24T13:00:00Z,23.1,47,0
6401512.033,2026-07-24T14:00:00Z,22.7,47,0.1
6401512.033,2026-07-24T15:00:00Z,21.8,51,0.1
6401512.033,2026-07-24T16:00:00Z,20.5,61,0
6401512.033,2026-07-24T17:00:00Z,19.2,71,0
6401512.033,2026-07-24T18:00:00Z,18.3,76,0
6401512.033,2026-07-24T19:00:00Z,17.6,80,0
6401512.033,2026-07-24T20:00:00Z,16.8,82,0
6401512.033,2026-07-24T21:00:00Z,16.4,80,0
6401512.033,2026-07-24T22:00:00Z,15.8,81,0
6401512.033,2026-07-24T23:00:00Z,15.1,85,0
6401512.033,2026-07-25T00:00:00Z,14.2,85,0
6401512.033,2026-07-25T01:00:00Z,13.7,88,0
6401512.033,2026-07-25T02:00:00Z,13.3,89,0
6401512.033,2026-07-25T03:00:00Z,13.3,88,0
6401512.033,2026-07-25T04:00:00Z,14.4,84,0
6401512.033,2026-07-25T05:00:00Z,16.4,76,0
6401512.033,2026-07-25T06:00:00Z,18.5,69,0
6401512.033,2026-07-25T07:00:00Z,20.2,63,0
6401512.033,2026-07-25T08:00:00Z,21.8,55,0
6401512.033,2026-07-25T09:00:00Z,23.0,51,0
6401512.033,2026-07-25T10:00:00Z,23.7,48,0
6401512.033,2026-07-25T11:00:00Z,24.2,46,0.1
6401512.033,2026-07-25T12:00:00Z,21.3,69,0
6401512.033,2026-07-25T13:00:00Z,21.4,60,0.3
6401512.033,2026-07-25T14:00:00Z,21.3,64,0.1
6401512.033,2026-07-25T15:00:00Z,22.4,53,0
6401512.033,2026-07-25T16:00:00Z,22.1,51,0
6401512.033,2026-07-25T17:00:00Z,20.5,59,0
6401512.033,2026-07-25T18:00:00Z,19.3,59,0
6401512.033,2026-07-25T19:00:00Z,18.5,63,0
6401512.033,2026-07-25T20:00:00Z,17.5,70,0
6401512.033,2026-07-25T21:00:00Z,16.8,74,0
6401512.033,2026-07-25T22:00:00Z,16.1,78,0
6401512.033,2026-07-25T23:00:00Z,15.4,81,0
6401512.033,2026-07-26T00:00:00Z,14.3,85,0
6401512.033,2026-07-26T01:00:00Z,13.9,87,0
6401512.033,2026-07-26T02:00:00Z,13.3,91,0
6401512.033,2026-07-26T03:00:00Z,13.0,93,0
6401512.033,2026-07-26T04:00:00Z,14.5,87,0
6401512.033,2026-07-26T05:00:00Z,16.7,80,0
6401512.033,2026-07-26T06:00:00Z,19.3,72,0
6401512.033,2026-07-26T07:00:00Z,21.4,63,0
6401512.033,2026-07-26T08:00:00Z,23.1,55,0
6401512.033,2026-07-26T09:00:00Z,24.2,46,0
6401512.033,2026-07-26T10:00:00Z,24.8,43,0
6401512.033,2026-07-26T11:00:00Z,25.2,42,0
6401512.033,2026-07-26T12:00:00Z,26.1,38,0
6401512.033,2026-07-26T13:00:00Z,26.2,39,0
6401512.033,2026-07-26T14:00:00Z,26.2,38,0
6401512.033,2026-07-26T15:00:00Z,26.0,37,0
6401512.033,2026-07-26T16:00:00Z,25.3,45,0
6401512.033,2026-07-26T17:00:00Z,24.2,56,0
6401512.033,2026-07-26T18:00:00Z,22.4,50,0
6401512.033,2026-07-26T19:00:00Z,20.9,52,0
6401512.033,2026-07-26T20:00:00Z,20.5,53,0
6401512.033,2026-07-26T21:00:00Z,18.9,64,0
6401512.033,2026-07-26T22:00:00Z,18.6,65,0
6401512.033,2026-07-26T23:00:00Z,18.5,64,0
6401512.033,2026-07-27T00:00:00Z,17.2,72,0
6401512.033,2026-07-27T01:00:00Z,17.0,73,0
6401512.033,2026-07-27T02:00:00Z,16.6,75,0
6401512.033,2026-07-27T03:00:00Z,16.1,78,0
6401512.033,2026-07-27T04:00:00Z,17.8,72,0
6401512.033,2026-07-27T05:00:00Z,19.6,68,0
6401512.033,2026-07-27T06:00:00Z,21.7,61,0
6401512.033,2026-07-27T07:00:00Z,23.6,55,0
6401512.033,2026-07-27T08:00:00Z,25.4,50,0
6401512.033,2026-07-27T09:00:00Z,26.8,44,0
6401512.033,2026-07-27T10:00:00Z,27.6,40,0
6401512.033,2026-07-27T11:00:00Z,27.2,41,0
6401512.033,2026-07-27T12:00:00Z,28.7,36,0
6401512.033,2026-07-27T13:00:00Z,28.8,36,0
6401512.033,2026-07-27T14:00:00Z,27.9,39,0.4
6401512.033,2026-07-27T15:00:00Z,28.4,36,0
6401512.033,2026-07-27T16:00:00Z,28.0,36,0
6401512.033,2026-07-27T17:00:00Z,26.2,43,0
6401512.033,2026-07-27T18:00:00Z,24.4,58,0
6401512.033,2026-07-27T19:00:00Z,22.1,66,0
6401512.033,2026-07-27T20:00:00Z,20.0,87,0.8
6401512.033,2026-07-27T21:00:00Z,19.4,87,0.1
6401512.033,2026-07-27T22:00:00Z,18.7,92,0.3
6401512.033,2026-07-27T23:00:00Z,18.4,95,0.5
6401512.033,2026-07-28T00:00:00Z,17.5,95,0.1
6401512.033,2026-07-28T01:00:00Z,16.9,95,0
6401512.033,2026-07-28T02:00:00Z,16.6,96,0
6401512.033,2026-07-28T03:00:00Z,16.3,96,0
6401512.033,2026-07-28T04:00:00Z,16.9,94,0
6401512.033,2026-07-28T05:00:00Z,18.2,85,0
6401512.033,2026-07-28T06:00:00Z,18.8,76,0
6401512.033,2026-07-28T07:00:00Z,20.2,67,0
6401512.033,2026-07-28T08:00:00Z,21.2,60,0
6401512.033,2026-07-28T09:00:00Z,21.9,53,0.1
6401512.033,2026-07-28T10:00:00Z,23.0,44,0
6401512.033,2026-07-28T11:00:00Z,23.8,37,0
6401512.033,2026-07-28T12:00:00Z,24.2,35,0
6401512.033,2026-07-28T13:00:00Z,24.0,36,0
6401512.033,2026-07-28T14:00:00Z,23.5,38,0
6401512.033,2026-07-28T15:00:00Z,23.4,38,0
6401512.033,2026-07-28T16:00:00Z,22.6,41,0
6401512.033,2026-07-28T17:00:00Z,21.2,45,0
6401512.033,2026-07-28T18:00:00Z,20.2,48,0
6401512.033,2026-07-28T19:00:00Z,19.2,51,0
6401512.033,2026-07-28T20:00:00Z,18.3,56,0
6401512.033,2026-07-28T21:00:00Z,17.5,60,0
6401512.033,2026-07-28T22:00:00Z,16.8,63,0
6401512.033,2026-07-28T23:00:00Z,16.0,67,0
6401512.033,2026-07-29T00:00:00Z,14.9,73,0
6401512.033,2026-07-29T01:00:00Z,14.5,76,0
6401512.033,2026-07-29T02:00:00Z,14.0,79,0
6401512.033,2026-07-29T03:00:00Z,13.7,82,0
6401512.033,2026-07-29T04:00:00Z,14.9,79,0
6401512.033,2026-07-29T05:00:00Z,16.8,70,0
6401512.033,2026-07-29T06:00:00Z,18.8,62,0
6401512.033,2026-07-29T07:00:00Z,20.6,53,0
6401512.033,2026-07-29T08:00:00Z,22.0,47,0
6401512.033,2026-07-29T09:00:00Z,23.0,40,0
6401512.033,2026-07-29T10:00:00Z,23.7,38,0
6401512.033,2026-07-29T11:00:00Z,24.3,37,0
6401512.033,2026-07-29T12:00:00Z,25.4,34,0
6401512.033,2026-07-29T13:00:00Z,25.5,34,0
6401512.033,2026-07-29T14:00:00Z,25.4,34,0
6401512.033,2026-07-29T15:00:00Z,24.9,35,0
6401512.033,2026-07-29T16:00:00Z,24.1,39,0
6401512.033,2026-07-29T17:00:00Z,22.2,46,0
6401512.033,2026-07-29T18:00:00Z,20.7,46,0
6401512.033,2026-07-29T19:00:00Z,19.9,49,0
6401512.033,2026-07-29T20:00:00Z,18.8,54,0
6401512.033,2026-07-29T21:00:00Z,17.8,60,0
6401512.033,2026-07-29T22:00:00Z,16.9,64,0
6401512.033,2026-07-29T23:00:00Z,16.1,66,0
6401512.033,2026-07-30T00:00:00Z,14.6,74,0
6401512.033,2026-07-30T01:00:00Z,14.1,77,0
6401512.033,2026-07-30T02:00:00Z,13.6,78,0
6401512.033,2026-07-30T03:00:00Z,13.5,78,0
6401512.033,2026-07-30T04:00:00Z,15.4,72,0
6401512.033,2026-07-30T05:00:00Z,18.2,64,0
6401512.033,2026-07-30T06:00:00Z,20.5,56,0
6401512.033,2026-07-30T07:00:00Z,22.8,47,0
6401512.033,2026-07-30T08:00:00Z,24.4,41,0
6401512.033,2026-07-30T09:00:00Z,25.3,39,0
6401512.033,2026-07-30T10:00:00Z,26.3,37,0
6401512.033,2026-07-30T11:00:00Z,27.3,35,0
6401512.033,2026-07-30T12:00:00Z,28.0,34,0
6401512.033,2026-07-30T13:00:00Z,27.8,34,0
6401512.033,2026-07-30T14:00:00Z,27.6,36,0
6401512.033,2026-07-30T15:00:00Z,27.2,36,0
6401512.033,2026-07-30T16:00:00Z,26.7,41,0
6401512.033,2026-07-30T17:00:00Z,24.7,52,0
6401512.033,2026-07-30T18:00:00Z,23.0,51,0
6401512.033,2026-07-30T19:00:00Z,21.7,57,0
6401512.033,2026-07-30T20:00:00Z,20.5,64,0
6401512.033,2026-07-30T21:00:00Z,19.9,67,0
6401512.033,2026-07-30T22:00:00Z,19.5,69,0
6401512.033,2026-07-30T23:00:00Z,19.0,70,0
6401512.033,2026-07-31T00:00:00Z,16.6,81,0
6401512.033,2026-07-31T01:00:00Z,15.7,85,0
6401512.033,2026-07-31T02:00:00Z,15.2,87,0
6401512.033,2026-07-31T03:00:00Z,15.0,88,0
6401512.033,2026-07-31T04:00:00Z,16.9,81,0
6401512.033,2026-07-31T05:00:00Z,20.1,70,0
6401512.033,2026-07-31T06:00:00Z,22.6,61,0
6401512.033,2026-07-31T07:00:00Z,24.5,55,0
6401512.033,2026-07-31T08:00:00Z,26.2,49,0
6401512.033,2026-07-31T09:00:00Z,27.4,44,0
6401512.033,2026-07-31T10:00:00Z,28.4,41,0
6401512.033,2026-07-31T11:00:00Z,29.0,38,0
6401512.033,2026-07-31T12:00:00Z,29.7,37,0
6401512.033,2026-07-31T13:00:00Z,29.9,37,0
6401512.033,2026-07-31T14:00:00Z,29.5,38,0
6401512.033,2026-07-31T15:00:00Z,29.1,39,0
6401512.033,2026-07-31T16:00:00Z,28.5,43,0
6401512.033,2026-07-31T17:00:00Z,26.5,49,0
6401512.033,2026-07-31T18:00:00Z,24.9,52,0
6401512.033,2026-07-31T19:00:00Z,24.0,54,0
6401512.033,2026-07-31T20:00:00Z,22.9,61,0
6401512.033,2026-07-31T21:00:00Z,21.9,66,0
6401512.033,2026-07-31T22:00:00Z,21.5,67,0
6401512.033,2026-07-31T23:00:00Z,20.4,73,0
6401512.033,2026-08-01T00:00:00Z,18.9,79,0
6401512.033,2026-08-01T01:00:00Z,18.2,81,0
6401512.033,2026-08-01T02:00:00Z,17.8,84,0
6401512.033,2026-08-01T03:00:00Z,17.5,86,0
6401512.033,2026-08-01T04:00:00Z,18.9,81,0
6401512.033,2026-08-01T05:00:00Z,21.5,72,0
6401512.033,2026-08-01T06:00:00Z,23.5,63,0
6401512.033,2026-08-01T07:00:00Z,26.0,55,0
6401512.033,2026-08-01T08:00:00Z,28.2,45,0
6401512.033,2026-08-01T09:00:00Z,29.6,38,0
6401512.033,2026-08-01T10:00:00Z,30.5,34,0
6401512.033,2026-08-01T11:00:00Z,31.1,32,0
6401512.033,2026-08-01T12:00:00Z,32.4,28,0
6401512.033,2026-08-01T13:00:00Z,32.6,28,0
6401512.033,2026-08-01T14:00:00Z,32.6,28,0
6401512.033,2026-08-01T15:00:00Z,32.3,28,0
6401512.033,2026-08-01T16:00:00Z,31.1,40,0
6401512.033,2026-08-01T17:00:00Z,28.7,53,0
6401512.033,2026-08-01T18:00:00Z,25.9,54,0
6401512.033,2026-08-01T19:00:00Z,24.6,50,0
6401512.033,2026-08-01T20:00:00Z,23.7,49,0
6401512.033,2026-08-01T21:00:00Z,23.2,49,0
6401512.033,2026-08-01T22:00:00Z,22.2,51,0
6401512.033,2026-08-01T23:00:00Z,20.6,59,0
6401512.033,2026-08-02T00:00:00Z,18.7,72,0
6401512.033,2026-08-02T01:00:00Z,18.3,75,0
6401512.033,2026-08-02T02:00:00Z,18.0,78,0
6401512.033,2026-08-02T03:00:00Z,17.7,82,0
6401512.033,2026-08-02T04:00:00Z,19.6,76,0
6401512.033,2026-08-02T05:00:00Z,22.4,66,0
6401512.033,2026-08-02T06:00:00Z,24.9,56,0
6401512.033,2026-08-02T07:00:00Z,27.4,47,0
6401512.033,2026-08-02T08:00:00Z,29.0,41,0
6401512.033,2026-08-02T09:00:00Z,30.3,35,0
6401512.033,2026-08-02T10:00:00Z,31.1,32,0
6401512.033,2026-08-02T11:00:00Z,31.7,30,0
6401512.033,2026-08-02T12:00:00Z,32.6,28,0
6401512.033,2026-08-02T13:00:00Z,32.7,27,0
6401512.033,2026-08-02T14:00:00Z,32.7,26,0
6401512.033,2026-08-02T15:00:00Z,32.6,26,0
6401512.033,2026-08-02T16:00:00Z,31.5,36,0
6401512.033,2026-08-02T17:00:00Z,28.7,44,0
6401512.033,2026-08-02T18:00:00Z,26.1,46,0
6401512.033,2026-08-02T19:00:00Z,24.7,54,0
6401512.033,2026-08-02T20:00:00Z,23.7,60,0
6401512.033,2026-08-02T21:00:00Z,23.0,61,0
6401512.033,2026-08-02T22:00:00Z,22.3,60,0
6401512.033,2026-08-02T23:00:00Z,21.6,60,0
6401512.033,2026-08-03T00:00:00Z,19.9,62,0
6401512.033,2026-08-03T01:00:00Z,19.4,64,0
6401512.033,2026-08-03T02:00:00Z,19.0,66,0
6401512.033,2026-08-03T03:00:00Z,18.7,70,0
6401512.033,2026-08-03T04:00:00Z,20.4,68,0
6401512.033,2026-08-03T05:00:00Z,22.8,60,0
6401512.033,2026-08-03T06:00:00Z,24.8,53,0
6401512.033,2026-08-03T07:00:00Z,27.5,46,0
6401512.033,2026-08-03T08:00:00Z,29.7,37,0
6401512.033,2026-08-03T09:00:00Z,31.0,30,0
6401512.033,2026-08-03T10:00:00Z,31.8,28,0
6401512.033,2026-08-03T11:00:00Z,32.3,26,0
6401512.033,2026-08-03T12:00:00Z,33.1,23,0
6401512.033,2026-08-03T13:00:00Z,33.0,23,0
6401512.033,2026-08-03T14:00:00Z,32.8,22,0
6401512.033,2026-08-03T15:00:00Z,32.3,23,0
6401512.033,2026-08-03T16:00:00Z,31.1,28,0
6401512.033,2026-08-03T17:00:00Z,28.5,37,0
6401512.033,2026-08-03T18:00:00Z,27.2,37,0
6401512.033,2026-08-03T19:00:00Z,25.7,40,0
6401512.033,2026-08-03T20:00:00Z,24.2,45,0
6401512.033,2026-08-03T21:00:00Z,23.5,48,0
6401512.033,2026-08-03T22:00:00Z,22.8,52,0
6401512.033,2026-08-03T23:00:00Z,21.9,56,0
6401512.033,2026-08-04T00:00:00Z,20.2,64,0
6401512.033,2026-08-04T01:00:00Z,19.1,68,0
6401512.033,2026-08-04T02:00:00Z,18.4,71,0
6401512.033,2026-08-04T03:00:00Z,18.0,74,0
6401512.033,2026-08-04T04:00:00Z,19.8,69,0
6401512.033,2026-08-04T05:00:00Z,22.5,62,0
6401512.033,2026-08-04T06:00:00Z,24.8,53,0
6401512.033,2026-08-04T07:00:00Z,27.6,46,0
6401512.033,2026-08-04T08:00:00Z,30.1,39,0
6401512.033,2026-08-04T09:00:00Z,31.8,33,0
6401512.033,2026-08-04T10:00:00Z,32.8,30,0
6401512.033,2026-08-04T11:00:00Z,33.3,28,0
6401512.033,2026-08-04T12:00:00Z,34.2,23,0
6401512.033,2026-08-04T13:00:00Z,34.1,22,0
6401512.033,2026-08-04T14:00:00Z,34.0,21,0
6401512.033,2026-08-04T15:00:00Z,33.5,21,0
6401512.033,2026-08-04T16:00:00Z,32.0,27,0
6401512.033,2026-08-04T17:00:00Z,29.3,37,0
6401512.033,2026-08-04T18:00:00Z,28.5,29,0
6401512.033,2026-08-04T19:00:00Z,26.7,36,0
6401512.033,2026-08-04T20:00:00Z,25.3,40,0
6401512.033,2026-08-04T21:00:00Z,24.5,45,0
6401512.033,2026-08-04T22:00:00Z,23.8,46,0
6401512.033,2026-08-04T23:00:00Z,23.4,48,0
6401512.033,2026-08-05T00:00:00Z,22.0,57,0
6401512.033,2026-08-05T01:00:00Z,21.3,61,0
6401512.033,2026-08-05T02:00:00Z,21.2,62,0
6401512.033,2026-08-05T03:00:00Z,20.9,63,0
6401512.033,2026-08-05T04:00:00Z,22.0,62,0
6401512.033,2026-08-05T05:00:00Z,24.4,56,0
6401512.033,2026-08-05T06:00:00Z,26.7,49,0
6401512.033,2026-08-05T07:00:00Z,29.2,43,0
6401512.033,2026-08-05T08:00:00Z,31.4,37,0
6401512.033,2026-08-05T09:00:00Z,32.9,32,0
6401512.033,2026-08-05T10:00:00Z,33.6,31,0
6401512.033,2026-08-05T11:00:00Z,34.1,31,0
6401512.033,2026-08-05T12:00:00Z,35.1,28,0
6401512.033,2026-08-05T13:00:00Z,35.0,29,0
6401512.033,2026-08-05T14:00:00Z,34.5,31,0.1
6401512.033,2026-08-05T15:00:00Z,33.7,32,0.1
6401512.033,2026-08-05T16:00:00Z,32.9,39,0
6401512.033,2026-08-05T17:00:00Z,30.8,44,0
6401512.033,2026-08-05T18:00:00Z,28.8,49,0
6401512.033,2026-08-05T19:00:00Z,28.1,52,0
6401512.033,2026-08-05T20:00:00Z,27.3,53,0
6401512.033,2026-08-05T21:00:00Z,26.4,56,0
6401512.033,2026-08-05T22:00:00Z,25.7,59,0
6401512.033,2026-08-05T23:00:00Z,24.7,63,0
6401512.033,2026-08-06T00:00:00Z,23.0,71,0
6401512.033,2026-08-06T01:00:00Z,22.7,72,0
6401512.033,2026-08-06T02:00:00Z,22.4,73,0
6401512.033,2026-08-06T03:00:00Z,21.7,75,0
6401512.033,2026-08-06T04:00:00Z,23.1,72,0
6401512.033,2026-08-06T05:00:00Z,25.8,64,0
6401512.033,2026-08-06T06:00:00Z,27.9,58,0
6401512.033,2026-08-06T07:00:00Z,30.3,48,0
6401512.033,2026-08-06T08:00:00Z,32.1,41,0
6401512.033,2026-08-06T09:00:00Z,30.8,47,0.1
6401512.033,2026-08-06T10:00:00Z,32.0,42,0.2
6401512.033,2026-08-06T11:00:00Z,32.4,42,0.2
6401512.033,2026-08-06T12:00:00Z,34.6,30,0.1
6401512.033,2026-08-06T13:00:00Z,34.8,30,0
6401512.033,2026-08-06T14:00:00Z,33.0,36,0.1
6401512.033,2026-08-06T15:00:00Z,32.7,35,0.1
6401512.033,2026-08-06T16:00:00Z,29.9,51,0.2
6401512.033,2026-08-06T17:00:00Z,28.1,60,0
6401512.033,2026-08-06T18:00:00Z,27.4,52,0
6401512.033,2026-08-06T19:00:00Z,26.0,59,0
6401512.033,2026-08-06T20:00:00Z,25.1,63,0
6401512.033,2026-08-06T21:00:00Z,24.4,66,0
6401512.033,2026-08-06T22:00:00Z,23.7,70,0
6401512.033,2026-08-06T23:00:00Z,22.9,75,0
6401512.033,2026-08-07T00:00:00Z,22.1,80,0
6401512.033,2026-08-07T01:00:00Z,21.7,80,0
6401512.033,2026-08-07T02:00:00Z,21.6,78,0
6401512.033,2026-08-07T03:00:00Z,21.3,78,0
6401512.033,2026-08-07T04:00:00Z,22.8,73,0
6401512.033,2026-08-07T05:00:00Z,25.0,64,0
6401512.033,2026-08-07T06:00:00Z,26.1,62,0
6401512.033,2026-08-07T07:00:00Z,27.9,58,0
6401512.033,2026-08-07T08:00:00Z,29.8,53,0
6401512.033,2026-08-07T09:00:00Z,31.3,49,0
6401512.033,2026-08-07T10:00:00Z,32.4,45,0
6401512.033,2026-08-07T11:00:00Z,31.9,41,0.1
6401512.033,2026-08-07T12:00:00Z,33.1,33,0.1
6401512.033,2026-08-07T13:00:00Z,34.0,30,0
6401512.033,2026-08-07T14:00:00Z,33.9,30,0
6401512.033,2026-08-07T15:00:00Z,32.8,35,0.2
6401512.033,2026-08-07T16:00:00Z,30.5,44,0.3
6401512.033,2026-08-07T17:00:00Z,28.7,49,0.1
6401512.033,2026-08-07T18:00:00Z,27.8,55,0
6401512.033,2026-08-07T19:00:00Z,27.0,54,0
6401512.033,2026-08-07T20:00:00Z,25.9,58,0
6401512.033,2026-08-07T21:00:00Z,25.2,62,0
6401512.033,2026-08-07T22:00:00Z,24.5,63,0
6401512.033,2026-08-07T23:00:00Z,23.5,68,0
6401512.033,2026-08-08T00:00:00Z,22.0,79,0
6401512.033,2026-08-08T01:00:00Z,21.4,83,0
6401512.033,2026-08-08T02:00:00Z,20.8,87,0
6401512.033,2026-08-08T03:00:00Z,20.4,89,0
6401512.033,2026-08-08T04:00:00Z,21.0,85,0
6401512.033,2026-08-08T05:00:00Z,22.3,79,0
6401512.033,2026-08-08T06:00:00Z,23.1,75,0
6401512.033,2026-08-08T07:00:00Z,24.7,70,0
6401512.033,2026-08-08T08:00:00Z,25.6,67,0
6401512.033,2026-08-08T09:00:00Z,26.3,64,0
6401512.033,2026-08-08T10:00:00Z,27.3,59,0
6401512.033,2026-08-08T11:00:00Z,27.0,60,0
6401512.033,2026-08-08T12:00:00Z,27.4,57,0
6401512.033,2026-08-08T13:00:00Z,26.6,59,0
6401512.033,2026-08-08T14:00:00Z,25.8,60,0
6401512.033,2026-08-08T15:00:00Z,24.5,62,0
6401512.033,2026-08-08T16:00:00Z,23.4,66,0
6401512.033,2026-08-08T17:00:00Z,23.0,69,0
6401512.033,2026-08-08T18:00:00Z,21.9,72,0
6401512.033,2026-08-08T19:00:00Z,21.3,72,0
6401512.033,2026-08-08T20:00:00Z,20.7,73,0
6401512.033,2026-08-08T21:00:00Z,20.2,73,0
6401512.033,2026-08-08T22:00:00Z,19.8,73,0
6401512.033,2026-08-08T23:00:00Z,19.4,72,0
6401512.033,2026-08-09T00:00:00Z,18.0,72,0
6401512.033,2026-08-09T01:00:00Z,17.9,70,0
6401512.033,2026-08-09T02:00:00Z,17.7,69,0
6401512.033,2026-08-09T03:00:00Z,17.5,70,0
6401512.033,2026-08-09T04:00:00Z,18.0,68,0
6401512.033,2026-08-09T05:00:00Z,19.0,65,0
6401512.033,2026-08-09T06:00:00Z,20.5,59,0
6401512.033,2026-08-09T07:00:00Z,21.9,51,0
6401512.033,2026-08-09T08:00:00Z,23.0,44,0
6401512.033,2026-08-09T09:00:00Z,23.8,40,0
6401512.033,2026-08-09T10:00:00Z,24.5,38,0
6401512.033,2026-08-09T11:00:00Z,25.0,37,0
6401512.033,2026-08-09T12:00:00Z,25.8,35,0
6401512.033,2026-08-09T13:00:00Z,25.7,34,0
6401512.033,2026-08-09T14:00:00Z,25.5,35,0
6401512.033,2026-08-09T15:00:00Z,25.0,37,0
6401512.033,2026-08-09T16:00:00Z,24.2,41,0
6401512.033,2026-08-09T17:00:00Z,22.7,46,0
6401512.033,2026-08-09T18:00:00Z,20.9,51,0
6401512.033,2026-08-09T19:00:00Z,19.9,55,0
6401512.033,2026-08-09T20:00:00Z,19.0,58,0
6401512.033,2026-08-09T21:00:00Z,18.4,60,0
6401512.033,2026-08-09T22:00:00Z,17.7,63,0
6401512.033,2026-08-09T23:00:00Z,16.6,69,0
6401512.033,2026-08-10T00:00:00Z,15.2,77,0
6401512.033,2026-08-10T01:00:00Z,14.4,80,0
6401512.033,2026-08-10T02:00:00Z,13.8,83,0
6401512.033,2026-08-10T03:00:00Z,13.3,85,0
6401512.033,2026-08-10T04:00:00Z,14.7,80,0
6401512.033,2026-08-10T05:00:00Z,17.2,70,0
6401512.033,2026-08-10T06:00:00Z,19.8,61,0
6401512.033,2026-08-10T07:00:00Z,22.1,54,0
6401512.033,2026-08-10T08:00:00Z,23.8,48,0
6401512.033,2026-08-10T09:00:00Z,25.0,45,0
6401512.033,2026-08-10T10:00:00Z,26.1,43,0
6401512.033,2026-08-10T11:00:00Z,26.9,40,0
6401512.033,2026-08-10T12:00:00Z,28.2,38,0
6401512.033,2026-08-10T13:00:00Z,28.4,37,0
6401512.033,2026-08-10T14:00:00Z,28.3,36,0
6401512.033,2026-08-10T15:00:00Z,28.0,36,0
6401512.033,2026-08-10T16:00:00Z,27.1,41,0
6401512.033,2026-08-10T17:00:00Z,24.6,48,0
6401512.033,2026-08-10T18:00:00Z,22.7,50,0
6401512.033,2026-08-10T19:00:00Z,21.5,51,0
6401512.033,2026-08-10T20:00:00Z,20.5,53,0
6401512.033,2026-08-10T21:00:00Z,19.5,58,0
6401512.033,2026-08-10T22:00:00Z,18.9,61,0
6401512.033,2026-08-10T23:00:00Z,18.0,65,0
6401512.033,2026-08-11T00:00:00Z,16.4,71,0
6401512.033,2026-08-11T01:00:00Z,15.6,74,0
6401512.033,2026-08-11T02:00:00Z,14.8,76,0
6401512.033,2026-08-11T03:00:00Z,14.2,78,0
6401512.033,2026-08-11T04:00:00Z,15.7,73,0
6401512.033,2026-08-11T05:00:00Z,19.0,62,0
6401512.033,2026-08-11T06:00:00Z,22.0,54,0
6401512.033,2026-08-11T07:00:00Z,24.9,45,0
6401512.033,2026-08-11T08:00:00Z,27.1,37,0
6401512.033,2026-08-11T09:00:00Z,28.7,31,0
6401512.033,2026-08-11T10:00:00Z,29.8,27,0
6401512.033,2026-08-11T11:00:00Z,30.4,27,0
6401512.033,2026-08-11T12:00:00Z,31.8,25,0
6401512.033,2026-08-11T13:00:00Z,31.8,27,0
6401512.033,2026-08-11T14:00:00Z,31.6,29,0
6401512.033,2026-08-11T15:00:00Z,31.1,32,0
6401512.033,2026-08-11T16:00:00Z,30.1,37,0
6401512.033,2026-08-11T17:00:00Z,27.8,44,0
6401512.033,2026-08-11T18:00:00Z,26.4,47,0
6401512.033,2026-08-11T19:00:00Z,25.4,52,0
6401512.033,2026-08-11T20:00:00Z,24.2,56,0
6401512.033,2026-08-11T21:00:00Z,24.5,55,0
6401512.033,2026-08-11T22:00:00Z,23.8,60,0
6401512.033,2026-08-11T23:00:00Z,22.9,64,0
6401512.033,2026-08-12T00:00:00Z,21.9,64,0.6
6401512.033,2026-08-12T01:00:00Z,21.3,64,0
6401512.033,2026-08-12T02:00:00Z,20.5,66,0
6401512.033,2026-08-12T03:00:00Z,19.8,68,0
6401512.033,2026-08-12T04:00:00Z,19.8,69,0
6401512.033,2026-08-12T05:00:00Z,20.4,64,0
6401512.033,2026-08-12T06:00:00Z,20.2,62,0
6401512.033,2026-08-12T07:00:00Z,21.1,58,0
6401512.033,2026-08-12T08:00:00Z,21.6,55,0.1
6401512.033,2026-08-12T09:00:00Z,23.6,45,0
6401512.033,2026-08-12T10:00:00Z,24.8,38,0
6401512.033,2026-08-12T11:00:00Z,25.2,35,0
6401512.033,2026-08-12T12:00:00Z,25.7,31,0
6401512.033,2026-08-12T13:00:00Z,25.6,31,0
6401512.033,2026-08-12T14:00:00Z,25.5,31,0
6401512.033,2026-08-12T15:00:00Z,25.1,32,0
6401512.033,2026-08-12T16:00:00Z,24.3,34,0
6401512.033,2026-08-12T17:00:00Z,22.7,38,0
6401512.033,2026-08-12T18:00:00Z,21.0,41,0
6401512.033,2026-08-12T19:00:00Z,19.8,44,0
6401512.033,2026-08-12T20:00:00Z,18.7,48,0
6401512.033,2026-08-12T21:00:00Z,18.0,50,0
6401512.033,2026-08-12T22:00:00Z,17.2,53,0
6401512.033,2026-08-12T23:00:00Z,16.3,57,0
6401512.033,2026-08-13T00:00:00Z,15.5,61,0
6401512.033,2026-08-13T01:00:00Z,14.9,64,0
6401512.033,2026-08-13T02:00:00Z,14.4,65,0
6401512.033,2026-08-13T03:00:00Z,13.7,68,0
6401512.033,2026-08-13T04:00:00Z,14.6,67,0
6401512.033,2026-08-13T05:00:00Z,16.4,60,0
6401512.033,2026-08-13T06:00:00Z,18.2,54,0
6401512.033,2026-08-13T07:00:00Z,20.3,48,0
6401512.033,2026-08-13T08:00:00Z,22.1,41,0
6401512.033,2026-08-13T09:00:00Z,23.1,35,0
6401512.033,2026-08-13T10:00:00Z,23.8,34,0
6401512.033,2026-08-13T11:00:00Z,24.2,32,0
6401512.033,2026-08-13T12:00:00Z,25.4,30,0
6401512.033,2026-08-13T13:00:00Z,25.3,29,0
6401512.033,2026-08-13T14:00:00Z,25.2,29,0
6401512.033,2026-08-13T15:00:00Z,24.6,29,0
6401512.033,2026-08-13T16:00:00Z,23.8,32,0
6401512.033,2026-08-13T17:00:00Z,21.1,45,0
6401512.033,2026-08-13T18:00:00Z,19.3,47,0
6401512.033,2026-08-13T19:00:00Z,19.3,44,0
6401512.033,2026-08-13T20:00:00Z,18.7,45,0
6401512.033,2026-08-13T21:00:00Z,17.5,51,0
6401512.033,2026-08-13T22:00:00Z,16.9,57,0
6401512.033,2026-08-13T23:00:00Z,16.2,60,0
6401512.033,2026-08-14T00:00:00Z,13.9,69,0
6401512.033,2026-08-14T01:00:00Z,13.4,71,0
6401512.033,2026-08-14T02:00:00Z,13.1,74,0
6401512.033,2026-08-14T03:00:00Z,13.0,74,0
6401512.033,2026-08-14T04:00:00Z,14.0,72,0
6401512.033,2026-08-14T05:00:00Z,16.1,65,0
6401512.033,2026-08-14T06:00:00Z,17.9,58,0
6401512.033,2026-08-14T07:00:00Z,20.1,51,0
6401512.033,2026-08-14T08:00:00Z,22.1,44,0
6401512.033,2026-08-14T09:00:00Z,23.5,38,0
6401512.033,2026-08-14T10:00:00Z,24.6,34,0
6401512.033,2026-08-14T11:00:00Z,24.7,33,0
6401512.033,2026-08-14T12:00:00Z,25.7,30,0
6401512.033,2026-08-14T13:00:00Z,25.6,29,0
6401512.033,2026-08-14T14:00:00Z,25.4,29,0
6401512.033,2026-08-14T15:00:00Z,25.4,28,0
6401512.033,2026-08-14T16:00:00Z,24.2,31,0
6401512.033,2026-08-14T17:00:00Z,21.7,41,0
6401512.033,2026-08-14T18:00:00Z,19.8,47,0
6401512.033,2026-08-14T19:00:00Z,19.1,44,0
6401512.033,2026-08-14T20:00:00Z,18.1,49,0
6401512.033,2026-08-14T21:00:00Z,17.0,52,0
6401512.033,2026-08-14T22:00:00Z,16.2,56,0
6401512.033,2026-08-14T23:00:00Z,15.4,60,0
6401512.033,2026-08-15T00:00:00Z,13.7,67,0
6401512.033,2026-08-15T01:00:00Z,13.4,69,0
6401512.033,2026-08-15T02:00:00Z,13.2,70,0
6401512.033,2026-08-15T03:00:00Z,13.0,72,0
6401512.033,2026-08-15T04:00:00Z,14.1,71,0
6401512.033,2026-08-15T05:00:00Z,16.4,63,0
6401512.033,2026-08-15T06:00:00Z,18.7,54,0
6401512.033,2026-08-15T07:00:00Z,21.0,47,0
6401512.033,2026-08-15T08:00:00Z,23.0,40,0
6401512.033,2026-08-15T09:00:00Z,24.4,35,0
6401512.033,2026-08-15T10:00:00Z,25.1,35,0
6401512.033,2026-08-15T11:00:00Z,25.8,34,0
6401512.033,2026-08-15T12:00:00Z,26.9,31,0
6401512.033,2026-08-15T13:00:00Z,27.5,30,0
6401512.033,2026-08-15T14:00:00Z,27.1,31,0
6401512.033,2026-08-15T15:00:00Z,26.4,32,0
6401512.033,2026-08-15T16:00:00Z,25.3,43,0
6401512.033,2026-08-15T17:00:00Z,23.0,50,0
6401512.033,2026-08-15T18:00:00Z,21.0,52,0
6401512.033,2026-08-15T19:00:00Z,20.0,55,0
6401512.033,2026-08-15T20:00:00Z,19.4,56,0
6401512.033,2026-08-15T21:00:00Z,18.9,60,0
6401512.033,2026-08-15T22:00:00Z,18.1,62,0
6401512.033,2026-08-15T23:00:00Z,17.1,65,0
6401512.033,2026-08-16T00:00:00Z,15.8,65,0
6401512.033,2026-08-16T01:00:00Z,15.4,66,0
6401512.033,2026-08-16T02:00:00Z,14.9,69,0
6401512.033,2026-08-16T03:00:00Z,14.4,72,0
6401512.033,2026-08-16T04:00:00Z,15.3,74,0
6401512.033,2026-08-16T05:00:00Z,18.4,66,0
6401512.033,2026-08-16T06:00:00Z,21.1,55,0
6401512.033,2026-08-16T07:00:00Z,23.8,48,0
6401512.033,2026-08-16T08:00:00Z,26.1,38,0
6401512.033,2026-08-16T09:00:00Z,27.3,32,0
6401512.033,2026-08-16T10:00:00Z,28.1,30,0
6401512.033,2026-08-16T11:00:00Z,28.5,29,0
6401512.033,2026-08-16T12:00:00Z,29.7,27,0
6401512.033,2026-08-16T13:00:00Z,29.6,27,0
6401512.033,2026-08-16T14:00:00Z,29.4,27,0
6401512.033,2026-08-16T15:00:00Z,28.9,29,0
6401512.033,2026-08-16T16:00:00Z,27.3,39,0
6401512.033,2026-08-16T17:00:00Z,24.2,48,0
6401512.033,2026-08-16T18:00:00Z,22.6,48,0
6401512.033,2026-08-16T19:00:00Z,22.0,45,0
6401512.033,2026-08-16T20:00:00Z,21.0,46,0
6401512.033,2026-08-16T21:00:00Z,19.7,50,0
6401512.033,2026-08-16T22:00:00Z,19.4,52,0
6401512.033,2026-08-16T23:00:00Z,19.3,51,0
6401512.033,2026-08-17T00:00:00Z,18.3,56,0
6401512.033,2026-08-17T01:00:00Z,17.8,59,0
6401512.033,2026-08-17T02:00:00Z,17.3,63,0
6401512.033,2026-08-17T03:00:00Z,16.5,68,0
6401512.033,2026-08-17T04:00:00Z,17.5,67,0
6401512.033,2026-08-17T05:00:00Z,20.2,58,0
6401512.033,2026-08-17T06:00:00Z,22.3,51,0
6401512.033,2026-08-17T07:00:00Z,25.1,44,0
6401512.033,2026-08-17T08:00:00Z,27.6,36,0
6401512.033,2026-08-17T09:00:00Z,28.9,29,0
6401512.033,2026-08-17T10:00:00Z,29.7,27,0
6401512.033,2026-08-17T11:00:00Z,30.3,26,0
6401512.033,2026-08-17T12:00:00Z,31.1,23,0
6401512.033,2026-08-17T13:00:00Z,31.0,24,0
6401512.033,2026-08-17T14:00:00Z,30.8,24,0
6401512.033,2026-08-17T15:00:00Z,30.3,25,0
6401512.033,2026-08-17T16:00:00Z,28.7,32,0
6401512.033,2026-08-17T17:00:00Z,26.0,37,0
6401512.033,2026-08-17T18:00:00Z,24.5,39,0
6401512.033,2026-08-17T19:00:00Z,23.8,39,0
6401512.033,2026-08-17T20:00:00Z,22.4,43,0
6401512.033,2026-08-17T21:00:00Z,21.9,47,0
6401512.033,2026-08-17T22:00:00Z,21.7,47,0
6401512.033,2026-08-17T23:00:00Z,20.8,49,0
6401512.033,2026-08-18T00:00:00Z,19.5,54,0
6401512.033,2026-08-18T01:00:00Z,19.4,55,0
6401512.033,2026-08-18T02:00:00Z,19.1,56,0
6401512.033,2026-08-18T03:00:00Z,19.0,57,0
6401512.033,2026-08-18T04:00:00Z,19.4,59,0
6401512.033,2026-08-18T05:00:00Z,20.8,58,0
6401512.033,2026-08-18T06:00:00Z,22.5,54,0
6401512.033,2026-08-18T07:00:00Z,24.8,48,0
6401512.033,2026-08-18T08:00:00Z,27.1,42,0
6401512.033,2026-08-18T09:00:00Z,29.1,36,0
6401512.033,2026-08-18T10:00:00Z,30.5,32,0
6401512.033,2026-08-18T11:00:00Z,29.1,36,0.3
6401512.033,2026-08-18T12:00:00Z,27.8,41,1.6
6401512.033,2026-08-18T13:00:00Z,21.9,72,1.6
6401512.033,2026-08-18T14:00:00Z,21.6,69,0.4
6401512.033,2026-08-18T15:00:00Z,20.0,78,0.5
6401512.033,2026-08-18T16:00:00Z,20.1,75,0.5
6401512.033,2026-08-18T17:00:00Z,19.4,69,0
6401512.033,2026-08-18T18:00:00Z,18.1,73,0
6401512.033,2026-08-18T19:00:00Z,17.0,78,0
6401512.033,2026-08-18T20:00:00Z,16.0,82,0
6401512.033,2026-08-18T21:00:00Z,15.3,84,0
6401512.033,2026-08-18T22:00:00Z,14.8,86,0
6401512.033,2026-08-18T23:00:00Z,14.7,86,0
6401512.033,2026-08-19T00:00:00Z,14.7,84,0
6401512.033,2026-08-19T01:00:00Z,14.5,85,0
6401512.033,2026-08-19T02:00:00Z,14.4,86,0
6401512.033,2026-08-19T03:00:00Z,14.1,87,0
6401512.033,2026-08-19T04:00:00Z,14.6,86,0
6401512.033,2026-08-19T05:00:00Z,16.3,78,0
6401512.033,2026-08-19T06:00:00Z,18.2,68,0
6401512.033,2026-08-19T07:00:00Z,20.1,59,0
6401512.033,2026-08-19T08:00:00Z,21.7,52,0
6401512.033,2026-08-19T09:00:00Z,22.9,48,0
6401512.033,2026-08-19T10:00:00Z,23.3,45,0.1
6401512.033,2026-08-19T11:00:00Z,24.4,40,0.1
6401512.033,2026-08-19T12:00:00Z,25.2,38,0.1
6401512.033,2026-08-19T13:00:00Z,25.3,38,0
6401512.033,2026-08-19T14:00:00Z,25.4,38,0
6401512.033,2026-08-19T15:00:00Z,25.0,39,0
6401512.033,2026-08-19T16:00:00Z,24.0,47,0
6401512.033,2026-08-19T17:00:00Z,21.9,56,0
6401512.033,2026-08-19T18:00:00Z,20.7,55,0
6401512.033,2026-08-19T19:00:00Z,20.4,55,0
6401512.033,2026-08-19T20:00:00Z,19.9,57,0
6401512.033,2026-08-19T21:00:00Z,19.0,60,0
6401512.033,2026-08-19T22:00:00Z,18.1,64,0
6401512.033,2026-08-19T23:00:00Z,17.4,67,0
6401512.033,2026-08-20T00:00:00Z,15.9,75,0
6401512.033,2026-08-20T01:00:00Z,15.4,79,0
6401512.033,2026-08-20T02:00:00Z,14.9,84,0
6401512.033,2026-08-20T03:00:00Z,14.5,88,0
6401512.033,2026-08-20T04:00:00Z,15.5,85,0
6401512.033,2026-08-20T05:00:00Z,18.5,74,0
6401512.033,2026-08-20T06:00:00Z,21.4,63,0
6401512.033,2026-08-20T07:00:00Z,24.5,52,0
6401512.033,2026-08-20T08:00:00Z,27.0,43,0
6401512.033,2026-08-20T09:00:00Z,28.4,37,0
6401512.033,2026-08-20T10:00:00Z,29.5,34,0
6401512.033,2026-08-20T11:00:00Z,30.4,32,0
6401512.033,2026-08-20T12:00:00Z,31.8,28,0
6401512.033,2026-08-20T13:00:00Z,32.0,28,0
6401512.033,2026-08-20T14:00:00Z,31.8,30,0
6401512.033,2026-08-20T15:00:00Z,31.3,31,0
6401512.033,2026-08-20T16:00:00Z,29.7,38,0
6401512.033,2026-08-20T17:00:00Z,27.0,44,0
6401512.033,2026-08-20T18:00:00Z,26.7,42,0
6401512.033,2026-08-20T19:00:00Z,26.4,43,0
6401512.033,2026-08-20T20:00:00Z,24.6,55,0
6401512.033,2026-08-20T21:00:00Z,23.2,61,0
6401512.033,2026-08-20T22:00:00Z,22.2,64,0
6401512.033,2026-08-20T23:00:00Z,21.4,68,0
6401512.033,2026-08-21T00:00:00Z,20.4,76,0
6401512.033,2026-08-21T01:00:00Z,20.1,79,0
6401512.033,2026-08-21T02:00:00Z,19.8,81,0
6401512.033,2026-08-21T03:00:00Z,19.5,82,0
6401512.033,2026-08-21T04:00:00Z,19.9,79,0
6401512.033,2026-08-21T05:00:00Z,21.6,71,0
6401512.033,2026-08-21T06:00:00Z,23.5,62,0
6401512.033,2026-08-21T07:00:00Z,25.8,54,0
6401512.033,2026-08-21T08:00:00Z,28.0,47,0
6401512.033,2026-08-21T09:00:00Z,30.0,41,0
6401512.033,2026-08-21T10:00:00Z,31.6,36,0
6401512.033,2026-08-21T11:00:00Z,32.6,33,0
6401512.033,2026-08-21T12:00:00Z,33.7,30,0
6401512.033,2026-08-21T13:00:00Z,33.5,31,0
6401512.033,2026-08-21T14:00:00Z,33.0,32,0
6401512.033,2026-08-21T15:00:00Z,32.2,33,0
6401512.033,2026-08-21T16:00:00Z,30.8,38,0
6401512.033,2026-08-21T17:00:00Z,28.5,44,0
6401512.033,2026-08-21T18:00:00Z,27.1,48,0
6401512.033,2026-08-21T19:00:00Z,25.5,54,0
6401512.033,2026-08-21T20:00:00Z,23.9,60,0
6401512.033,2026-08-21T21:00:00Z,22.6,67,0
6401512.033,2026-08-21T22:00:00Z,21.5,72,0
6401512.033,2026-08-21T23:00:00Z,20.5,78,0
6401512.033,2026-08-22T00:00:00Z,18.6,85,0
6401512.033,2026-08-22T01:00:00Z,18.1,89,0
6401512.033,2026-08-22T02:00:00Z,17.5,93,0
6401512.033,2026-08-22T03:00:00Z,17.2,95,0
6401512.033,2026-08-22T04:00:00Z,17.6,94,0
6401512.033,2026-08-22T05:00:00Z,19.3,86,0
6401512.033,2026-08-22T06:00:00Z,21.2,77,0
6401512.033,2026-08-22T07:00:00Z,23.6,65,0
6401512.033,2026-08-22T08:00:00Z,26.0,53,0
6401512.033,2026-08-22T09:00:00Z,27.9,44,0
6401512.033,2026-08-22T10:00:00Z,29.4,39,0
6401512.033,2026-08-22T11:00:00Z,30.5,36,0
6401512.033,2026-08-22T12:00:00Z,32.2,31,0
6401512.033,2026-08-22T13:00:00Z,32.5,30,0
6401512.033,2026-08-22T14:00:00Z,32.5,29,0
6401512.033,2026-08-22T15:00:00Z,32.0,30,0
6401512.033,2026-08-22T16:00:00Z,30.5,36,0
6401512.033,2026-08-22T17:00:00Z,27.2,47,0
6401512.033,2026-08-22T18:00:00Z,26.3,47,0
6401512.033,2026-08-22T19:00:00Z,25.6,49,0
6401512.033,2026-08-22T20:00:00Z,25.1,47,0
6401512.033,2026-08-22T21:00:00Z,25.1,58,0
6401512.033,2026-08-22T22:00:00Z,24.5,66,0
6401512.033,2026-08-22T23:00:00Z,23.8,69,0
6401512.033,2026-08-23T00:00:00Z,22.5,66,0
6401512.033,2026-08-23T01:00:00Z,21.9,64,0
6401512.033,2026-08-23T02:00:00Z,21.4,61,0
6401512.033,2026-08-23T03:00:00Z,20.6,61,0
6401512.033,2026-08-23T04:00:00Z,20.1,61,0
6401512.033,2026-08-23T05:00:00Z,20.7,59,0
6401512.033,2026-08-23T06:00:00Z,21.4,56,0
6401512.033,2026-08-23T07:00:00Z,23.0,50,0
6401512.033,2026-08-23T08:00:00Z,24.7,43,0
6401512.033,2026-08-23T09:00:00Z,26.2,37,0
6401512.033,2026-08-23T10:00:00Z,27.2,34,0
6401512.033,2026-08-23T11:00:00Z,27.8,32,0
6401512.033,2026-08-23T12:00:00Z,28.7,30,0
6401512.033,2026-08-23T13:00:00Z,28.1,31,0
6401512.033,2026-08-23T14:00:00Z,27.8,32,0
6401512.033,2026-08-23T15:00:00Z,27.2,33,0
6401512.033,2026-08-23T16:00:00Z,26.2,36,0
6401512.033,2026-08-23T17:00:00Z,24.1,41,0
6401512.033,2026-08-23T18:00:00Z,23.1,45,0
6401512.033,2026-08-23T19:00:00Z,22.1,49,0
6401512.033,2026-08-23T20:00:00Z,20.8,53,0
6401512.033,2026-08-23T21:00:00Z,20.1,54,0
6401512.033,2026-08-23T22:00:00Z,19.7,54,0
6401512.033,2026-08-23T23:00:00Z,19.0,56,0
6401512.033,2026-08-24T00:00:00Z,17.7,60,0
6401512.033,2026-08-24T01:00:00Z,17.1,63,0
6401512.033,2026-08-24T02:00:00Z,16.3,67,0
6401512.033,2026-08-24T03:00:00Z,16.0,69,0
6401512.033,2026-08-24T04:00:00Z,16.6,69,0
6401512.033,2026-08-24T05:00:00Z,18.4,59,0
6401512.033,2026-08-24T06:00:00Z,19.7,54,0
6401512.033,2026-08-24T07:00:00Z,20.6,51,0
6401512.033,2026-08-24T08:00:00Z,20.8,51,0
6401512.033,2026-08-24T09:00:00Z,21.3,49,0
6401512.033,2026-08-24T10:00:00Z,21.8,47,0
6401512.033,2026-08-24T11:00:00Z,22.0,46,0
6401512.033,2026-08-24T12:00:00Z,24.5,36,0
6401512.033,2026-08-24T13:00:00Z,24.3,37,0
6401512.033,2026-08-24T14:00:00Z,24.7,37,0
6401512.033,2026-08-24T15:00:00Z,24.4,38,0
6401512.033,2026-08-24T16:00:00Z,23.7,42,0
6401512.033,2026-08-24T17:00:00Z,21.7,47,0
6401512.033,2026-08-24T18:00:00Z,21.0,52,0.3
6401512.033,2026-08-24T19:00:00Z,20.1,58,0
6401512.033,2026-08-24T20:00:00Z,19.0,65,0.1
6401512.033,2026-08-24T21:00:00Z,17.6,80,0.1
6401512.033,2026-08-24T22:00:00Z,16.9,91,0.1
6401512.033,2026-08-24T23:00:00Z,16.8,94,0.1
6401512.033,2026-08-25T00:00:00Z,16.3,92,0
6401512.033,2026-08-25T01:00:00Z,16.1,94,0
6401512.033,2026-08-25T02:00:00Z,15.3,96,0
6401512.033,2026-08-25T03:00:00Z,15.1,96,0
6401512.033,2026-08-25T04:00:00Z,15.8,96,0
6401512.033,2026-08-25T05:00:00Z,17.7,87,0
6401512.033,2026-08-25T06:00:00Z,19.3,78,0
6401512.033,2026-08-25T07:00:00Z,21.5,66,0
6401512.033,2026-08-25T08:00:00Z,23.3,58,0
6401512.033,2026-08-25T09:00:00Z,24.7,55,0
6401512.033,2026-08-25T10:00:00Z,25.8,52,0
6401512.033,2026-08-25T11:00:00Z,26.2,51,0
6401512.033,2026-08-25T12:00:00Z,27.5,46,0
6401512.033,2026-08-25T13:00:00Z,28.1,41,0
6401512.033,2026-08-25T14:00:00Z,28.1,41,0
6401512.033,2026-08-25T15:00:00Z,27.8,42,0
6401512.033,2026-08-25T16:00:00Z,26.9,48,0
6401512.033,2026-08-25T17:00:00Z,24.3,56,0
6401512.033,2026-08-25T18:00:00Z,24.0,57,0
6401512.033,2026-08-25T19:00:00Z,20.5,85,1.4
6401512.033,2026-08-25T20:00:00Z,19.8,89,0.9
6401512.033,2026-08-25T21:00:00Z,20.3,86,0.1
6401512.033,2026-08-25T22:00:00Z,19.6,92,0.6
6401512.033,2026-08-25T23:00:00Z,18.9,93,0
6401512.033,2026-08-26T00:00:00Z,18.6,95,2.2
6401512.033,2026-08-26T01:00:00Z,18.5,97,0
6401512.033,2026-08-26T02:00:00Z,18.5,98,0.1
6401512.033,2026-08-26T03:00:00Z,18.4,98,0.7
6401512.033,2026-08-26T04:00:00Z,18.5,98,1.5
6401512.033,2026-08-26T05:00:00Z,18.5,98,0.9
6401512.033,2026-08-26T06:00:00Z,17.5,98,0.1
6401512.033,2026-08-26T07:00:00Z,17.9,96,0.6
6401512.033,2026-08-26T08:00:00Z,18.4,94,0.1
6401512.033,2026-08-26T09:00:00Z,18.8,94,0.6
6401512.033,2026-08-26T10:00:00Z,19.5,93,0.9
6401512.033,2026-08-26T11:00:00Z,19.8,88,0.4
6401512.033,2026-08-26T12:00:00Z,18.8,88,0.3
6401512.033,2026-08-26T13:00:00Z,19.1,91,2.0
6401512.033,2026-08-26T14:00:00Z,19.3,92,1.0
6401512.033,2026-08-26T15:00:00Z,18.3,96,2.5
6401512.033,2026-08-26T16:00:00Z,17.9,96,3.0
6401512.033,2026-08-26T17:00:00Z,17.6,96,1.0
6401512.033,2026-08-26T18:00:00Z,17.5,96,0.2
6401512.033,2026-08-26T19:00:00Z,17.3,96,0.1
6401512.033,2026-08-26T20:00:00Z,17.2,97,0
6401512.033,2026-08-26T21:00:00Z,17.1,97,0
6401512.033,2026-08-26T22:00:00Z,17.0,97,0
6401512.033,2026-08-26T23:00:00Z,17.0,97,0
6401512.033,2026-08-27T00:00:00Z,16.5,98,0
6401512.033,2026-08-27T01:00:00Z,16.5,98,0.1
6401512.033,2026-08-27T02:00:00Z,16.6,98,0.4
6401512.033,2026-08-27T03:00:00Z,16.3,99,0.2
6401512.033,2026-08-27T04:00:00Z,16.4,98,0.2
6401512.033,2026-08-27T05:00:00Z,16.6,97,0.2
6401512.033,2026-08-27T06:00:00Z,16.1,98,0.2
6401512.033,2026-08-27T07:00:00Z,16.3,97,0.5
6401512.033,2026-08-27T08:00:00Z,16.9,92,0.1
6401512.033,2026-08-27T09:00:00Z,18.7,79,0.2
6401512.033,2026-08-27T10:00:00Z,20.2,68,0.1
6401512.033,2026-08-27T11:00:00Z,21.1,62,0
6401512.033,2026-08-27T12:00:00Z,20.6,61,0
6401512.033,2026-08-27T13:00:00Z,20.9,58,0
6401512.033,2026-08-27T14:00:00Z,20.1,62,0.1
6401512.033,2026-08-27T15:00:00Z,19.0,71,0.2
6401512.033,2026-08-27T16:00:00Z,18.3,75,0.1
6401512.033,2026-08-27T17:00:00Z,17.0,84,0.3
6401512.033,2026-08-27T18:00:00Z,16.7,87,0.4
6401512.033,2026-08-27T19:00:00Z,16.3,89,0.1
6401512.033,2026-08-27T20:00:00Z,15.1,92,0
6401512.033,2026-08-27T21:00:00Z,14.9,92,0.1
6401512.033,2026-08-27T22:00:00Z,14.0,95,0
6401512.033,2026-08-27T23:00:00Z,13.3,96,0
6401512.033,2026-08-28T00:00:00Z,12.9,90,0
6401512.033,2026-08-28T01:00:00Z,12.8,89,0
6401512.033,2026-08-28T02:00:00Z,12.7,88,0
6401512.033,2026-08-28T03:00:00Z,12.6,87,0
6401512.033,2026-08-28T04:00:00Z,13.0,85,0
6401512.033,2026-08-28T05:00:00Z,14.8,80,0
6401512.033,2026-08-28T06:00:00Z,16.3,75,0
6401512.033,2026-08-28T07:00:00Z,18.1,69,0
6401512.033,2026-08-28T08:00:00Z,19.5,62,0
6401512.033,2026-08-28T09:00:00Z,20.8,55,0
6401512.033,2026-08-28T10:00:00Z,21.5,51,0
6401512.033,2026-08-28T11:00:00Z,21.5,51,0
6401512.033,2026-08-28T12:00:00Z,21.5,55,0
6401512.033,2026-08-28T13:00:00Z,22.4,52,0
6401512.033,2026-08-28T14:00:00Z,22.4,50,0
6401512.033,2026-08-28T15:00:00Z,22.2,53,0
6401512.033,2026-08-28T16:00:00Z,21.1,61,0
6401512.033,2026-08-28T17:00:00Z,18.6,67,0
6401512.033,2026-08-28T18:00:00Z,17.6,69,0
6401512.033,2026-08-28T19:00:00Z,16.8,72,0
6401512.033,2026-08-28T20:00:00Z,16.1,75,0
6401512.033,2026-08-28T21:00:00Z,15.2,80,0
6401512.033,2026-08-28T22:00:00Z,14.5,83,0
6401512.033,2026-08-28T23:00:00Z,14.0,84,0
6401512.033,2026-08-29T00:00:00Z,13.5,83,0
6401512.033,2026-08-29T01:00:00Z,13.2,82,0
6401512.033,2026-08-29T02:00:00Z,12.7,83,0
6401512.033,2026-08-29T03:00:00Z,12.2,85,0
6401512.033,2026-08-29T04:00:00Z,12.7,84,0
6401512.033,2026-08-29T05:00:00Z,15.2,77,0
6401512.033,2026-08-29T06:00:00Z,17.4,70,0
6401512.033,2026-08-29T07:00:00Z,19.7,64,0
6401512.033,2026-08-29T08:00:00Z,21.7,60,0
6401512.033,2026-08-29T09:00:00Z,23.4,56,0
6401512.033,2026-08-29T10:00:00Z,24.8,51,0
6401512.033,2026-08-29T11:00:00Z,25.7,44,0
6401512.033,2026-08-29T12:00:00Z,27.1,40,0
6401512.033,2026-08-29T13:00:00Z,26.9,41,0
6401512.033,2026-08-29T14:00:00Z,26.6,44,0
6401512.033,2026-08-29T15:00:00Z,25.8,50,0
6401512.033,2026-08-29T16:00:00Z,24.0,66,0
6401512.033,2026-08-29T17:00:00Z,21.6,69,0
6401512.033,2026-08-29T18:00:00Z,21.6,63,0
6401512.033,2026-08-29T19:00:00Z,20.8,66,0
6401512.033,2026-08-29T20:00:00Z,19.6,71,0
6401512.033,2026-08-29T21:00:00Z,19.0,73,0
6401512.033,2026-08-29T22:00:00Z,18.4,74,0
6401512.033,2026-08-29T23:00:00Z,17.4,76,0
6401512.033,2026-08-30T00:00:00Z,16.9,81,0
6401512.033,2026-08-30T01:00:00Z,16.6,83,0
6401512.033,2026-08-30T02:00:00Z,16.2,85,0
6401512.033,2026-08-30T03:00:00Z,16.0,86,0
6401512.033,2026-08-30T04:00:00Z,16.6,86,0
6401512.033,2026-08-30T05:00:00Z,17.1,92,1.5
6401512.033,2026-08-30T06:00:00Z,16.8,94,1.7
6401512.033,2026-08-30T07:00:00Z,19.8,90,0.4
6401512.033,2026-08-30T08:00:00Z,22.7,72,0
6401512.033,2026-08-30T09:00:00Z,24.8,57,0
6401512.033,2026-08-30T10:00:00Z,26.1,50,0
6401512.033,2026-08-30T11:00:00Z,26.9,45,0
6401512.033,2026-08-30T12:00:00Z,27.6,41,0
6401512.033,2026-08-30T13:00:00Z,27.9,40,0
6401512.033,2026-08-30T14:00:00Z,28.1,39,0
6401512.033,2026-08-30T15:00:00Z,27.0,50,0
6401512.033,2026-08-30T16:00:00Z,25.1,57,0
6401512.033,2026-08-30T17:00:00Z,22.8,60,0
6401512.033,2026-08-30T18:00:00Z,22.1,59,0
6401512.033,2026-08-30T19:00:00Z,21.9,55,0
6401512.033,2026-08-30T20:00:00Z,21.5,54,0
6401512.033,2026-08-30T21:00:00Z,20.9,57,0
6401512.033,2026-08-30T22:00:00Z,20.0,59,0
6401512.033,2026-08-30T23:00:00Z,19.3,60,0
6401512.033,2026-08-31T00:00:00Z,18.3,65,0
6401512.033,2026-08-31T01:00:00Z,18.0,66,0
6401512.033,2026-08-31T02:00:00Z,17.1,70,0
6401512.033,2026-08-31T03:00:00Z,16.4,74,0
6401512.033,2026-08-31T04:00:00Z,16.5,75,0
6401512.033,2026-08-31T05:00:00Z,19.0,67,0
6401512.033,2026-08-31T06:00:00Z,21.5,58,0
6401512.033,2026-08-31T07:00:00Z,23.7,51,0
6401512.033,2026-08-31T08:00:00Z,25.7,45,0
6401512.033,2026-08-31T09:00:00Z,27.3,41,0
6401512.033,2026-08-31T10:00:00Z,28.2,38,0
6401512.033,2026-08-31T11:00:00Z,28.6,36,0
6401512.033,2026-08-31T12:00:00Z,29.6,32,0
6401512.033,2026-08-31T13:00:00Z,29.6,32,0
6401512.033,2026-08-31T14:00:00Z,29.2,33,0
6401512.033,2026-08-31T15:00:00Z,28.2,40,0
6401512.033,2026-08-31T16:00:00Z,25.9,48,0
6401512.033,2026-08-31T17:00:00Z,23.8,52,0
6401512.033,2026-08-31T18:00:00Z,23.2,50,0
6401512.033,2026-08-31T19:00:00Z,22.9,48,0
6401512.033,2026-08-31T20:00:00Z,22.1,46,0
6401512.033,2026-08-31T21:00:00Z,21.1,48,0
6401512.033,2026-08-31T22:00:00Z,20.3,49,0
6401512.033,2026-08-31T23:00:00Z,19.4,51,0
6401512.033,2026-09-01T00:00:00Z,18.5,54,0
6401512.033,2026-09-01T01:00:00Z,18.1,52,0
6401512.033,2026-09-01T02:00:00Z,17.4,52,0
6401512.033,2026-09-01T03:00:00Z,16.7,53,0
6401512.033,2026-09-01T04:00:00Z,16.6,53,0
6401512.033,2026-09-01T05:00:00Z,18.6,51,0
6401512.033,2026-09-01T06:00:00Z,20.6,49,0
6401512.033,2026-09-01T07:00:00Z,22.5,44,0
6401512.033,2026-09-01T08:00:00Z,24.5,37,0
6401512.033,2026-09-01T09:00:00Z,26.1,34,0
6401512.033,2026-09-01T10:00:00Z,27.1,29,0
6401512.033,2026-09-01T11:00:00Z,24.4,38,0.1
6401512.033,2026-09-01T12:00:00Z,27.4,24,0.2
6401512.033,2026-09-01T13:00:00Z,28.4,26,0
6401512.033,2026-09-01T14:00:00Z,27.1,38,0
6401512.033,2026-09-01T15:00:00Z,25.0,59,0
6401512.033,2026-09-01T16:00:00Z,23.5,65,0
6401512.033,2026-09-01T17:00:00Z,22.5,68,0
6401512.033,2026-09-01T18:00:00Z,21.8,70,0
6401512.033,2026-09-01T19:00:00Z,20.7,75,0
6401512.033,2026-09-01T20:00:00Z,19.9,80,0
6401512.033,2026-09-01T21:00:00Z,19.2,83,0
6401512.033,2026-09-01T22:00:00Z,18.6,85,0
6401512.033,2026-09-01T23:00:00Z,18.1,85,0
6401512.033,2026-09-02T00:00:00Z,17.0,85,0
6401512.033,2026-09-02T01:00:00Z,16.5,86,0
6401512.033,2026-09-02T02:00:00Z,15.9,89,0
6401512.033,2026-09-02T03:00:00Z,15.4,91,0
6401512.033,2026-09-02T04:00:00Z,15.3,91,0
6401512.033,2026-09-02T05:00:00Z,17.5,82,0
6401512.033,2026-09-02T06:00:00Z,19.5,72,0
6401512.033,2026-09-02T07:00:00Z,21.7,62,0
6401512.033,2026-09-02T08:00:00Z,23.4,56,0
6401512.033,2026-09-02T09:00:00Z,24.6,51,0
6401512.033,2026-09-02T10:00:00Z,25.5,48,0
6401512.033,2026-09-02T11:00:00Z,25.9,45,0
6401512.033,2026-09-02T12:00:00Z,27.2,40,0
6401512.033,2026-09-02T13:00:00Z,26.9,40,0
6401512.033,2026-09-02T14:00:00Z,26.1,42,0
6401512.033,2026-09-02T15:00:00Z,25.5,44,0
6401512.033,2026-09-02T16:00:00Z,24.0,50,0
6401512.033,2026-09-02T17:00:00Z,21.8,59,0
6401512.033,2026-09-02T18:00:00Z,21.9,60,0
6401512.033,2026-09-02T19:00:00Z,20.4,72,0.4
6401512.033,2026-09-02T20:00:00Z,19.8,75,0.1
6401512.033,2026-09-02T21:00:00Z,18.7,80,0
6401512.033,2026-09-02T22:00:00Z,17.9,88,0.4
6401512.033,2026-09-02T23:00:00Z,17.0,91,0.7
6401512.033,2026-09-03T00:00:00Z,17.8,75,0.6
6401512.033,2026-09-03T01:00:00Z,16.0,93,0.8
6401512.033,2026-09-03T02:00:00Z,15.7,97,0.6
6401512.033,2026-09-03T03:00:00Z,15.9,97,0.4
6401512.033,2026-09-03T04:00:00Z,15.7,96,0.1
6401512.033,2026-09-03T05:00:00Z,16.9,95,0
6401512.033,2026-09-03T06:00:00Z,18.3,88,0
6401512.033,2026-09-03T07:00:00Z,20.2,75,0
6401512.033,2026-09-03T08:00:00Z,22.5,60,0
6401512.033,2026-09-03T09:00:00Z,23.5,54,0
6401512.033,2026-09-03T10:00:00Z,25.1,49,0
6401512.033,2026-09-03T11:00:00Z,25.4,47,0
6401512.033,2026-09-03T12:00:00Z,26.1,42,0
6401512.033,2026-09-03T13:00:00Z,25.8,41,0
6401512.033,2026-09-03T14:00:00Z,25.3,44,0.1
6401512.033,2026-09-03T15:00:00Z,24.7,44,0.1
6401512.033,2026-09-03T16:00:00Z,23.4,48,0
6401512.033,2026-09-03T17:00:00Z,21.6,56,0
6401512.033,2026-09-03T18:00:00Z,21.1,57,0
6401512.033,2026-09-03T19:00:00Z,20.3,57,0
6401512.033,2026-09-03T20:00:00Z,19.0,61,0
6401512.033,2026-09-03T21:00:00Z,17.9,67,0
6401512.033,2026-09-03T22:00:00Z,16.8,73,0
6401512.033,2026-09-03T23:00:00Z,16.1,77,0
6401512.033,2026-09-04T00:00:00Z,15.2,81,0
6401512.033,2026-09-04T01:00:00Z,14.8,83,0
6401512.033,2026-09-04T02:00:00Z,14.4,86,0
6401512.033,2026-09-04T03:00:00Z,14.1,86,0
6401512.033,2026-09-04T04:00:00Z,14.6,84,0
6401512.033,2026-09-04T05:00:00Z,17.3,73,0
6401512.033,2026-09-04T06:00:00Z,19.3,67,0
6401512.033,2026-09-04T07:00:00Z,22.2,57,0
6401512.033,2026-09-04T08:00:00Z,24.5,48,0
6401512.033,2026-09-04T09:00:00Z,26.0,41,0
6401512.033,2026-09-04T10:00:00Z,27.0,38,0
6401512.033,2026-09-04T11:00:00Z,27.3,37,0
6401512.033,2026-09-04T12:00:00Z,27.5,34,0
6401512.033,2026-09-04T13:00:00Z,27.3,34,0
6401512.033,2026-09-04T14:00:00Z,26.9,35,0
6401512.033,2026-09-04T15:00:00Z,26.4,36,0
6401512.033,2026-09-04T16:00:00Z,24.7,44,0
6401512.033,2026-09-04T17:00:00Z,22.6,51,0
6401512.033,2026-09-04T18:00:00Z,22.5,51,0
6401512.033,2026-09-04T19:00:00Z,22.1,55,0
6401512.033,2026-09-04T20:00:00Z,20.8,56,0
6401512.033,2026-09-04T21:00:00Z,19.5,61,0
6401512.033,2026-09-04T22:00:00Z,19.2,63,0
6401512.033,2026-09-04T23:00:00Z,18.3,67,0
6401512.033,2026-09-05T00:00:00Z,17.1,70,0
6401512.033,2026-09-05T01:00:00Z,17.4,67,0
6401512.033,2026-09-05T02:00:00Z,17.0,69,0
6401512.033,2026-09-05T03:00:00Z,16.6,71,0
6401512.033,2026-09-05T04:00:00Z,16.7,72,0
6401512.033,2026-09-05T05:00:00Z,19.4,61,0
6401512.033,2026-09-05T06:00:00Z,22.3,53,0
6401512.033,2026-09-05T07:00:00Z,25.2,45,0
6401512.033,2026-09-05T08:00:00Z,27.4,39,0
6401512.033,2026-09-05T09:00:00Z,29.1,35,0
6401512.033,2026-09-05T10:00:00Z,30.6,32,0
6401512.033,2026-09-05T11:00:00Z,31.3,30,0
6401512.033,2026-09-05T12:00:00Z,32.7,26,0
6401512.033,2026-09-05T13:00:00Z,32.5,26,0
6401512.033,2026-09-05T14:00:00Z,30.8,31,0
6401512.033,2026-09-05T15:00:00Z,28.3,43,0
6401512.033,2026-09-05T16:00:00Z,27.2,49,0
6401512.033,2026-09-05T17:00:00Z,25.6,50,0
6401512.033,2026-09-05T18:00:00Z,17.6,88,0.6
6401512.033,2026-09-05T19:00:00Z,16.7,91,2.3
6401512.033,2026-09-05T20:00:00Z,16.9,91,0.2
6401512.033,2026-09-05T21:00:00Z,16.3,91,0.2
6401512.033,2026-09-05T22:00:00Z,16.1,91,0
6401512.033,2026-09-05T23:00:00Z,16.1,90,0
6401512.033,2026-09-06T00:00:00Z,16.6,76,0
6401512.033,2026-09-06T01:00:00Z,15.3,82,0
6401512.033,2026-09-06T02:00:00Z,14.2,86,0
6401512.033,2026-09-06T03:00:00Z,13.9,86,0
6401512.033,2026-09-06T04:00:00Z,13.9,86,0
6401512.033,2026-09-06T05:00:00Z,15.7,79,0
6401512.033,2026-09-06T06:00:00Z,15.5,79,0
6401512.033,2026-09-06T07:00:00Z,17.4,71,0
6401512.033,2026-09-06T08:00:00Z,18.9,61,0
6401512.033,2026-09-06T09:00:00Z,19.7,53,0.3
6401512.033,2026-09-06T10:00:00Z,21.2,47,0
6401512.033,2026-09-06T11:00:00Z,20.8,44,0.2
6401512.033,2026-09-06T12:00:00Z,21.5,40,0.1
6401512.033,2026-09-06T13:00:00Z,21.3,40,0
6401512.033,2026-09-06T14:00:00Z,20.6,40,0
6401512.033,2026-09-06T15:00:00Z,19.8,41,0
6401512.033,2026-09-06T16:00:00Z,18.9,44,0
6401512.033,2026-09-06T17:00:00Z,18.0,45,0
6401512.033,2026-09-06T18:00:00Z,17.2,49,0
6401512.033,2026-09-06T19:00:00Z,16.7,51,0
6401512.033,2026-09-06T20:00:00Z,15.6,58,0
6401512.033,2026-09-06T21:00:00Z,15.2,62,0
6401512.033,2026-09-06T22:00:00Z,14.9,64,0
6401512.033,2026-09-06T23:00:00Z,14.5,66,0
6401512.033,2026-09-07T00:00:00Z,13.4,69,0
6401512.033,2026-09-07T01:00:00Z,13.0,72,0
6401512.033,2026-09-07T02:00:00Z,12.6,74,0
6401512.033,2026-09-07T03:00:00Z,12.2,77,0
6401512.033,2026-09-07T04:00:00Z,12.1,78,0
6401512.033,2026-09-07T05:00:00Z,13.3,75,0
6401512.033,2026-09-07T06:00:00Z,14.7,71,0
6401512.033,2026-09-07T07:00:00Z,16.3,66,0
6401512.033,2026-09-07T08:00:00Z,17.8,62,0
6401512.033,2026-09-07T09:00:00Z,19.2,55,0
6401512.033,2026-09-07T10:00:00Z,20.6,47,0
6401512.033,2026-09-07T11:00:00Z,21.0,44,0
6401512.033,2026-09-07T12:00:00Z,21.7,42,0
6401512.033,2026-09-07T13:00:00Z,21.7,40,0
6401512.033,2026-09-07T14:00:00Z,21.6,38,0
6401512.033,2026-09-07T15:00:00Z,20.9,40,0
6401512.033,2026-09-07T16:00:00Z,19.7,45,0
6401512.033,2026-09-07T17:00:00Z,17.7,52,0
6401512.033,2026-09-07T18:00:00Z,16.2,58,0
6401512.033,2026-09-07T19:00:00Z,15.5,62,0
6401512.033,2026-09-07T20:00:00Z,15.1,63,0
6401512.033,2026-09-07T21:00:00Z,14.5,65,0
6401512.033,2026-09-07T22:00:00Z,13.8,67,0
6401512.033,2026-09-07T23:00:00Z,13.2,70,0
6401512.033,2026-09-08T00:00:00Z,11.6,76,0
6401512.033,2026-09-08T01:00:00Z,11.4,79,0
6401512.033,2026-09-08T02:00:00Z,11.2,81,0
6401512.033,2026-09-08T03:00:00Z,10.9,84,0
6401512.033,2026-09-08T04:00:00Z,11.0,85,0
6401512.033,2026-09-08T05:00:00Z,13.5,76,0
6401512.033,2026-09-08T06:00:00Z,16.1,65,0
6401512.033,2026-09-08T07:00:00Z,18.7,55,0
6401512.033,2026-09-08T08:00:00Z,20.6,47,0
6401512.033,2026-09-08T09:00:00Z,21.9,42,0
6401512.033,2026-09-08T10:00:00Z,22.7,40,0
6401512.033,2026-09-08T11:00:00Z,23.3,39,0
6401512.033,2026-09-08T12:00:00Z,24.7,36,0
6401512.033,2026-09-08T13:00:00Z,24.7,36,0
6401512.033,2026-09-08T14:00:00Z,24.4,37,0
6401512.033,2026-09-08T15:00:00Z,23.8,40,0
6401512.033,2026-09-08T16:00:00Z,21.4,55,0
6401512.033,2026-09-08T17:00:00Z,19.0,62,0
6401512.033,2026-09-08T18:00:00Z,17.9,64,0
6401512.033,2026-09-08T19:00:00Z,17.1,66,0
6401512.033,2026-09-08T20:00:00Z,16.6,65,0
6401512.033,2026-09-08T21:00:00Z,15.9,67,0
6401512.033,2026-09-08T22:00:00Z,15.4,69,0
6401512.033,2026-09-08T23:00:00Z,15.4,68,0
6401512.033,2026-09-09T00:00:00Z,14.8,72,0
6401512.033,2026-09-09T01:00:00Z,14.6,74,0
6401512.033,2026-09-09T02:00:00Z,14.2,77,0
6401512.033,2026-09-09T03:00:00Z,13.9,80,0
6401512.033,2026-09-09T04:00:00Z,13.7,82,0
6401512.033,2026-09-09T05:00:00Z,15.7,76,0
6401512.033,2026-09-09T06:00:00Z,18.1,67,0
6401512.033,2026-09-09T07:00:00Z,20.6,60,0
6401512.033,2026-09-09T08:00:00Z,22.8,53,0
6401512.033,2026-09-09T09:00:00Z,24.4,45,0
6401512.033,2026-09-09T10:00:00Z,25.4,40,0
6401512.033,2026-09-09T11:00:00Z,26.1,38,0
6401512.033,2026-09-09T12:00:00Z,27.2,34,0
6401512.033,2026-09-09T13:00:00Z,27.1,34,0
6401512.033,2026-09-09T14:00:00Z,26.7,35,0
6401512.033,2026-09-09T15:00:00Z,25.9,37,0
6401512.033,2026-09-09T16:00:00Z,23.7,45,0
6401512.033,2026-09-09T17:00:00Z,21.3,53,0
6401512.033,2026-09-09T18:00:00Z,20.6,55,0
6401512.033,2026-09-09T19:00:00Z,20.0,58,0
6401512.033,2026-09-09T20:00:00Z,19.2,64,0
6401512.033,2026-09-09T21:00:00Z,18.5,68,0
6401512.033,2026-09-09T22:00:00Z,17.7,71,0
6401512.033,2026-09-09T23:00:00Z,17.0,73,0
6401512.033,2026-09-10T00:00:00Z,16.1,77,0
6401512.033,2026-09-10T01:00:00Z,16.0,78,0
6401512.033,2026-09-10T02:00:00Z,15.7,80,0
6401512.033,2026-09-10T03:00:00Z,15.3,83,0
6401512.033,2026-09-10T04:00:00Z,15.2,85,0
6401512.033,2026-09-10T05:00:00Z,16.6,80,0
6401512.033,2026-09-10T06:00:00Z,18.7,71,0
6401512.033,2026-09-10T07:00:00Z,20.9,63,0
6401512.033,2026-09-10T08:00:00Z,22.9,56,0
6401512.033,2026-09-10T09:00:00Z,24.7,49,0
6401512.033,2026-09-10T10:00:00Z,26.0,44,0
6401512.033,2026-09-10T11:00:00Z,27.0,40,0
6401512.033,2026-09-10T12:00:00Z,28.5,37,0
6401512.033,2026-09-10T13:00:00Z,28.7,36,0
6401512.033,2026-09-10T14:00:00Z,28.5,35,0
6401512.033,2026-09-10T15:00:00Z,27.8,37,0
6401512.033,2026-09-10T16:00:00Z,25.5,45,0
6401512.033,2026-09-10T17:00:00Z,23.2,53,0
6401512.033,2026-09-10T18:00:00Z,22.2,54,0
6401512.033,2026-09-10T19:00:00Z,21.3,57,0
6401512.033,2026-09-10T20:00:00Z,20.6,61,0
6401512.033,2026-09-10T21:00:00Z,19.9,67,0
6401512.033,2026-09-10T22:00:00Z,18.6,76,0
6401512.033,2026-09-10T23:00:00Z,17.8,81,0
6401512.033,2026-09-11T00:00:00Z,17.1,84,0
6401512.033,2026-09-11T01:00:00Z,16.6,82,0
6401512.033,2026-09-11T02:00:00Z,15.8,84,0
6401512.033,2026-09-11T03:00:00Z,15.4,84,0
6401512.033,2026-09-11T04:00:00Z,15.3,86,0
6401512.033,2026-09-11T05:00:00Z,17.4,80,0
6401512.033,2026-09-11T06:00:00Z,18.9,76,0
6401512.033,2026-09-11T07:00:00Z,20.5,70,0
6401512.033,2026-09-11T08:00:00Z,22.4,63,0
6401512.033,2026-09-11T09:00:00Z,24.0,57,0
6401512.033,2026-09-11T10:00:00Z,25.4,53,0
6401512.033,2026-09-11T11:00:00Z,26.4,49,0
6401512.033,2026-09-11T12:00:00Z,27.5,45,0
6401512.033,2026-09-11T13:00:00Z,27.6,44,0
6401512.033,2026-09-11T14:00:00Z,27.6,44,0
6401512.033,2026-09-11T15:00:00Z,27.2,45,0
6401512.033,2026-09-11T16:00:00Z,25.4,54,0
6401512.033,2026-09-11T17:00:00Z,23.6,62,0
6401512.033,2026-09-11T18:00:00Z,23.2,63,0
6401512.033,2026-09-11T19:00:00Z,22.8,63,0
6401512.033,2026-09-11T20:00:00Z,22.3,66,0
6401512.033,2026-09-11T21:00:00Z,20.9,74,0
6401512.033,2026-09-11T22:00:00Z,20.8,69,0
6401512.033,2026-09-11T23:00:00Z,20.2,70,0
6401512.033,2026-09-12T00:00:00Z,18.8,73,0
6401512.033,2026-09-12T01:00:00Z,18.2,73,0
6401512.033,2026-09-12T02:00:00Z,17.6,76,0
6401512.033,2026-09-12T03:00:00Z,17.0,82,0
6401512.033,2026-09-12T04:00:00Z,16.6,88,0
6401512.033,2026-09-12T05:00:00Z,18.3,83,0
6401512.033,2026-09-12T06:00:00Z,19.9,75,0
6401512.033,2026-09-12T07:00:00Z,22.0,68,0
6401512.033,2026-09-12T08:00:00Z,23.6,63,0
6401512.033,2026-09-12T09:00:00Z,24.9,57,0
6401512.033,2026-09-12T10:00:00Z,25.4,53,0
6401512.033,2026-09-12T11:00:00Z,24.4,55,0
6401512.033,2026-09-12T12:00:00Z,24.4,60,0
6401512.033,2026-09-12T13:00:00Z,23.4,64,0
6401512.033,2026-09-12T14:00:00Z,21.9,71,0
6401512.033,2026-09-12T15:00:00Z,20.1,87,0.4
6401512.033,2026-09-12T16:00:00Z,19.2,96,1.0
6401512.033,2026-09-12T17:00:00Z,18.5,96,0.5
6401512.033,2026-09-12T18:00:00Z,17.9,94,0.4
6401512.033,2026-09-12T19:00:00Z,17.5,96,1.6
6401512.033,2026-09-12T20:00:00Z,17.2,97,2.7
6401512.033,2026-09-12T21:00:00Z,16.5,97,2.8
6401512.033,2026-09-12T22:00:00Z,15.5,97,2.3
6401512.033,2026-09-12T23:00:00Z,14.8,97,0.8
6401512.033,2026-09-13T00:00:00Z,14.1,97,1.7
6401512.033,2026-09-13T01:00:00Z,13.7,98,0.3
6401512.033,2026-09-13T02:00:00Z,13.5,97,0.9
6401512.033,2026-09-13T03:00:00Z,13.3,97,0.3
6401512.033,2026-09-13T04:00:00Z,13.4,97,0.5
6401512.033,2026-09-13T05:00:00Z,13.5,97,0.6
6401512.033,2026-09-13T06:00:00Z,13.4,98,0.7
6401512.033,2026-09-13T07:00:00Z,13.9,96,1.0
6401512.033,2026-09-13T08:00:00Z,14.6,95,1.2
6401512.033,2026-09-13T09:00:00Z,15.3,94,1.6
6401512.033,2026-09-13T10:00:00Z,15.9,93,1.3
6401512.033,2026-09-13T11:00:00Z,16.2,94,0.6
6401512.033,2026-09-13T12:00:00Z,16.1,94,0.4
6401512.033,2026-09-13T13:00:00Z,16.0,95,0.5
6401512.033,2026-09-13T14:00:00Z,15.8,96,0.6
6401512.033,2026-09-13T15:00:00Z,15.5,96,0.4
6401512.033,2026-09-13T16:00:00Z,15.2,96,0.2
6401512.033,2026-09-13T17:00:00Z,14.8,96,0.2
6401512.033,2026-09-13T18:00:00Z,14.6,95,0.1
6401512.033,2026-09-13T19:00:00Z,14.6,95,0.2
6401512.033,2026-09-13T20:00:00Z,14.4,96,0.2
6401512.033,2026-09-13T21:00:00Z,14.2,96,0.1
6401512.033,2026-09-13T22:00:00Z,14.0,95,0
6401512.033,2026-09-13T23:00:00Z,13.9,94,0
6401512.033,2026-09-14T00:00:00Z,14.0,96,0
6401512.033,2026-09-14T01:00:00Z,14.1,94,0
6401512.033,2026-09-14T02:00:00Z,14.2,92,0
6401512.033,2026-09-14T03:00:00Z,14.3,90,0
6401512.033,2026-09-14T04:00:00Z,14.3,89,0
6401512.033,2026-09-14T05:00:00Z,14.6,86,0
6401512.033,2026-09-14T06:00:00Z,15.5,81,0
6401512.033,2026-09-14T07:00:00Z,16.8,70,0
6401512.033,2026-09-14T08:00:00Z,18.5,58,0
6401512.033,2026-09-14T09:00:00Z,19.7,51,0
6401512.033,2026-09-14T10:00:00Z,20.6,45,0
6401512.033,2026-09-14T11:00:00Z,20.7,44,0
6401512.033,2026-09-14T12:00:00Z,20.8,45,0
6401512.033,2026-09-14T13:00:00Z,20.3,48,0.1
6401512.033,2026-09-14T14:00:00Z,19.4,50,0
6401512.033,2026-09-14T15:00:00Z,18.7,53,0
6401512.033,2026-09-14T16:00:00Z,17.4,58,0
6401512.033,2026-09-14T17:00:00Z,15.6,65,0
6401512.033,2026-09-14T18:00:00Z,15.3,71,0
6401512.033,2026-09-14T19:00:00Z,14.3,75,0
6401512.033,2026-09-14T20:00:00Z,13.7,74,0
6401512.033,2026-09-14T21:00:00Z,13.3,71,0
6401512.033,2026-09-14T22:00:00Z,12.8,73,0
6401512.033,2026-09-14T23:00:00Z,12.2,76,0
6401512.033,2026-09-15T00:00:00Z,11.7,79,0
6401512.033,2026-09-15T01:00:00Z,11.5,81,0
6401512.033,2026-09-15T02:00:00Z,11.3,82,0
6401512.033,2026-09-15T03:00:00Z,11.0,85,0
6401512.033,2026-09-15T04:00:00Z,10.8,87,0
6401512.033,2026-09-15T05:00:00Z,12.2,84,0
6401512.033,2026-09-15T06:00:00Z,13.8,78,0
6401512.033,2026-09-15T07:00:00Z,16.1,71,0
6401512.033,2026-09-15T08:00:00Z,18.3,64,0
6401512.033,2026-09-15T09:00:00Z,19.6,56,0.1
6401512.033,2026-09-15T10:00:00Z,20.5,50,0
6401512.033,2026-09-15T11:00:00Z,20.8,50,0.1
6401512.033,2026-09-15T12:00:00Z,21.7,44,0
6401512.033,2026-09-15T13:00:00Z,21.6,44,0
6401512.033,2026-09-15T14:00:00Z,21.5,43,0
6401512.033,2026-09-15T15:00:00Z,20.6,48,0
6401512.033,2026-09-15T16:00:00Z,18.3,59,0
6401512.033,2026-09-15T17:00:00Z,16.3,67,0
6401512.033,2026-09-15T18:00:00Z,16.2,68,0
6401512.033,2026-09-15T19:00:00Z,15.2,71,0
6401512.033,2026-09-15T20:00:00Z,14.4,75,0
6401512.033,2026-09-15T21:00:00Z,13.7,79,0
6401512.033,2026-09-15T22:00:00Z,13.0,82,0
6401512.033,2026-09-15T23:00:00Z,12.3,86,0
6401512.033,2026-09-16T00:00:00Z,11.2,88,0
6401512.033,2026-09-16T01:00:00Z,10.8,90,0
6401512.033,2026-09-16T02:00:00Z,10.5,91,0
6401512.033,2026-09-16T03:00:00Z,10.2,93,0
6401512.033,2026-09-16T04:00:00Z,10.0,94,0
6401512.033,2026-09-16T05:00:00Z,11.9,89,0
6401512.033,2026-09-16T06:00:00Z,14.4,80,0
6401512.033,2026-09-16T07:00:00Z,17.2,70,0
6401512.033,2026-09-16T08:00:00Z,19.4,59,0
6401512.033,2026-09-16T09:00:00Z,20.7,53,0
6401512.033,2026-09-16T10:00:00Z,21.5,50,0
6401512.033,2026-09-16T11:00:00Z,21.9,48,0
6401512.033,2026-09-16T12:00:00Z,23.1,41,0
6401512.033,2026-09-16T13:00:00Z,22.8,41,0
6401512.033,2026-09-16T14:00:00Z,22.4,42,0
6401512.033,2026-09-16T15:00:00Z,21.5,50,0
6401512.033,2026-09-16T16:00:00Z,19.1,57,0
6401512.033,2026-09-16T17:00:00Z,17.5,60,0
6401512.033,2026-09-16T18:00:00Z,16.5,63,0
6401512.033,2026-09-16T19:00:00Z,15.6,72,0
6401512.033,2026-09-16T20:00:00Z,15.1,74,0
6401512.033,2026-09-16T21:00:00Z,14.4,75,0
6401512.033,2026-09-16T22:00:00Z,13.6,80,0
6401512.033,2026-09-16T23:00:00Z,13.1,81,0
6401512.033,2026-09-17T00:00:00Z,11.6,85,0
6401512.033,2026-09-17T01:00:00Z,11.2,86,0
6401512.033,2026-09-17T02:00:00Z,11.0,87,0
6401512.033,2026-09-17T03:00:00Z,10.8,87,0
6401512.033,2026-09-17T04:00:00Z,10.6,89,0
6401512.033,2026-09-17T05:00:00Z,12.9,83,0
6401512.033,2026-09-17T06:00:00Z,15.8,74,0
6401512.033,2026-09-17T07:00:00Z,18.6,66,0
6401512.033,2026-09-17T08:00:00Z,21.0,58,0
6401512.033,2026-09-17T09:00:00Z,22.5,49,0
6401512.033,2026-09-17T10:00:00Z,23.3,44,0
6401512.033,2026-09-17T11:00:00Z,23.8,43,0
6401512.033,2026-09-17T12:00:00Z,25.0,39,0
6401512.033,2026-09-17T13:00:00Z,24.8,39,0
6401512.033,2026-09-17T14:00:00Z,24.5,40,0
6401512.033,2026-09-17T15:00:00Z,23.2,47,0
6401512.033,2026-09-17T16:00:00Z,20.7,55,0
6401512.033,2026-09-17T17:00:00Z,19.0,60,0
6401512.033,2026-09-17T18:00:00Z,18.4,60,0
6401512.033,2026-09-17T19:00:00Z,17.5,63,0
6401512.033,2026-09-17T20:00:00Z,16.3,69,0
6401512.033,2026-09-17T21:00:00Z,15.5,72,0
6401512.033,2026-09-17T22:00:00Z,14.6,78,0
6401512.033,2026-09-17T23:00:00Z,14.2,79,0
6401512.033,2026-09-18T00:00:00Z,14.0,81,0
6401512.033,2026-09-18T01:00:00Z,14.1,82,0
6401512.033,2026-09-18T02:00:00Z,14.7,79,0
6401512.033,2026-09-18T03:00:00Z,15.0,77,0
6401512.033,2026-09-18T04:00:00Z,13.8,83,0
6401512.033,2026-09-18T05:00:00Z,15.3,78,0
6401512.033,2026-09-18T06:00:00Z,17.3,71,0
6401512.033,2026-09-18T07:00:00Z,19.5,65,0
6401512.033,2026-09-18T08:00:00Z,21.7,58,0
6401512.033,2026-09-18T09:00:00Z,23.4,50,0
6401512.033,2026-09-18T10:00:00Z,24.4,43,0
6401512.033,2026-09-18T11:00:00Z,24.8,41,0
6401512.033,2026-09-18T12:00:00Z,25.7,38,0
6401512.033,2026-09-18T13:00:00Z,25.4,38,0
6401512.033,2026-09-18T14:00:00Z,24.8,40,0
6401512.033,2026-09-18T15:00:00Z,23.7,46,0
6401512.033,2026-09-18T16:00:00Z,21.2,53,0
6401512.033,2026-09-18T17:00:00Z,19.5,59,0
6401512.033,2026-09-18T18:00:00Z,18.8,62,0
6401512.033,2026-09-18T19:00:00Z,18.3,62,0
6401512.033,2026-09-18T20:00:00Z,17.3,65,0
6401512.033,2026-09-18T21:00:00Z,16.8,66,0
6401512.033,2026-09-18T22:00:00Z,16.8,66,0
6401512.033,2026-09-18T23:00:00Z,17.3,66,0
6401512.033,2026-09-19T00:00:00Z,16.7,72,0
6401512.033,2026-09-19T01:00:00Z,16.7,74,0
6401512.033,2026-09-19T02:00:00Z,16.3,77,0
6401512.033,2026-09-19T03:00:00Z,15.6,81,0
6401512.033,2026-09-19T04:00:00Z,15.2,83,0
6401512.033,2026-09-19T05:00:00Z,16.9,78,0
6401512.033,2026-09-19T06:00:00Z,18.8,70,0
6401512.033,2026-09-19T07:00:00Z,20.5,64,0
6401512.033,2026-09-19T08:00:00Z,21.6,62,0
6401512.033,2026-09-19T09:00:00Z,22.5,61,0
6401512.033,2026-09-19T10:00:00Z,23.0,62,0
6401512.033,2026-09-19T11:00:00Z,23.3,61,0
6401512.033,2026-09-19T12:00:00Z,22.9,60,0.1
6401512.033,2026-09-19T13:00:00Z,22.9,58,0.2
6401512.033,2026-09-19T14:00:00Z,23.1,56,0.1
6401512.033,2026-09-19T15:00:00Z,22.4,58,0
6401512.033,2026-09-19T16:00:00Z,20.7,67,0
6401512.033,2026-09-19T17:00:00Z,19.0,70,0
6401512.033,2026-09-19T18:00:00Z,18.1,64,0
6401512.033,2026-09-19T19:00:00Z,17.2,64,0
6401512.033,2026-09-19T20:00:00Z,16.3,67,0
6401512.033,2026-09-19T21:00:00Z,15.3,69,0
6401512.033,2026-09-19T22:00:00Z,14.4,73,0
6401512.033,2026-09-19T23:00:00Z,13.8,77,0
6401512.033,2026-09-20T00:00:00Z,13.0,80,0
6401512.033,2026-09-20T01:00:00Z,12.5,83,0
6401512.033,2026-09-20T02:00:00Z,11.9,86,0
6401512.033,2026-09-20T03:00:00Z,11.6,87,0
6401512.033,2026-09-20T04:00:00Z,11.3,88,0
6401512.033,2026-09-20T05:00:00Z,13.4,82,0
6401512.033,2026-09-20T06:00:00Z,15.8,74,0
6401512.033,2026-09-20T07:00:00Z,18.9,63,0
6401512.033,2026-09-20T08:00:00Z,21.1,53,0
6401512.033,2026-09-20T09:00:00Z,22.4,45,0
6401512.033,2026-09-20T10:00:00Z,23.2,42,0
6401512.033,2026-09-20T11:00:00Z,23.7,40,0
6401512.033,2026-09-20T12:00:00Z,25.1,36,0
6401512.033,2026-09-20T13:00:00Z,25.0,36,0
6401512.033,2026-09-20T14:00:00Z,24.5,37,0
6401512.033,2026-09-20T15:00:00Z,23.4,43,0
6401512.033,2026-09-20T16:00:00Z,20.6,54,0
6401512.033,2026-09-20T17:00:00Z,19.7,56,0
6401512.033,2026-09-20T18:00:00Z,18.6,56,0
6401512.033,2026-09-20T19:00:00Z,17.1,63,0
6401512.033,2026-09-20T20:00:00Z,16.3,68,0
6401512.033,2026-09-20T21:00:00Z,15.8,69,0
6401512.033,2026-09-20T22:00:00Z,15.3,70,0
6401512.033,2026-09-20T23:00:00Z,14.9,70,0
6401512.033,2026-09-21T00:00:00Z,14.2,75,0
6401512.033,2026-09-21T01:00:00Z,14.3,74,0
6401512.033,2026-09-21T02:00:00Z,14.2,74,0
6401512.033,2026-09-21T03:00:00Z,13.6,77,0
6401512.033,2026-09-21T04:00:00Z,12.8,82,0
6401512.033,2026-09-21T05:00:00Z,14.8,75,0
6401512.033,2026-09-21T06:00:00Z,17.2,68,0
6401512.033,2026-09-21T07:00:00Z,19.6,63,0
6401512.033,2026-09-21T08:00:00Z,21.9,54,0
6401512.033,2026-09-21T09:00:00Z,22.5,48,0
6401512.033,2026-09-21T10:00:00Z,21.7,50,0
6401512.033,2026-09-21T11:00:00Z,19.5,62,0.1
6401512.033,2026-09-21T12:00:00Z,16.4,93,0.8
6401512.033,2026-09-21T13:00:00Z,15.5,91,0.6
6401512.033,2026-09-21T14:00:00Z,13.6,92,0.6
6401512.033,2026-09-21T15:00:00Z,13.8,79,0
6401512.033,2026-09-21T16:00:00Z,13.2,78,0
6401512.033,2026-09-21T17:00:00Z,12.4,80,0
6401512.033,2026-09-21T18:00:00Z,11.7,80,0
6401512.033,2026-09-21T19:00:00Z,10.9,82,0
6401512.033,2026-09-21T20:00:00Z,10.5,83,0
6401512.033,2026-09-21T21:00:00Z,10.1,87,0
6401512.033,2026-09-21T22:00:00Z,10.0,89,0
6401512.033,2026-09-21T23:00:00Z,9.9,90,0
6401512.033,2026-09-22T00:00:00Z,9.1,90,0
6401512.033,2026-09-22T01:00:00Z,8.7,91,0
6401512.033,2026-09-22T02:00:00Z,8.4,93,0
6401512.033,2026-09-22T03:00:00Z,8.2,94,0
6401512.033,2026-09-22T04:00:00Z,8.0,94,0
6401512.033,2026-09-22T05:00:00Z,9.2,88,0
6401512.033,2026-09-22T06:00:00Z,11.1,80,0
6401512.033,2026-09-22T07:00:00Z,12.8,71,0
6401512.033,2026-09-22T08:00:00Z,14.2,61,0.1
6401512.033,2026-09-22T09:00:00Z,15.5,52,0
6401512.033,2026-09-22T10:00:00Z,16.2,49,0
6401512.033,2026-09-22T11:00:00Z,16.9,46,0
6401512.033,2026-09-22T12:00:00Z,16.2,51,0
6401512.033,2026-09-22T13:00:00Z,16.4,50,0
6401512.033,2026-09-22T14:00:00Z,16.1,49,0
6401512.033,2026-09-22T15:00:00Z,15.5,51,0
6401512.033,2026-09-22T16:00:00Z,13.2,62,0
6401512.033,2026-09-22T17:00:00Z,11.9,68,0
6401512.033,2026-09-22T18:00:00Z,12.0,67,0
6401512.033,2026-09-22T19:00:00Z,11.3,72,0
6401512.033,2026-09-22T20:00:00Z,10.2,79,0
6401512.033,2026-09-22T21:00:00Z,9.6,85,0
6401512.033,2026-09-22T22:00:00Z,9.0,90,0
6401512.033,2026-09-22T23:00:00Z,8.7,93,0
6401512.033,2026-09-23T00:00:00Z,7.8,96,0
6401512.033,2026-09-23T01:00:00Z,7.5,97,0
6401512.033,2026-09-23T02:00:00Z,7.2,98,0
6401512.033,2026-09-23T03:00:00Z,7.1,97,0
6401512.033,2026-09-23T04:00:00Z,7.1,97,0
6401512.033,2026-09-23T05:00:00Z,8.0,93,0
6401512.033,2026-09-23T06:00:00Z,9.2,86,0
6401512.033,2026-09-23T07:00:00Z,11.0,79,0
6401512.033,2026-09-23T08:00:00Z,12.5,73,0
6401512.033,2026-09-23T09:00:00Z,14.2,63,0
6401512.033,2026-09-23T10:00:00Z,14.8,58,0
6401512.033,2026-09-23T11:00:00Z,14.9,55,0
6401512.033,2026-09-23T12:00:00Z,14.6,61,0
6401512.033,2026-09-23T13:00:00Z,14.3,61,0
6401512.033,2026-09-23T14:00:00Z,14.2,61,0
6401512.033,2026-09-23T15:00:00Z,13.7,62,0
6401512.033,2026-09-23T16:00:00Z,13.2,63,0
6401512.033,2026-09-23T17:00:00Z,12.9,69,0
6401512.033,2026-09-23T18:00:00Z,11.1,93,0.1
6401512.033,2026-09-23T19:00:00Z,10.7,95,1.4
6401512.033,2026-09-23T20:00:00Z,10.8,95,0.3
6401512.033,2026-09-23T21:00:00Z,10.6,95,0.3
6401512.033,2026-09-23T22:00:00Z,10.4,95,0.2
6401512.033,2026-09-23T23:00:00Z,10.3,94,0.1
6401512.033,2026-09-24T00:00:00Z,10.1,94,0.1
6401512.033,2026-09-24T01:00:00Z,10.1,94,0.2
6401512.033,2026-09-24T02:00:00Z,10.0,93,0.1
6401512.033,2026-09-24T03:00:00Z,9.8,92,0.1
6401512.033,2026-09-24T04:00:00Z,9.8,90,0.1
6401512.033,2026-09-24T05:00:00Z,10.1,87,0
6401512.033,2026-09-24T06:00:00Z,11.3,80,0
6401512.033,2026-09-24T07:00:00Z,13.0,70,0
6401512.033,2026-09-24T08:00:00Z,14.1,63,0.2
6401512.033,2026-09-24T09:00:00Z,14.3,65,0.2
6401512.033,2026-09-24T10:00:00Z,15.0,61,0.2
6401512.033,2026-09-24T11:00:00Z,15.1,57,0.1
6401512.033,2026-09-24T12:00:00Z,16.9,47,0
6401512.033,2026-09-24T13:00:00Z,16.7,45,0
6401512.033,2026-09-24T14:00:00Z,16.5,45,0
6401512.033,2026-09-24T15:00:00Z,15.7,50,0
6401512.033,2026-09-24T16:00:00Z,13.5,63,0
6401512.033,2026-09-24T17:00:00Z,13.3,63,0
6401512.033,2026-09-24T18:00:00Z,12.3,66,0
6401512.033,2026-09-24T19:00:00Z,11.9,67,0
6401512.033,2026-09-24T20:00:00Z,11.3,69,0
6401512.033,2026-09-24T21:00:00Z,10.4,74,0
6401512.033,2026-09-24T22:00:00Z,10.4,78,0
6401512.033,2026-09-24T23:00:00Z,9.9,81,0
6401512.033,2026-09-25T00:00:00Z,9.7,82,0
6401512.033,2026-09-25T01:00:00Z,8.9,84,0
6401512.033,2026-09-25T02:00:00Z,8.2,86,0
6401512.033,2026-09-25T03:00:00Z,7.6,88,0
6401512.033,2026-09-25T04:00:00Z,7.6,89,0
6401512.033,2026-09-25T05:00:00Z,8.8,84,0
6401512.033,2026-09-25T06:00:00Z,11.0,77,0
6401512.033,2026-09-25T07:00:00Z,13.6,66,0
6401512.033,2026-09-25T08:00:00Z,16.0,57,0
6401512.033,2026-09-25T09:00:00Z,17.9,49,0
6401512.033,2026-09-25T10:00:00Z,19.1,40,0
6401512.033,2026-09-25T11:00:00Z,19.7,37,0
6401512.033,2026-09-25T12:00:00Z,20.1,34,0
6401512.033,2026-09-25T13:00:00Z,19.8,34,0
6401512.033,2026-09-25T14:00:00Z,19.3,43,0
6401512.033,2026-09-25T15:00:00Z,18.2,48,0
6401512.033,2026-09-25T16:00:00Z,15.9,55,0
6401512.033,2026-09-25T17:00:00Z,15.1,58,0
6401512.033,2026-09-25T18:00:00Z,14.6,70,0
6401512.033,2026-09-25T19:00:00Z,13.8,74,0
6401512.033,2026-09-25T20:00:00Z,12.8,79,0
6401512.033,2026-09-25T21:00:00Z,11.8,84,0
6401512.033,2026-09-25T22:00:00Z,11.3,88,0
6401512.033,2026-09-25T23:00:00Z,11.1,90,0
6401512.033,2026-09-26T00:00:00Z,10.5,91,0
6401512.033,2026-09-26T01:00:00Z,9.7,93,0
6401512.033,2026-09-26T02:00:00Z,9.8,94,0
6401512.033,2026-09-26T03:00:00Z,9.8,94,0
6401512.033,2026-09-26T04:00:00Z,9.8,95,0
6401512.033,2026-09-26T05:00:00Z,11.1,91,0
6401512.033,2026-09-26T06:00:00Z,12.6,84,0
6401512.033,2026-09-26T07:00:00Z,14.8,76,0
6401512.033,2026-09-26T08:00:00Z,16.9,68,0
6401512.033,2026-09-26T09:00:00Z,18.4,59,0
6401512.033,2026-09-26T10:00:00Z,19.2,54,0
6401512.033,2026-09-26T11:00:00Z,19.7,51,0
6401512.033,2026-09-26T12:00:00Z,19.0,48,0
6401512.033,2026-09-26T13:00:00Z,18.6,51,0
6401512.033,2026-09-26T14:00:00Z,18.2,54,0
6401512.033,2026-09-26T15:00:00Z,17.5,63,0
6401512.033,2026-09-26T16:00:00Z,15.6,71,0
6401512.033,2026-09-26T17:00:00Z,15.1,72,0
6401512.033,2026-09-26T18:00:00Z,14.8,70,0
6401512.033,2026-09-26T19:00:00Z,13.9,72,0
6401512.033,2026-09-26T20:00:00Z,13.0,77,0
6401512.033,2026-09-26T21:00:00Z,12.3,79,0
6401512.033,2026-09-26T22:00:00Z,11.3,84,0
6401512.033,2026-09-26T23:00:00Z,10.5,87,0
6401512.033,2026-09-27T00:00:00Z,9.4,92,0
6401512.033,2026-09-27T01:00:00Z,8.9,92,0
6401512.033,2026-09-27T02:00:00Z,8.7,92,0
6401512.033,2026-09-27T03:00:00Z,8.4,93,0
6401512.033,2026-09-27T04:00:00Z,8.0,94,0
6401512.033,2026-09-27T05:00:00Z,9.6,90,0
6401512.033,2026-09-27T06:00:00Z,11.9,79,0
6401512.033,2026-09-27T07:00:00Z,15.0,66,0
6401512.033,2026-09-27T08:00:00Z,17.6,54,0
6401512.033,2026-09-27T09:00:00Z,19.1,45,0
6401512.033,2026-09-27T10:00:00Z,19.8,42,0
6401512.033,2026-09-27T11:00:00Z,20.2,40,0
6401512.033,2026-09-27T12:00:00Z,21.1,35,0
6401512.033,2026-09-27T13:00:00Z,20.8,36,0
6401512.033,2026-09-27T14:00:00Z,20.3,38,0
6401512.033,2026-09-27T15:00:00Z,19.1,42,0
6401512.033,2026-09-27T16:00:00Z,16.3,52,0
6401512.033,2026-09-27T17:00:00Z,15.0,58,0
6401512.033,2026-09-27T18:00:00Z,14.5,58,0
6401512.033,2026-09-27T19:00:00Z,14.1,59,0
6401512.033,2026-09-27T20:00:00Z,13.3,61,0
6401512.033,2026-09-27T21:00:00Z,12.7,64,0
6401512.033,2026-09-27T22:00:00Z,12.2,66,0
6401512.033,2026-09-27T23:00:00Z,11.7,67,0
6401512.033,2026-09-28T00:00:00Z,10.7,70,0
6401512.033,2026-09-28T01:00:00Z,10.6,70,0
6401512.033,2026-09-28T02:00:00Z,10.5,72,0
6401512.033,2026-09-28T03:00:00Z,10.4,74,0
6401512.033,2026-09-28T04:00:00Z,10.4,75,0
6401512.033,2026-09-28T05:00:00Z,11.4,73,0
6401512.033,2026-09-28T06:00:00Z,13.0,71,0
6401512.033,2026-09-28T07:00:00Z,14.5,69,0
6401512.033,2026-09-28T08:00:00Z,15.3,73,0.3
6401512.033,2026-09-28T09:00:00Z,16.5,68,0.1
6401512.033,2026-09-28T10:00:00Z,17.4,63,0
6401512.033,2026-09-28T11:00:00Z,18.8,57,0
6401512.033,2026-09-28T12:00:00Z,19.8,50,0
6401512.033,2026-09-28T13:00:00Z,20.2,46,0
6401512.033,2026-09-28T14:00:00Z,20.0,47,0
6401512.033,2026-09-28T15:00:00Z,19.3,50,0
6401512.033,2026-09-28T16:00:00Z,18.2,55,0
6401512.033,2026-09-28T17:00:00Z,17.3,57,0
6401512.033,2026-09-28T18:00:00Z,16.9,55,0
6401512.033,2026-09-28T19:00:00Z,16.1,56,0
6401512.033,2026-09-28T20:00:00Z,15.4,57,0
6401512.033,2026-09-28T21:00:00Z,14.7,59,0
6401512.033,2026-09-28T22:00:00Z,13.8,63,0
6401512.033,2026-09-28T23:00:00Z,13.2,66,0
6401512.033,2026-09-29T00:00:00Z,12.7,69,0
6401512.033,2026-09-29T01:00:00Z,12.1,71,0
6401512.033,2026-09-29T02:00:00Z,11.7,72,0
6401512.033,2026-09-29T03:00:00Z,11.4,74,0
6401512.033,2026-09-29T04:00:00Z,11.1,76,0
6401512.033,2026-09-29T05:00:00Z,11.8,75,0
6401512.033,2026-09-29T06:00:00Z,13.1,73,0
6401512.033,2026-09-29T07:00:00Z,15.0,68,0
6401512.033,2026-09-29T08:00:00Z,16.9,61,0
6401512.033,2026-09-29T09:00:00Z,18.5,53,0
6401512.033,2026-09-29T10:00:00Z,19.6,47,0
6401512.033,2026-09-29T11:00:00Z,20.3,43,0
6401512.033,2026-09-29T12:00:00Z,21.2,40,0
6401512.033,2026-09-29T13:00:00Z,21.1,39,0
6401512.033,2026-09-29T14:00:00Z,20.5,39,0
6401512.033,2026-09-29T15:00:00Z,19.3,44,0
6401512.033,2026-09-29T16:00:00Z,17.9,48,0
6401512.033,2026-09-29T17:00:00Z,16.2,56,0
6401512.033,2026-09-29T18:00:00Z,14.9,57,0
6401512.033,2026-09-29T19:00:00Z,13.9,61,0
6401512.033,2026-09-29T20:00:00Z,13.0,66,0
6401512.033,2026-09-29T21:00:00Z,12.0,70,0
6401512.033,2026-09-29T22:00:00Z,11.2,76,0
6401512.033,2026-09-29T23:00:00Z,10.9,79,0
6401512.033,2026-09-30T00:00:00Z,10.5,78,0
6401512.033,2026-09-30T01:00:00Z,10.0,81,0
6401512.033,2026-09-30T02:00:00Z,9.4,84,0
6401512.033,2026-09-30T03:00:00Z,8.8,87,0
6401512.033,2026-09-30T04:00:00Z,8.2,89,0
6401512.033,2026-09-30T05:00:00Z,9.4,85,0
6401512.033,2026-09-30T06:00:00Z,11.2,76,0
6401512.033,2026-09-30T07:00:00Z,13.6,67,0
6401512.033,2026-09-30T08:00:00Z,15.8,58,0
6401512.033,2026-09-30T09:00:00Z,16.9,50,0
6401512.033,2026-09-30T10:00:00Z,17.8,45,0
6401512.033,2026-09-30T11:00:00Z,18.4,42,0
6401512.033,2026-09-30T12:00:00Z,19.7,35,0
6401512.033,2026-09-30T13:00:00Z,19.4,35,0
6401512.033,2026-09-30T14:00:00Z,18.9,36,0
6401512.033,2026-09-30T15:00:00Z,17.6,41,0
6401512.033,2026-09-30T16:00:00Z,14.9,49,0
6401512.033,2026-09-30T17:00:00Z,13.7,54,0
6401512.033,2026-09-30T18:00:00Z,12.8,54,0
6401512.033,2026-09-30T19:00:00Z,12.1,58,0
6401512.033,2026-09-30T20:00:00Z,11.4,62,0
6401512.033,2026-09-30T21:00:00Z,10.8,66,0
6401512.033,2026-09-30T22:00:00Z,9.9,70,0
6401512.033,2026-09-30T23:00:00Z,9.3,73,0
6401512.033,2026-10-01T00:00:00Z,8.1,74,0
6401512.033,2026-10-01T01:00:00Z,7.5,77,0
6401512.033,2026-10-01T02:00:00Z,7.2,80,0
6401512.033,2026-10-01T03:00:00Z,7.0,82,0
6401512.033,2026-10-01T04:00:00Z,6.9,84,0
6401512.033,2026-10-01T05:00:00Z,8.2,79,0
6401512.033,2026-10-01T06:00:00Z,10.4,71,0
6401512.033,2026-10-01T07:00:00Z,12.9,63,0
6401512.033,2026-10-01T08:00:00Z,15.3,56,0
6401512.033,2026-10-01T09:00:00Z,17.1,50,0
6401512.033,2026-10-01T10:00:00Z,18.0,46,0
6401512.033,2026-10-01T11:00:00Z,18.7,41,0
6401512.033,2026-10-01T12:00:00Z,20.0,33,0
6401512.033,2026-10-01T13:00:00Z,19.8,31,0
6401512.033,2026-10-01T14:00:00Z,19.2,31,0
6401512.033,2026-10-01T15:00:00Z,17.7,37,0
6401512.033,2026-10-01T16:00:00Z,14.9,45,0
6401512.033,2026-10-01T17:00:00Z,13.6,49,0
6401512.033,2026-10-01T18:00:00Z,13.0,50,0
6401512.033,2026-10-01T19:00:00Z,12.1,55,0
6401512.033,2026-10-01T20:00:00Z,11.4,60,0
6401512.033,2026-10-01T21:00:00Z,10.9,65,0
6401512.033,2026-10-01T22:00:00Z,10.0,72,0
6401512.033,2026-10-01T23:00:00Z,9.4,77,0
6401512.033,2026-10-02T00:00:00Z,8.8,77,0
6401512.033,2026-10-02T01:00:00Z,8.1,82,0
6401512.033,2026-10-02T02:00:00Z,7.6,85,0
6401512.033,2026-10-02T03:00:00Z,7.5,86,0
6401512.033,2026-10-02T04:00:00Z,7.7,86,0
6401512.033,2026-10-02T05:00:00Z,9.0,80,0
6401512.033,2026-10-02T06:00:00Z,10.8,72,0
6401512.033,2026-10-02T07:00:00Z,13.0,64,0
6401512.033,2026-10-02T08:00:00Z,15.2,56,0
6401512.033,2026-10-02T09:00:00Z,16.9,46,0
6401512.033,2026-10-02T10:00:00Z,17.6,41,0
6401512.033,2026-10-02T11:00:00Z,18.0,38,0
6401512.033,2026-10-02T12:00:00Z,19.1,31,0
6401512.033,2026-10-02T13:00:00Z,18.8,31,0
6401512.033,2026-10-02T14:00:00Z,18.2,32,0
6401512.033,2026-10-02T15:00:00Z,16.7,37,0
6401512.033,2026-10-02T16:00:00Z,13.7,48,0
6401512.033,2026-10-02T17:00:00Z,12.3,53,0
6401512.033,2026-10-02T18:00:00Z,11.3,54,0
6401512.033,2026-10-02T19:00:00Z,10.2,59,0
6401512.033,2026-10-02T20:00:00Z,9.2,64,0
6401512.033,2026-10-02T21:00:00Z,8.3,69,0
6401512.033,2026-10-02T22:00:00Z,7.6,73,0
6401512.033,2026-10-02T23:00:00Z,7.1,76,0
6401512.033,2026-10-03T00:00:00Z,5.5,80,0
6401512.033,2026-10-03T01:00:00Z,4.9,82,0
6401512.033,2026-10-03T02:00:00Z,4.4,84,0
6401512.033,2026-10-03T03:00:00Z,4.1,86,0
6401512.033,2026-10-03T04:00:00Z,3.8,87,0
6401512.033,2026-10-03T05:00:00Z,5.2,80,0
6401512.033,2026-10-03T06:00:00Z,8.3,67,0
6401512.033,2026-10-03T07:00:00Z,11.7,54,0
6401512.033,2026-10-03T08:00:00Z,14.5,44,0
6401512.033,2026-10-03T09:00:00Z,16.3,38,0
6401512.033,2026-10-03T10:00:00Z,17.6,36,0
6401512.033,2026-10-03T11:00:00Z,18.5,34,0
6401512.033,2026-10-03T12:00:00Z,20.2,28,0
6401512.033,2026-10-03T13:00:00Z,20.1,27,0
6401512.033,2026-10-03T14:00:00Z,19.5,28,0
6401512.033,2026-10-03T15:00:00Z,17.5,36,0
6401512.033,2026-10-03T16:00:00Z,14.6,42,0
6401512.033,2026-10-03T17:00:00Z,13.4,46,0
6401512.033,2026-10-03T18:00:00Z,12.0,51,0
6401512.033,2026-10-03T19:00:00Z,10.8,55,0
6401512.033,2026-10-03T20:00:00Z,9.9,59,0
6401512.058,2026-04-30T21:00:00Z,5.8,54,0
6401512.058,2026-04-30T22:00:00Z,5.2,57,0
6401512.058,2026-04-30T23:00:00Z,3.4,65,0
6401512.058,2026-05-01T00:00:00Z,4.2,59,0
6401512.058,2026-05-01T01:00:00Z,3.5,62,0
6401512.058,2026-05-01T02:00:00Z,2.2,67,0
6401512.058,2026-05-01T03:00:00Z,1.3,71,0
6401512.058,2026-05-01T04:00:00Z,2.8,67,0
6401512.058,2026-05-01T05:00:00Z,5.2,58,0
6401512.058,2026-05-01T06:00:00Z,7.3,49,0
6401512.058,2026-05-01T07:00:00Z,8.9,35,0
6401512.058,2026-05-01T08:00:00Z,8.8,36,0
6401512.058,2026-05-01T09:00:00Z,9.5,37,0
6401512.058,2026-05-01T10:00:00Z,9.7,35,0
6401512.058,2026-05-01T11:00:00Z,10.0,37,0
6401512.058,2026-05-01T12:00:00Z,11.2,32,0
6401512.058,2026-05-01T13:00:00Z,11.6,30,0
6401512.058,2026-05-01T14:00:00Z,11.4,32,0
6401512.058,2026-05-01T15:00:00Z,11.1,34,0
6401512.058,2026-05-01T16:00:00Z,10.5,38,0
6401512.058,2026-05-01T17:00:00Z,9.8,42,0
6401512.058,2026-05-01T18:00:00Z,8.7,47,0
6401512.058,2026-05-01T19:00:00Z,9.1,51,0
6401512.058,2026-05-01T20:00:00Z,8.9,52,0
6401512.058,2026-05-01T21:00:00Z,7.7,63,0
6401512.058,2026-05-01T22:00:00Z,5.4,78,0
6401512.058,2026-05-01T23:00:00Z,4.5,84,0
6401512.058,2026-05-02T00:00:00Z,5.0,88,0
6401512.058,2026-05-02T01:00:00Z,6.5,81,0
6401512.058,2026-05-02T02:00:00Z,6.5,81,0
6401512.058,2026-05-02T03:00:00Z,6.3,80,0
6401512.058,2026-05-02T04:00:00Z,6.7,75,0
6401512.058,2026-05-02T05:00:00Z,8.0,63,0
6401512.058,2026-05-02T06:00:00Z,10.2,35,0
6401512.058,2026-05-02T07:00:00Z,10.8,32,0
6401512.058,2026-05-02T08:00:00Z,11.6,31,0
6401512.058,2026-05-02T09:00:00Z,12.0,30,0
6401512.058,2026-05-02T10:00:00Z,12.2,30,0
6401512.058,2026-05-02T11:00:00Z,12.7,29,0
6401512.058,2026-05-02T12:00:00Z,12.1,32,0
6401512.058,2026-05-02T13:00:00Z,12.2,32,0
6401512.058,2026-05-02T14:00:00Z,12.1,32,0
6401512.058,2026-05-02T15:00:00Z,11.7,32,0
6401512.058,2026-05-02T16:00:00Z,11.3,33,0
6401512.058,2026-05-02T17:00:00Z,10.2,38,0
6401512.058,2026-05-02T18:00:00Z,8.6,42,0
6401512.058,2026-05-02T19:00:00Z,9.0,39,0
6401512.058,2026-05-02T20:00:00Z,7.6,46,0
6401512.058,2026-05-02T21:00:00Z,7.2,49,0
6401512.058,2026-05-02T22:00:00Z,5.7,58,0
6401512.058,2026-05-02T23:00:00Z,4.1,66,0
6401512.058,2026-05-03T00:00:00Z,3.3,63,0
6401512.058,2026-05-03T01:00:00Z,1.9,68,0
6401512.058,2026-05-03T02:00:00Z,1.2,70,0
6401512.058,2026-05-03T03:00:00Z,0.8,71,0
6401512.058,2026-05-03T04:00:00Z,2.7,66,0
6401512.058,2026-05-03T05:00:00Z,6.2,57,0
6401512.058,2026-05-03T06:00:00Z,9.6,44,0
6401512.058,2026-05-03T07:00:00Z,12.0,34,0
6401512.058,2026-05-03T08:00:00Z,13.2,31,0
6401512.058,2026-05-03T09:00:00Z,14.2,31,0
6401512.058,2026-05-03T10:00:00Z,14.9,32,0
6401512.058,2026-05-03T11:00:00Z,15.6,30,0
6401512.058,2026-05-03T12:00:00Z,16.4,29,0
6401512.058,2026-05-03T13:00:00Z,16.7,30,0
6401512.058,2026-05-03T14:00:00Z,17.0,30,0
6401512.058,2026-05-03T15:00:00Z,17.5,30,0
6401512.058,2026-05-03T16:00:00Z,15.6,38,0
6401512.058,2026-05-03T17:00:00Z,13.9,45,0
6401512.058,2026-05-03T18:00:00Z,12.1,48,0
6401512.058,2026-05-03T19:00:00Z,11.9,50,0
6401512.058,2026-05-03T20:00:00Z,12.4,48,0
6401512.058,2026-05-03T21:00:00Z,9.9,60,0
6401512.058,2026-05-03T22:00:00Z,8.9,63,0
6401512.058,2026-05-03T23:00:00Z,8.1,66,0
6401512.058,2026-05-04T00:00:00Z,6.2,71,0
6401512.058,2026-05-04T01:00:00Z,5.8,72,0
6401512.058,2026-05-04T02:00:00Z,6.0,71,0
6401512.058,2026-05-04T03:00:00Z,5.9,71,0
6401512.058,2026-05-04T04:00:00Z,7.6,64,0
6401512.058,2026-05-04T05:00:00Z,10.6,59,0
6401512.058,2026-05-04T06:00:00Z,13.8,45,0
6401512.058,2026-05-04T07:00:00Z,16.5,38,0
6401512.058,2026-05-04T08:00:00Z,18.4,34,0
6401512.058,2026-05-04T09:00:00Z,19.8,32,0
6401512.058,2026-05-04T10:00:00Z,20.8,33,0
6401512.058,2026-05-04T11:00:00Z,21.4,34,0
6401512.058,2026-05-04T12:00:00Z,22.5,29,0
6401512.058,2026-05-04T13:00:00Z,22.6,29,0
6401512.058,2026-05-04T14:00:00Z,22.4,29,0
6401512.058,2026-05-04T15:00:00Z,22.1,26,0
6401512.058,2026-05-04T16:00:00Z,20.8,30,0
6401512.058,2026-05-04T17:00:00Z,18.2,40,0
6401512.058,2026-05-04T18:00:00Z,17.0,37,0
6401512.058,2026-05-04T19:00:00Z,16.3,39,0
6401512.058,2026-05-04T20:00:00Z,14.8,44,0
6401512.058,2026-05-04T21:00:00Z,13.1,50,0
6401512.058,2026-05-04T22:00:00Z,12.0,56,0
6401512.058,2026-05-04T23:00:00Z,11.1,60,0
6401512.058,2026-05-05T00:00:00Z,9.4,64,0
6401512.058,2026-05-05T01:00:00Z,8.5,68,0
6401512.058,2026-05-05T02:00:00Z,8.4,68,0
6401512.058,2026-05-05T03:00:00Z,8.2,69,0
6401512.058,2026-05-05T04:00:00Z,9.8,64,0
6401512.058,2026-05-05T05:00:00Z,13.0,57,0
6401512.058,2026-05-05T06:00:00Z,16.5,45,0
6401512.058,2026-05-05T07:00:00Z,20.2,35,0
6401512.058,2026-05-05T08:00:00Z,22.3,29,0
6401512.058,2026-05-05T09:00:00Z,23.4,25,0
6401512.058,2026-05-05T10:00:00Z,24.0,24,0
6401512.058,2026-05-05T11:00:00Z,24.5,24,0
6401512.058,2026-05-05T12:00:00Z,25.2,22,0
6401512.058,2026-05-05T13:00:00Z,25.1,23,0
6401512.058,2026-05-05T14:00:00Z,24.7,24,0
6401512.058,2026-05-05T15:00:00Z,24.0,25,0
6401512.058,2026-05-05T16:00:00Z,22.8,28,0
6401512.058,2026-05-05T17:00:00Z,20.5,35,0
6401512.058,2026-05-05T18:00:00Z,19.1,36,0
6401512.058,2026-05-05T19:00:00Z,17.9,39,0
6401512.058,2026-05-05T20:00:00Z,16.8,44,0
6401512.058,2026-05-05T21:00:00Z,15.5,50,0
6401512.058,2026-05-05T22:00:00Z,14.7,53,0
6401512.058,2026-05-05T23:00:00Z,13.8,56,0
6401512.058,2026-05-06T00:00:00Z,12.2,60,0
6401512.058,2026-05-06T01:00:00Z,11.7,60,0
6401512.058,2026-05-06T02:00:00Z,11.4,59,0
6401512.058,2026-05-06T03:00:00Z,10.8,61,0
6401512.058,2026-05-06T04:00:00Z,12.3,56,0
6401512.058,2026-05-06T05:00:00Z,14.5,51,0
6401512.058,2026-05-06T06:00:00Z,16.9,43,0
6401512.058,2026-05-06T07:00:00Z,20.3,39,0
6401512.058,2026-05-06T08:00:00Z,23.0,34,0
6401512.058,2026-05-06T09:00:00Z,24.4,28,0
6401512.058,2026-05-06T10:00:00Z,25.2,26,0
6401512.058,2026-05-06T11:00:00Z,25.7,26,0
6401512.058,2026-05-06T12:00:00Z,26.4,24,0
6401512.058,2026-05-06T13:00:00Z,26.4,24,0
6401512.058,2026-05-06T14:00:00Z,26.1,24,0
6401512.058,2026-05-06T15:00:00Z,25.1,27,0
6401512.058,2026-05-06T16:00:00Z,23.8,30,0
6401512.058,2026-05-06T17:00:00Z,21.6,37,0
6401512.058,2026-05-06T18:00:00Z,20.1,38,0
6401512.058,2026-05-06T19:00:00Z,18.7,40,0
6401512.058,2026-05-06T20:00:00Z,17.2,43,0
6401512.058,2026-05-06T21:00:00Z,16.2,44,0
6401512.058,2026-05-06T22:00:00Z,15.3,44,0
6401512.058,2026-05-06T23:00:00Z,14.4,45,0
6401512.058,2026-05-07T00:00:00Z,13.2,54,0
6401512.058,2026-05-07T01:00:00Z,12.3,56,0
6401512.058,2026-05-07T02:00:00Z,11.3,59,0
6401512.058,2026-05-07T03:00:00Z,10.4,63,0
6401512.058,2026-05-07T04:00:00Z,12.2,57,0
6401512.058,2026-05-07T05:00:00Z,14.7,49,0
6401512.058,2026-05-07T06:00:00Z,16.8,43,0
6401512.058,2026-05-07T07:00:00Z,19.2,36,0
6401512.058,2026-05-07T08:00:00Z,20.9,31,0
6401512.058,2026-05-07T09:00:00Z,22.2,29,0
6401512.058,2026-05-07T10:00:00Z,23.0,27,0
6401512.058,2026-05-07T11:00:00Z,23.5,27,0
6401512.058,2026-05-07T12:00:00Z,23.7,27,0
6401512.058,2026-05-07T13:00:00Z,23.4,29,0
6401512.058,2026-05-07T14:00:00Z,23.0,32,0
6401512.058,2026-05-07T15:00:00Z,22.2,37,0
6401512.058,2026-05-07T16:00:00Z,21.0,44,0
6401512.058,2026-05-07T17:00:00Z,19.3,53,0
6401512.058,2026-05-07T18:00:00Z,17.3,60,0
6401512.058,2026-05-07T19:00:00Z,15.8,67,0
6401512.058,2026-05-07T20:00:00Z,14.4,73,0
6401512.058,2026-05-07T21:00:00Z,13.3,77,0
6401512.058,2026-05-07T22:00:00Z,12.2,79,0
6401512.058,2026-05-07T23:00:00Z,11.2,81,0
6401512.058,2026-05-08T00:00:00Z,10.3,85,0
6401512.058,2026-05-08T01:00:00Z,9.7,87,0
6401512.058,2026-05-08T02:00:00Z,9.2,90,0
6401512.058,2026-05-08T03:00:00Z,9.2,92,0
6401512.058,2026-05-08T04:00:00Z,10.7,82,0
6401512.058,2026-05-08T05:00:00Z,12.3,75,0
6401512.058,2026-05-08T06:00:00Z,12.9,71,0
6401512.058,2026-05-08T07:00:00Z,15.1,63,0
6401512.058,2026-05-08T08:00:00Z,17.3,57,0
6401512.058,2026-05-08T09:00:00Z,19.3,53,0
6401512.058,2026-05-08T10:00:00Z,21.2,50,0
6401512.058,2026-05-08T11:00:00Z,22.4,48,0
6401512.058,2026-05-08T12:00:00Z,21.4,54,0
6401512.058,2026-05-08T13:00:00Z,22.6,49,0
6401512.058,2026-05-08T14:00:00Z,23.1,48,0
6401512.058,2026-05-08T15:00:00Z,22.6,50,0
6401512.058,2026-05-08T16:00:00Z,20.2,60,0.2
6401512.058,2026-05-08T17:00:00Z,17.7,73,0.3
6401512.058,2026-05-08T18:00:00Z,16.9,93,1.6
6401512.058,2026-05-08T19:00:00Z,15.8,96,0
6401512.058,2026-05-08T20:00:00Z,14.7,98,0
6401512.058,2026-05-08T21:00:00Z,14.5,97,0
6401512.058,2026-05-08T22:00:00Z,13.9,96,0
6401512.058,2026-05-08T23:00:00Z,12.8,96,0
6401512.058,2026-05-09T00:00:00Z,12.6,97,0
6401512.058,2026-05-09T01:00:00Z,11.8,99,0
6401512.058,2026-05-09T02:00:00Z,11.4,100,0
6401512.058,2026-05-09T03:00:00Z,11.5,100,0
6401512.058,2026-05-09T04:00:00Z,12.1,98,0
6401512.058,2026-05-09T05:00:00Z,13.2,94,0
6401512.058,2026-05-09T06:00:00Z,13.8,87,0
6401512.058,2026-05-09T07:00:00Z,15.4,80,0
6401512.058,2026-05-09T08:00:00Z,17.0,74,0
6401512.058,2026-05-09T09:00:00Z,18.5,68,0
6401512.058,2026-05-09T10:00:00Z,19.3,65,0
6401512.058,2026-05-09T11:00:00Z,20.0,62,0
6401512.058,2026-05-09T12:00:00Z,19.7,64,0
6401512.058,2026-05-09T13:00:00Z,20.3,61,0
6401512.058,2026-05-09T14:00:00Z,19.8,56,0
6401512.058,2026-05-09T15:00:00Z,19.8,50,0
6401512.058,2026-05-09T16:00:00Z,17.0,68,0.1
6401512.058,2026-05-09T17:00:00Z,14.9,91,0.8
6401512.058,2026-05-09T18:00:00Z,15.5,88,0.1
6401512.058,2026-05-09T19:00:00Z,14.7,93,0
6401512.058,2026-05-09T20:00:00Z,14.4,93,0.1
6401512.058,2026-05-09T21:00:00Z,14.3,94,0.3
6401512.058,2026-05-09T22:00:00Z,14.0,97,0.5
6401512.058,2026-05-09T23:00:00Z,13.8,98,0.9
6401512.058,2026-05-10T00:00:00Z,13.9,95,0.9
6401512.058,2026-05-10T01:00:00Z,13.7,96,1.4
6401512.058,2026-05-10T02:00:00Z,13.3,98,1.2
6401512.058,2026-05-10T03:00:00Z,13.1,99,0.9
6401512.058,2026-05-10T04:00:00Z,13.2,99,0.5
6401512.058,2026-05-10T05:00:00Z,13.5,97,0.1
6401512.058,2026-05-10T06:00:00Z,13.9,95,0.2
6401512.058,2026-05-10T07:00:00Z,14.1,98,0.3
6401512.058,2026-05-10T08:00:00Z,14.5,97,0.4
6401512.058,2026-05-10T09:00:00Z,14.2,94,0.7
6401512.058,2026-05-10T10:00:00Z,14.2,96,0.7
6401512.058,2026-05-10T11:00:00Z,14.4,97,0.7
6401512.058,2026-05-10T12:00:00Z,13.7,96,1.0
6401512.058,2026-05-10T13:00:00Z,13.6,90,0.9
6401512.058,2026-05-10T14:00:00Z,13.9,96,0.5
6401512.058,2026-05-10T15:00:00Z,14.4,93,0.2
6401512.058,2026-05-10T16:00:00Z,14.2,92,0
6401512.058,2026-05-10T17:00:00Z,13.3,92,0
6401512.058,2026-05-10T18:00:00Z,12.8,94,0
6401512.058,2026-05-10T19:00:00Z,11.9,94,0
6401512.058,2026-05-10T20:00:00Z,11.0,95,0
6401512.058,2026-05-10T21:00:00Z,10.3,96,0
6401512.058,2026-05-10T22:00:00Z,9.7,96,0
6401512.058,2026-05-10T23:00:00Z,8.8,97,0
6401512.058,2026-05-11T00:00:00Z,9.0,97,0
6401512.058,2026-05-11T01:00:00Z,8.0,98,0
6401512.058,2026-05-11T02:00:00Z,7.5,98,0
6401512.058,2026-05-11T03:00:00Z,7.4,98,0
6401512.058,2026-05-11T04:00:00Z,9.5,97,0
6401512.058,2026-05-11T05:00:00Z,12.3,95,0
6401512.058,2026-05-11T06:00:00Z,13.5,90,0
6401512.058,2026-05-11T07:00:00Z,15.8,75,0
6401512.058,2026-05-11T08:00:00Z,17.6,62,0.3
6401512.058,2026-05-11T09:00:00Z,18.3,58,0.2
6401512.058,2026-05-11T10:00:00Z,19.2,54,0.1
6401512.058,2026-05-11T11:00:00Z,20.2,50,0.1
6401512.058,2026-05-11T12:00:00Z,20.8,49,0
6401512.058,2026-05-11T13:00:00Z,21.5,46,0
6401512.058,2026-05-11T14:00:00Z,21.5,46,0
6401512.058,2026-05-11T15:00:00Z,21.2,47,0
6401512.058,2026-05-11T16:00:00Z,20.1,57,0
6401512.058,2026-05-11T17:00:00Z,18.0,66,0
6401512.058,2026-05-11T18:00:00Z,17.4,71,0
6401512.058,2026-05-11T19:00:00Z,16.4,79,0
6401512.058,2026-05-11T20:00:00Z,15.4,84,0
6401512.058,2026-05-11T21:00:00Z,14.7,89,0
6401512.058,2026-05-11T22:00:00Z,14.0,92,0
6401512.058,2026-05-11T23:00:00Z,13.6,92,0
6401512.058,2026-05-12T00:00:00Z,13.1,95,0
6401512.058,2026-05-12T01:00:00Z,12.7,96,0
6401512.058,2026-05-12T02:00:00Z,12.4,96,0
6401512.058,2026-05-12T03:00:00Z,12.2,96,0
6401512.058,2026-05-12T04:00:00Z,13.1,93,0
6401512.058,2026-05-12T05:00:00Z,14.6,85,0
6401512.058,2026-05-12T06:00:00Z,15.0,82,0
6401512.058,2026-05-12T07:00:00Z,14.9,86,0.4
6401512.058,2026-05-12T08:00:00Z,14.8,94,1.6
6401512.058,2026-05-12T09:00:00Z,14.9,95,1.8
6401512.058,2026-05-12T10:00:00Z,15.2,95,1.5
6401512.058,2026-05-12T11:00:00Z,15.8,92,0.4
6401512.058,2026-05-12T12:00:00Z,17.4,76,0
6401512.058,2026-05-12T13:00:00Z,17.6,74,0.1
6401512.058,2026-05-12T14:00:00Z,17.2,80,0.4
6401512.058,2026-05-12T15:00:00Z,16.0,89,1.6
6401512.058,2026-05-12T16:00:00Z,14.9,97,2.5
6401512.058,2026-05-12T17:00:00Z,14.6,97,0
6401512.058,2026-05-12T18:00:00Z,13.0,97,0
6401512.058,2026-05-12T19:00:00Z,13.1,97,0
6401512.058,2026-05-12T20:00:00Z,13.1,98,0
6401512.058,2026-05-12T21:00:00Z,12.1,99,0
6401512.058,2026-05-12T22:00:00Z,12.7,99,0.2
6401512.058,2026-05-12T23:00:00Z,11.7,100,0.2
6401512.058,2026-05-13T00:00:00Z,11.7,99,0
6401512.058,2026-05-13T01:00:00Z,10.9,99,0
6401512.058,2026-05-13T02:00:00Z,12.0,99,0
6401512.058,2026-05-13T03:00:00Z,12.1,99,0
6401512.058,2026-05-13T04:00:00Z,12.1,97,0
6401512.058,2026-05-13T05:00:00Z,12.3,94,0
6401512.058,2026-05-13T06:00:00Z,12.1,91,0
6401512.058,2026-05-13T07:00:00Z,12.9,84,0
6401512.058,2026-05-13T08:00:00Z,13.3,79,0
6401512.058,2026-05-13T09:00:00Z,13.4,76,0
6401512.058,2026-05-13T10:00:00Z,13.8,75,0.1
6401512.058,2026-05-13T11:00:00Z,14.2,75,0.4
6401512.058,2026-05-13T12:00:00Z,14.5,68,0.2
6401512.058,2026-05-13T13:00:00Z,14.4,68,0
6401512.058,2026-05-13T14:00:00Z,14.1,66,0
6401512.058,2026-05-13T15:00:00Z,13.7,66,0
6401512.058,2026-05-13T16:00:00Z,13.6,65,0
6401512.058,2026-05-13T17:00:00Z,13.3,65,0
6401512.058,2026-05-13T18:00:00Z,12.9,65,0
6401512.058,2026-05-13T19:00:00Z,12.4,67,0
6401512.058,2026-05-13T20:00:00Z,12.1,67,0
6401512.058,2026-05-13T21:00:00Z,11.1,70,0
6401512.058,2026-05-13T22:00:00Z,10.3,74,0
6401512.058,2026-05-13T23:00:00Z,9.4,78,0
6401512.058,2026-05-14T00:00:00Z,10.1,74,0
6401512.058,2026-05-14T01:00:00Z,9.8,74,0
6401512.058,2026-05-14T02:00:00Z,9.2,74,0
6401512.058,2026-05-14T03:00:00Z,8.9,71,0
6401512.058,2026-05-14T04:00:00Z,9.4,69,0
6401512.058,2026-05-14T05:00:00Z,10.3,67,0
6401512.058,2026-05-14T06:00:00Z,11.7,65,0
6401512.058,2026-05-14T07:00:00Z,13.1,60,0
6401512.058,2026-05-14T08:00:00Z,14.3,52,0
6401512.058,2026-05-14T09:00:00Z,15.1,47,0
6401512.058,2026-05-14T10:00:00Z,16.0,40,0
6401512.058,2026-05-14T11:00:00Z,16.2,42,0
6401512.058,2026-05-14T12:00:00Z,16.6,42,0
6401512.058,2026-05-14T13:00:00Z,16.7,43,0
6401512.058,2026-05-14T14:00:00Z,16.6,42,0
6401512.058,2026-05-14T15:00:00Z,16.5,41,0
6401512.058,2026-05-14T16:00:00Z,15.6,54,0
6401512.058,2026-05-14T17:00:00Z,13.6,60,0
6401512.058,2026-05-14T18:00:00Z,12.3,58,0
6401512.058,2026-05-14T19:00:00Z,10.6,65,0
6401512.058,2026-05-14T20:00:00Z,9.7,68,0
6401512.058,2026-05-14T21:00:00Z,9.4,67,0
6401512.058,2026-05-14T22:00:00Z,9.1,66,0
6401512.058,2026-05-14T23:00:00Z,8.5,67,0
6401512.058,2026-05-15T00:00:00Z,7.2,81,0
6401512.058,2026-05-15T01:00:00Z,6.9,81,0
6401512.058,2026-05-15T02:00:00Z,6.6,81,0
6401512.058,2026-05-15T03:00:00Z,6.4,83,0
6401512.058,2026-05-15T04:00:00Z,8.3,79,0
6401512.058,2026-05-15T05:00:00Z,10.9,75,0
6401512.058,2026-05-15T06:00:00Z,13.2,68,0
6401512.058,2026-05-15T07:00:00Z,15.3,59,0
6401512.058,2026-05-15T08:00:00Z,16.7,52,0
6401512.058,2026-05-15T09:00:00Z,17.8,47,0
6401512.058,2026-05-15T10:00:00Z,18.6,44,0
6401512.058,2026-05-15T11:00:00Z,19.1,43,0
6401512.058,2026-05-15T12:00:00Z,20.3,38,0
6401512.058,2026-05-15T13:00:00Z,20.3,39,0
6401512.058,2026-05-15T14:00:00Z,20.2,41,0
6401512.058,2026-05-15T15:00:00Z,19.7,44,0
6401512.058,2026-05-15T16:00:00Z,18.6,56,0
6401512.058,2026-05-15T17:00:00Z,16.1,62,0
6401512.058,2026-05-15T18:00:00Z,14.7,58,0
6401512.058,2026-05-15T19:00:00Z,13.8,61,0
6401512.058,2026-05-15T20:00:00Z,12.8,67,0
6401512.058,2026-05-15T21:00:00Z,12.1,70,0
6401512.058,2026-05-15T22:00:00Z,10.9,78,0
6401512.058,2026-05-15T23:00:00Z,10.3,82,0
6401512.058,2026-05-16T00:00:00Z,9.8,85,0
6401512.058,2026-05-16T01:00:00Z,9.5,85,0
6401512.058,2026-05-16T02:00:00Z,8.9,89,0
6401512.058,2026-05-16T03:00:00Z,8.8,92,0
6401512.058,2026-05-16T04:00:00Z,10.5,87,0
6401512.058,2026-05-16T05:00:00Z,12.7,79,0
6401512.058,2026-05-16T06:00:00Z,15.0,71,0
6401512.058,2026-05-16T07:00:00Z,17.4,63,0
6401512.058,2026-05-16T08:00:00Z,19.2,52,0
6401512.058,2026-05-16T09:00:00Z,20.2,46,0
6401512.058,2026-05-16T10:00:00Z,20.8,44,0
6401512.058,2026-05-16T11:00:00Z,21.2,43,0
6401512.058,2026-05-16T12:00:00Z,21.9,41,0
6401512.058,2026-05-16T13:00:00Z,21.5,43,0
6401512.058,2026-05-16T14:00:00Z,20.7,44,0
6401512.058,2026-05-16T15:00:00Z,19.6,46,0
6401512.058,2026-05-16T16:00:00Z,18.1,51,0
6401512.058,2026-05-16T17:00:00Z,16.3,56,0
6401512.058,2026-05-16T18:00:00Z,14.7,59,0
6401512.058,2026-05-16T19:00:00Z,13.4,65,0
6401512.058,2026-05-16T20:00:00Z,12.1,72,0
6401512.058,2026-05-16T21:00:00Z,11.0,78,0
6401512.058,2026-05-16T22:00:00Z,10.0,82,0
6401512.058,2026-05-16T23:00:00Z,9.2,85,0
6401512.058,2026-05-17T00:00:00Z,8.9,88,0
6401512.058,2026-05-17T01:00:00Z,8.3,90,0
6401512.058,2026-05-17T02:00:00Z,7.9,91,0
6401512.058,2026-05-17T03:00:00Z,7.9,91,0
6401512.058,2026-05-17T04:00:00Z,9.5,86,0
6401512.058,2026-05-17T05:00:00Z,11.8,77,0
6401512.058,2026-05-17T06:00:00Z,14.0,65,0
6401512.058,2026-05-17T07:00:00Z,15.8,56,0
6401512.058,2026-05-17T08:00:00Z,17.4,50,0
6401512.058,2026-05-17T09:00:00Z,18.7,48,0
6401512.058,2026-05-17T10:00:00Z,19.9,48,0
6401512.058,2026-05-17T11:00:00Z,20.7,45,0
6401512.058,2026-05-17T12:00:00Z,20.8,43,0
6401512.058,2026-05-17T13:00:00Z,21.0,44,0
6401512.058,2026-05-17T14:00:00Z,21.1,44,0
6401512.058,2026-05-17T15:00:00Z,20.7,45,0
6401512.058,2026-05-17T16:00:00Z,19.3,58,0.1
6401512.058,2026-05-17T17:00:00Z,17.6,71,0
6401512.058,2026-05-17T18:00:00Z,16.2,72,0
6401512.058,2026-05-17T19:00:00Z,15.1,74,0
6401512.058,2026-05-17T20:00:00Z,14.8,73,0
6401512.058,2026-05-17T21:00:00Z,14.6,73,0
6401512.058,2026-05-17T22:00:00Z,13.8,80,0
6401512.058,2026-05-17T23:00:00Z,13.1,85,0
6401512.058,2026-05-18T00:00:00Z,12.8,85,0
6401512.058,2026-05-18T01:00:00Z,12.9,85,0
6401512.058,2026-05-18T02:00:00Z,12.0,91,0
6401512.058,2026-05-18T03:00:00Z,12.2,90,0
6401512.058,2026-05-18T04:00:00Z,13.6,86,0
6401512.058,2026-05-18T05:00:00Z,15.0,80,0
6401512.058,2026-05-18T06:00:00Z,14.9,79,0.5
6401512.058,2026-05-18T07:00:00Z,15.4,80,0.1
6401512.058,2026-05-18T08:00:00Z,17.5,73,0
6401512.058,2026-05-18T09:00:00Z,19.6,64,0
6401512.058,2026-05-18T10:00:00Z,20.9,59,0
6401512.058,2026-05-18T11:00:00Z,21.6,59,0
6401512.058,2026-05-18T12:00:00Z,20.2,62,0.1
6401512.058,2026-05-18T13:00:00Z,21.3,55,0.2
6401512.058,2026-05-18T14:00:00Z,20.9,56,0.2
6401512.058,2026-05-18T15:00:00Z,20.8,57,0.1
6401512.058,2026-05-18T16:00:00Z,19.8,65,0
6401512.058,2026-05-18T17:00:00Z,18.5,72,0
6401512.058,2026-05-18T18:00:00Z,16.4,81,0
6401512.058,2026-05-18T19:00:00Z,16.0,82,0
6401512.058,2026-05-18T20:00:00Z,15.4,83,0
6401512.058,2026-05-18T21:00:00Z,14.8,84,0
6401512.058,2026-05-18T22:00:00Z,14.3,86,0
6401512.058,2026-05-18T23:00:00Z,14.0,87,0
6401512.058,2026-05-19T00:00:00Z,13.1,92,0
6401512.058,2026-05-19T01:00:00Z,12.9,93,0
6401512.058,2026-05-19T02:00:00Z,12.8,94,0
6401512.058,2026-05-19T03:00:00Z,12.8,94,0
6401512.058,2026-05-19T04:00:00Z,14.0,90,0
6401512.058,2026-05-19T05:00:00Z,15.5,84,0
6401512.058,2026-05-19T06:00:00Z,16.0,85,0
6401512.058,2026-05-19T07:00:00Z,17.0,80,0.1
6401512.058,2026-05-19T08:00:00Z,17.7,77,0
6401512.058,2026-05-19T09:00:00Z,18.6,75,0.1
6401512.058,2026-05-19T10:00:00Z,20.5,68,0
6401512.058,2026-05-19T11:00:00Z,20.5,67,0.1
6401512.058,2026-05-19T12:00:00Z,21.5,61,0.5
6401512.058,2026-05-19T13:00:00Z,18.6,81,0.7
6401512.058,2026-05-19T14:00:00Z,19.9,75,0.1
6401512.058,2026-05-19T15:00:00Z,18.6,82,0.6
6401512.058,2026-05-19T16:00:00Z,18.6,83,0.1
6401512.058,2026-05-19T17:00:00Z,17.9,85,0
6401512.058,2026-05-19T18:00:00Z,17.1,85,0
6401512.058,2026-05-19T19:00:00Z,16.4,87,0
6401512.058,2026-05-19T20:00:00Z,15.7,88,0
6401512.058,2026-05-19T21:00:00Z,15.1,86,0
6401512.058,2026-05-19T22:00:00Z,14.4,87,0
6401512.058,2026-05-19T23:00:00Z,14.0,87,0
6401512.058,2026-05-20T00:00:00Z,13.5,89,0
6401512.058,2026-05-20T01:00:00Z,13.1,90,0
6401512.058,2026-05-20T02:00:00Z,12.8,91,0
6401512.058,2026-05-20T03:00:00Z,12.9,92,0
6401512.058,2026-05-20T04:00:00Z,14.2,89,0
6401512.058,2026-05-20T05:00:00Z,15.9,84,0
6401512.058,2026-05-20T06:00:00Z,17.6,74,0
6401512.058,2026-05-20T07:00:00Z,19.1,69,0
6401512.058,2026-05-20T08:00:00Z,20.1,68,0
6401512.058,2026-05-20T09:00:00Z,21.8,63,0
6401512.058,2026-05-20T10:00:00Z,21.4,66,0.2
6401512.058,2026-05-20T11:00:00Z,22.1,64,0.1
6401512.058,2026-05-20T12:00:00Z,22.6,65,0.7
6401512.058,2026-05-20T13:00:00Z,18.1,91,3.2
6401512.058,2026-05-20T14:00:00Z,17.0,94,1.5
6401512.058,2026-05-20T15:00:00Z,17.8,93,0.5
6401512.058,2026-05-20T16:00:00Z,17.8,94,0
6401512.058,2026-05-20T17:00:00Z,17.6,91,0
6401512.058,2026-05-20T18:00:00Z,17.3,91,0
6401512.058,2026-05-20T19:00:00Z,17.1,90,0
6401512.058,2026-05-20T20:00:00Z,16.7,89,0
6401512.058,2026-05-20T21:00:00Z,16.2,90,0
6401512.058,2026-05-20T22:00:00Z,16.0,91,0
6401512.058,2026-05-20T23:00:00Z,15.5,92,0
6401512.058,2026-05-21T00:00:00Z,14.9,96,0
6401512.058,2026-05-21T01:00:00Z,14.6,96,0
6401512.058,2026-05-21T02:00:00Z,14.6,96,0
6401512.058,2026-05-21T03:00:00Z,14.6,96,0
6401512.058,2026-05-21T04:00:00Z,15.9,90,0
6401512.058,2026-05-21T05:00:00Z,17.2,86,0.2
6401512.058,2026-05-21T06:00:00Z,18.1,81,3.0
6401512.058,2026-05-21T07:00:00Z,19.4,78,0
6401512.058,2026-05-21T08:00:00Z,21.1,71,0.1
6401512.058,2026-05-21T09:00:00Z,21.3,70,0.4
6401512.058,2026-05-21T10:00:00Z,19.8,83,2.1
6401512.058,2026-05-21T11:00:00Z,18.4,89,2.4
6401512.058,2026-05-21T12:00:00Z,18.4,90,0.1
6401512.058,2026-05-21T13:00:00Z,18.2,95,3.4
6401512.058,2026-05-21T14:00:00Z,18.6,95,1.2
6401512.058,2026-05-21T15:00:00Z,17.9,95,1.1
6401512.058,2026-05-21T16:00:00Z,17.9,94,0
6401512.058,2026-05-21T17:00:00Z,17.3,94,0
6401512.058,2026-05-21T18:00:00Z,16.5,93,0
6401512.058,2026-05-21T19:00:00Z,16.3,93,0
6401512.058,2026-05-21T20:00:00Z,16.0,93,0
6401512.058,2026-05-21T21:00:00Z,15.8,93,0
6401512.058,2026-05-21T22:00:00Z,15.2,92,0.1
6401512.058,2026-05-21T23:00:00Z,14.3,96,0.8
6401512.058,2026-05-22T00:00:00Z,14.9,96,0
6401512.058,2026-05-22T01:00:00Z,14.2,96,0
6401512.058,2026-05-22T02:00:00Z,13.8,95,0
6401512.058,2026-05-22T03:00:00Z,13.8,95,0
6401512.058,2026-05-22T04:00:00Z,15.0,94,0
6401512.058,2026-05-22T05:00:00Z,16.7,91,0
6401512.058,2026-05-22T06:00:00Z,18.6,84,0
6401512.058,2026-05-22T07:00:00Z,20.5,74,0
6401512.058,2026-05-22T08:00:00Z,22.3,66,0
6401512.058,2026-05-22T09:00:00Z,23.7,60,0
6401512.058,2026-05-22T10:00:00Z,24.6,57,0
6401512.058,2026-05-22T11:00:00Z,25.2,55,0
6401512.058,2026-05-22T12:00:00Z,26.7,49,0.1
6401512.058,2026-05-22T13:00:00Z,24.1,64,0.8
6401512.058,2026-05-22T14:00:00Z,21.8,82,0.9
6401512.058,2026-05-22T15:00:00Z,20.4,86,0
6401512.058,2026-05-22T16:00:00Z,18.8,90,0
6401512.058,2026-05-22T17:00:00Z,18.7,87,0
6401512.058,2026-05-22T18:00:00Z,17.7,88,0
6401512.058,2026-05-22T19:00:00Z,17.7,86,0
6401512.058,2026-05-22T20:00:00Z,17.6,85,0
6401512.058,2026-05-22T21:00:00Z,18.4,78,0
6401512.058,2026-05-22T22:00:00Z,18.2,75,0
6401512.058,2026-05-22T23:00:00Z,18.5,73,0
6401512.058,2026-05-23T00:00:00Z,16.1,89,0
6401512.058,2026-05-23T01:00:00Z,15.4,92,0
6401512.058,2026-05-23T02:00:00Z,15.2,92,0
6401512.058,2026-05-23T03:00:00Z,15.4,89,0
6401512.058,2026-05-23T04:00:00Z,16.5,84,0
6401512.058,2026-05-23T05:00:00Z,17.6,79,0
6401512.058,2026-05-23T06:00:00Z,18.7,72,0
6401512.058,2026-05-23T07:00:00Z,20.1,68,0
6401512.058,2026-05-23T08:00:00Z,21.6,64,0
6401512.058,2026-05-23T09:00:00Z,22.7,61,0
6401512.058,2026-05-23T10:00:00Z,23.4,59,0
6401512.058,2026-05-23T11:00:00Z,23.9,57,0
6401512.058,2026-05-23T12:00:00Z,23.3,57,0
6401512.058,2026-05-23T13:00:00Z,22.2,61,0.2
6401512.058,2026-05-23T14:00:00Z,22.5,60,0.1
6401512.058,2026-05-23T15:00:00Z,22.0,63,0
6401512.058,2026-05-23T16:00:00Z,21.3,68,0
6401512.058,2026-05-23T17:00:00Z,20.0,73,0
6401512.058,2026-05-23T18:00:00Z,18.9,75,0
6401512.058,2026-05-23T19:00:00Z,17.7,78,0
6401512.058,2026-05-23T20:00:00Z,17.0,74,0
6401512.058,2026-05-23T21:00:00Z,16.5,68,0
6401512.058,2026-05-23T22:00:00Z,16.0,66,0
6401512.058,2026-05-23T23:00:00Z,15.4,67,0
6401512.058,2026-05-24T00:00:00Z,14.8,72,0
6401512.058,2026-05-24T01:00:00Z,14.0,76,0
6401512.058,2026-05-24T02:00:00Z,13.1,79,0
6401512.058,2026-05-24T03:00:00Z,12.9,80,0
6401512.058,2026-05-24T04:00:00Z,14.3,78,0
6401512.058,2026-05-24T05:00:00Z,16.1,72,0
6401512.058,2026-05-24T06:00:00Z,18.0,67,0
6401512.058,2026-05-24T07:00:00Z,19.8,60,0
6401512.058,2026-05-24T08:00:00Z,21.3,46,0
6401512.058,2026-05-24T09:00:00Z,22.0,44,0
6401512.058,2026-05-24T10:00:00Z,22.5,40,0
6401512.058,2026-05-24T11:00:00Z,22.7,40,0
6401512.058,2026-05-24T12:00:00Z,23.3,39,0
6401512.058,2026-05-24T13:00:00Z,23.2,38,0
6401512.058,2026-05-24T14:00:00Z,22.7,42,0
6401512.058,2026-05-24T15:00:00Z,22.5,45,0
6401512.058,2026-05-24T16:00:00Z,21.2,55,0
6401512.058,2026-05-24T17:00:00Z,19.4,60,0
6401512.058,2026-05-24T18:00:00Z,17.4,65,0
6401512.058,2026-05-24T19:00:00Z,16.1,69,0
6401512.058,2026-05-24T20:00:00Z,15.6,66,0
6401512.058,2026-05-24T21:00:00Z,14.6,67,0
6401512.058,2026-05-24T22:00:00Z,14.1,68,0
6401512.058,2026-05-24T23:00:00Z,13.8,68,0
6401512.058,2026-05-25T00:00:00Z,13.0,77,0
6401512.058,2026-05-25T01:00:00Z,12.7,78,0
6401512.058,2026-05-25T02:00:00Z,12.6,79,0
6401512.058,2026-05-25T03:00:00Z,12.7,80,0
6401512.058,2026-05-25T04:00:00Z,14.3,79,0
6401512.058,2026-05-25T05:00:00Z,16.5,76,0
6401512.058,2026-05-25T06:00:00Z,18.4,71,0
6401512.058,2026-05-25T07:00:00Z,20.2,69,0
6401512.058,2026-05-25T08:00:00Z,22.1,64,0
6401512.058,2026-05-25T09:00:00Z,23.5,60,0
6401512.058,2026-05-25T10:00:00Z,22.9,62,0.4
6401512.058,2026-05-25T11:00:00Z,23.5,56,0.1
6401512.058,2026-05-25T12:00:00Z,24.8,45,0
6401512.058,2026-05-25T13:00:00Z,24.6,40,0
6401512.058,2026-05-25T14:00:00Z,23.8,43,0
6401512.058,2026-05-25T15:00:00Z,22.9,45,0
6401512.058,2026-05-25T16:00:00Z,21.7,47,0
6401512.058,2026-05-25T17:00:00Z,20.0,50,0
6401512.058,2026-05-25T18:00:00Z,19.3,49,0
6401512.058,2026-05-25T19:00:00Z,18.4,52,0
6401512.058,2026-05-25T20:00:00Z,17.2,58,0
6401512.058,2026-05-25T21:00:00Z,16.8,59,0
6401512.058,2026-05-25T22:00:00Z,16.3,60,0
6401512.058,2026-05-25T23:00:00Z,15.8,62,0
6401512.058,2026-05-26T00:00:00Z,14.8,66,0
6401512.058,2026-05-26T01:00:00Z,14.1,67,0
6401512.058,2026-05-26T02:00:00Z,13.6,67,0
6401512.058,2026-05-26T03:00:00Z,13.6,70,0
6401512.058,2026-05-26T04:00:00Z,14.8,72,0
6401512.058,2026-05-26T05:00:00Z,16.7,71,0
6401512.058,2026-05-26T06:00:00Z,18.7,65,0
6401512.058,2026-05-26T07:00:00Z,20.1,58,0
6401512.058,2026-05-26T08:00:00Z,21.6,52,0
6401512.058,2026-05-26T09:00:00Z,22.9,47,0
6401512.058,2026-05-26T10:00:00Z,23.9,47,0
6401512.058,2026-05-26T11:00:00Z,24.8,46,0
6401512.058,2026-05-26T12:00:00Z,25.9,44,0
6401512.058,2026-05-26T13:00:00Z,26.1,43,0
6401512.058,2026-05-26T14:00:00Z,25.9,45,0
6401512.058,2026-05-26T15:00:00Z,25.5,48,0
6401512.058,2026-05-26T16:00:00Z,24.2,45,0
6401512.058,2026-05-26T17:00:00Z,22.4,44,0
6401512.058,2026-05-26T18:00:00Z,21.2,43,0
6401512.058,2026-05-26T19:00:00Z,20.0,48,0
6401512.058,2026-05-26T20:00:00Z,19.2,52,0
6401512.058,2026-05-26T21:00:00Z,18.5,55,0
6401512.058,2026-05-26T22:00:00Z,17.8,58,0
6401512.058,2026-05-26T23:00:00Z,17.5,59,0
6401512.058,2026-05-27T00:00:00Z,16.7,64,0
6401512.058,2026-05-27T01:00:00Z,16.3,66,0
6401512.058,2026-05-27T02:00:00Z,16.0,68,0
6401512.058,2026-05-27T03:00:00Z,16.2,69,0
6401512.058,2026-05-27T04:00:00Z,17.3,69,0
6401512.058,2026-05-27T05:00:00Z,19.1,67,0
6401512.058,2026-05-27T06:00:00Z,20.8,62,0
6401512.058,2026-05-27T07:00:00Z,22.5,57,0
6401512.058,2026-05-27T08:00:00Z,24.1,52,0
6401512.058,2026-05-27T09:00:00Z,25.3,47,0
6401512.058,2026-05-27T10:00:00Z,26.2,45,0
6401512.058,2026-05-27T11:00:00Z,27.0,44,0
6401512.058,2026-05-27T12:00:00Z,27.6,38,0
6401512.058,2026-05-27T13:00:00Z,28.1,36,0
6401512.058,2026-05-27T14:00:00Z,24.0,55,0
6401512.058,2026-05-27T15:00:00Z,23.1,66,0.1
6401512.058,2026-05-27T16:00:00Z,23.7,57,0
6401512.058,2026-05-27T17:00:00Z,19.7,68,0.4
6401512.058,2026-05-27T18:00:00Z,19.1,69,0
6401512.058,2026-05-27T19:00:00Z,16.8,87,0.9
6401512.058,2026-05-27T20:00:00Z,16.3,92,0.1
6401512.058,2026-05-27T21:00:00Z,15.3,94,0
6401512.058,2026-05-27T22:00:00Z,14.7,94,0
6401512.058,2026-05-27T23:00:00Z,14.3,95,0
6401512.058,2026-05-28T00:00:00Z,14.8,76,0
6401512.058,2026-05-28T01:00:00Z,14.1,72,0
6401512.058,2026-05-28T02:00:00Z,11.8,78,0
6401512.058,2026-05-28T03:00:00Z,11.6,80,0
6401512.058,2026-05-28T04:00:00Z,13.1,78,0
6401512.058,2026-05-28T05:00:00Z,14.5,70,0
6401512.058,2026-05-28T06:00:00Z,15.7,65,0
6401512.058,2026-05-28T07:00:00Z,17.1,51,0
6401512.058,2026-05-28T08:00:00Z,17.8,41,0
6401512.058,2026-05-28T09:00:00Z,18.1,39,0
6401512.058,2026-05-28T10:00:00Z,18.2,37,0
6401512.058,2026-05-28T11:00:00Z,18.2,35,0
6401512.058,2026-05-28T12:00:00Z,18.2,34,0
6401512.058,2026-05-28T13:00:00Z,17.9,36,0
6401512.058,2026-05-28T14:00:00Z,17.5,37,0
6401512.058,2026-05-28T15:00:00Z,17.2,38,0
6401512.058,2026-05-28T16:00:00Z,16.5,43,0
6401512.058,2026-05-28T17:00:00Z,15.3,45,0
6401512.058,2026-05-28T18:00:00Z,14.1,46,0
6401512.058,2026-05-28T19:00:00Z,12.8,51,0
6401512.058,2026-05-28T20:00:00Z,11.9,54,0
6401512.058,2026-05-28T21:00:00Z,10.7,60,0
6401512.058,2026-05-28T22:00:00Z,10.2,61,0
6401512.058,2026-05-28T23:00:00Z,10.1,60,0
6401512.058,2026-05-29T00:00:00Z,9.0,66,0
6401512.058,2026-05-29T01:00:00Z,8.4,69,0
6401512.058,2026-05-29T02:00:00Z,8.1,71,0
6401512.058,2026-05-29T03:00:00Z,8.3,73,0
6401512.058,2026-05-29T04:00:00Z,9.7,73,0
6401512.058,2026-05-29T05:00:00Z,11.3,70,0
6401512.058,2026-05-29T06:00:00Z,13.1,64,0
6401512.058,2026-05-29T07:00:00Z,14.4,56,0
6401512.058,2026-05-29T08:00:00Z,15.0,48,0
6401512.058,2026-05-29T09:00:00Z,15.7,47,0
6401512.058,2026-05-29T10:00:00Z,16.2,47,0
6401512.058,2026-05-29T11:00:00Z,16.4,47,0
6401512.058,2026-05-29T12:00:00Z,17.0,42,0
6401512.058,2026-05-29T13:00:00Z,16.8,37,0
6401512.058,2026-05-29T14:00:00Z,16.6,38,0
6401512.058,2026-05-29T15:00:00Z,16.3,41,0
6401512.058,2026-05-29T16:00:00Z,15.7,44,0
6401512.058,2026-05-29T17:00:00Z,14.0,50,0.1
6401512.058,2026-05-29T18:00:00Z,13.3,48,0
6401512.058,2026-05-29T19:00:00Z,12.4,50,0
6401512.058,2026-05-29T20:00:00Z,12.0,54,0
6401512.058,2026-05-29T21:00:00Z,11.4,56,0
6401512.058,2026-05-29T22:00:00Z,10.5,61,0
6401512.058,2026-05-29T23:00:00Z,9.8,64,0
6401512.058,2026-05-30T00:00:00Z,9.9,64,0
6401512.058,2026-05-30T01:00:00Z,10.5,66,0
6401512.058,2026-05-30T02:00:00Z,10.4,70,0
6401512.058,2026-05-30T03:00:00Z,10.7,73,0.1
6401512.058,2026-05-30T04:00:00Z,10.8,79,0.3
6401512.058,2026-05-30T05:00:00Z,10.4,91,1.0
6401512.058,2026-05-30T06:00:00Z,10.4,92,0.4
6401512.058,2026-05-30T07:00:00Z,10.9,86,0.3
6401512.058,2026-05-30T08:00:00Z,11.3,86,0.4
6401512.058,2026-05-30T09:00:00Z,13.8,69,0.4
6401512.058,2026-05-30T10:00:00Z,9.8,91,3.6
6401512.058,2026-05-30T11:00:00Z,12.9,68,0.2
6401512.058,2026-05-30T12:00:00Z,14.9,55,0.2
6401512.058,2026-05-30T13:00:00Z,15.6,54,0
6401512.058,2026-05-30T14:00:00Z,16.0,48,0
6401512.058,2026-05-30T15:00:00Z,15.9,48,0
6401512.058,2026-05-30T16:00:00Z,15.6,53,0
6401512.058,2026-05-30T17:00:00Z,14.0,64,0
6401512.058,2026-05-30T18:00:00Z,12.6,67,0
6401512.058,2026-05-30T19:00:00Z,12.1,67,0
6401512.058,2026-05-30T20:00:00Z,11.1,73,0
6401512.058,2026-05-30T21:00:00Z,11.5,73,0
6401512.058,2026-05-30T22:00:00Z,11.6,73,0
6401512.058,2026-05-30T23:00:00Z,10.6,77,0
6401512.058,2026-05-31T00:00:00Z,10.9,86,0
6401512.058,2026-05-31T01:00:00Z,9.4,91,0
6401512.058,2026-05-31T02:00:00Z,8.9,92,0
6401512.058,2026-05-31T03:00:00Z,9.2,94,0
6401512.058,2026-05-31T04:00:00Z,11.6,90,0
6401512.058,2026-05-31T05:00:00Z,13.2,85,0
6401512.058,2026-05-31T06:00:00Z,14.6,80,0
6401512.058,2026-05-31T07:00:00Z,16.1,73,0
6401512.058,2026-05-31T08:00:00Z,17.5,64,0.1
6401512.058,2026-05-31T09:00:00Z,18.2,59,0.1
6401512.058,2026-05-31T10:00:00Z,18.3,60,0.1
6401512.058,2026-05-31T11:00:00Z,18.2,61,0.2
6401512.058,2026-05-31T12:00:00Z,18.8,52,0.1
6401512.058,2026-05-31T13:00:00Z,18.8,52,0
6401512.058,2026-05-31T14:00:00Z,18.7,53,0
6401512.058,2026-05-31T15:00:00Z,18.4,54,0
6401512.058,2026-05-31T16:00:00Z,17.6,61,0
6401512.058,2026-05-31T17:00:00Z,16.4,67,0
6401512.058,2026-05-31T18:00:00Z,15.4,74,0
6401512.058,2026-05-31T19:00:00Z,14.9,76,0
6401512.058,2026-05-31T20:00:00Z,14.2,79,0
6401512.058,2026-05-31T21:00:00Z,14.0,82,0.1
6401512.058,2026-05-31T22:00:00Z,13.3,89,0
6401512.058,2026-05-31T23:00:00Z,13.1,93,0.3
6401512.058,2026-06-01T00:00:00Z,12.8,86,0.6
6401512.058,2026-06-01T01:00:00Z,12.6,87,0
6401512.058,2026-06-01T02:00:00Z,12.4,89,0
6401512.058,2026-06-01T03:00:00Z,12.3,92,0
6401512.058,2026-06-01T04:00:00Z,12.9,89,0
6401512.058,2026-06-01T05:00:00Z,13.9,82,0
6401512.058,2026-06-01T06:00:00Z,14.0,83,0
6401512.058,2026-06-01T07:00:00Z,14.6,79,0
6401512.058,2026-06-01T08:00:00Z,14.8,79,0
6401512.058,2026-06-01T09:00:00Z,16.4,70,0.1
6401512.058,2026-06-01T10:00:00Z,17.5,64,0.2
6401512.058,2026-06-01T11:00:00Z,18.5,60,0.1
6401512.058,2026-06-01T12:00:00Z,19.0,55,0
6401512.058,2026-06-01T13:00:00Z,19.2,53,0
6401512.058,2026-06-01T14:00:00Z,19.1,53,0
6401512.058,2026-06-01T15:00:00Z,19.1,52,0
6401512.058,2026-06-01T16:00:00Z,18.5,57,0
6401512.058,2026-06-01T17:00:00Z,17.0,68,0
6401512.058,2026-06-01T18:00:00Z,15.7,67,0
6401512.058,2026-06-01T19:00:00Z,14.7,68,0
6401512.058,2026-06-01T20:00:00Z,14.8,69,0
6401512.058,2026-06-01T21:00:00Z,14.0,84,0
6401512.058,2026-06-01T22:00:00Z,13.0,92,0
6401512.058,2026-06-01T23:00:00Z,12.3,95,0
6401512.058,2026-06-02T00:00:00Z,12.1,95,0
6401512.058,2026-06-02T01:00:00Z,11.5,96,0
6401512.058,2026-06-02T02:00:00Z,11.5,95,0
6401512.058,2026-06-02T03:00:00Z,12.0,92,0
6401512.058,2026-06-02T04:00:00Z,12.7,89,0
6401512.058,2026-06-02T05:00:00Z,12.8,91,0
6401512.058,2026-06-02T06:00:00Z,13.3,92,0.3
6401512.058,2026-06-02T07:00:00Z,13.5,94,0.5
6401512.058,2026-06-02T08:00:00Z,14.0,96,0.6
6401512.058,2026-06-02T09:00:00Z,13.9,95,1.8
6401512.058,2026-06-02T10:00:00Z,14.1,95,2.0
6401512.058,2026-06-02T11:00:00Z,14.1,94,1.1
6401512.058,2026-06-02T12:00:00Z,13.6,95,0.5
6401512.058,2026-06-02T13:00:00Z,14.1,95,1.4
6401512.058,2026-06-02T14:00:00Z,13.5,96,1.8
6401512.058,2026-06-02T15:00:00Z,13.5,96,2.4
6401512.058,2026-06-02T16:00:00Z,13.3,96,3.7
6401512.058,2026-06-02T17:00:00Z,13.1,96,4.7
6401512.058,2026-06-02T18:00:00Z,13.1,96,4.9
6401512.058,2026-06-02T19:00:00Z,13.3,97,2.1
6401512.058,2026-06-02T20:00:00Z,13.4,97,2.3
6401512.058,2026-06-02T21:00:00Z,13.5,97,2.1
6401512.058,2026-06-02T22:00:00Z,13.6,98,2.5
6401512.058,2026-06-02T23:00:00Z,13.7,98,2.6
6401512.058,2026-06-03T00:00:00Z,13.5,98,2.1
6401512.058,2026-06-03T01:00:00Z,13.5,98,0.5
6401512.058,2026-06-03T02:00:00Z,13.5,98,0.9
6401512.058,2026-06-03T03:00:00Z,13.4,98,0.7
6401512.058,2026-06-03T04:00:00Z,13.5,98,1.2
6401512.058,2026-06-03T05:00:00Z,13.7,98,0.5
6401512.058,2026-06-03T06:00:00Z,13.1,97,0.3
6401512.058,2026-06-03T07:00:00Z,13.7,94,0.1
6401512.058,2026-06-03T08:00:00Z,14.4,91,0
6401512.058,2026-06-03T09:00:00Z,15.3,88,0.1
6401512.058,2026-06-03T10:00:00Z,16.4,84,0.1
6401512.058,2026-06-03T11:00:00Z,17.1,81,0.1
6401512.058,2026-06-03T12:00:00Z,17.1,79,0
6401512.058,2026-06-03T13:00:00Z,17.5,77,0
6401512.058,2026-06-03T14:00:00Z,17.7,76,0
6401512.058,2026-06-03T15:00:00Z,17.5,77,0
6401512.058,2026-06-03T16:00:00Z,17.6,77,0
6401512.058,2026-06-03T17:00:00Z,17.1,80,0
6401512.058,2026-06-03T18:00:00Z,16.2,85,0
6401512.058,2026-06-03T19:00:00Z,14.9,91,0
6401512.058,2026-06-03T20:00:00Z,14.3,92,0
6401512.058,2026-06-03T21:00:00Z,13.9,93,0
6401512.058,2026-06-03T22:00:00Z,13.3,94,0
6401512.058,2026-06-03T23:00:00Z,12.9,95,0
6401512.058,2026-06-04T00:00:00Z,13.4,98,0
6401512.058,2026-06-04T01:00:00Z,13.3,98,0
6401512.058,2026-06-04T02:00:00Z,13.7,99,0
6401512.058,2026-06-04T03:00:00Z,14.3,99,0
6401512.058,2026-06-04T04:00:00Z,15.0,97,0
6401512.058,2026-06-04T05:00:00Z,15.7,95,0
6401512.058,2026-06-04T06:00:00Z,16.2,90,0
6401512.058,2026-06-04T07:00:00Z,17.1,83,0
6401512.058,2026-06-04T08:00:00Z,18.3,79,0.1
6401512.058,2026-06-04T09:00:00Z,19.5,75,0.1
6401512.058,2026-06-04T10:00:00Z,20.0,74,0.1
6401512.058,2026-06-04T11:00:00Z,20.4,72,0.1
6401512.058,2026-06-04T12:00:00Z,22.0,68,0.1
6401512.058,2026-06-04T13:00:00Z,22.4,68,0
6401512.058,2026-06-04T14:00:00Z,22.4,68,0
6401512.058,2026-06-04T15:00:00Z,22.2,69,0
6401512.058,2026-06-04T16:00:00Z,21.6,73,0.1
6401512.058,2026-06-04T17:00:00Z,20.4,80,0
6401512.058,2026-06-04T18:00:00Z,19.3,78,0
6401512.058,2026-06-04T19:00:00Z,18.4,82,0
6401512.058,2026-06-04T20:00:00Z,17.2,88,0
6401512.058,2026-06-04T21:00:00Z,16.6,90,0
6401512.058,2026-06-04T22:00:00Z,16.0,92,0
6401512.058,2026-06-04T23:00:00Z,15.1,95,0
6401512.058,2026-06-05T00:00:00Z,14.6,97,0
6401512.058,2026-06-05T01:00:00Z,13.9,98,0
6401512.058,2026-06-05T02:00:00Z,13.5,99,0
6401512.058,2026-06-05T03:00:00Z,13.9,99,0
6401512.058,2026-06-05T04:00:00Z,15.6,94,0
6401512.058,2026-06-05T05:00:00Z,17.6,87,0
6401512.058,2026-06-05T06:00:00Z,19.3,78,0
6401512.058,2026-06-05T07:00:00Z,20.8,71,0
6401512.058,2026-06-05T08:00:00Z,22.1,65,0
6401512.058,2026-06-05T09:00:00Z,23.1,63,0
6401512.058,2026-06-05T10:00:00Z,24.0,58,0
6401512.058,2026-06-05T11:00:00Z,24.4,58,0.1
6401512.058,2026-06-05T12:00:00Z,24.9,54,0
6401512.058,2026-06-05T13:00:00Z,24.9,55,0
6401512.058,2026-06-05T14:00:00Z,24.8,56,0
6401512.058,2026-06-05T15:00:00Z,24.5,59,0
6401512.058,2026-06-05T16:00:00Z,23.8,67,0
6401512.058,2026-06-05T17:00:00Z,22.3,75,0
6401512.058,2026-06-05T18:00:00Z,20.9,79,0
6401512.058,2026-06-05T19:00:00Z,20.0,82,0
6401512.058,2026-06-05T20:00:00Z,19.5,84,0
6401512.058,2026-06-05T21:00:00Z,18.9,85,0
6401512.058,2026-06-05T22:00:00Z,18.3,87,0.1
6401512.058,2026-06-05T23:00:00Z,17.5,91,0.7
6401512.058,2026-06-06T00:00:00Z,17.4,90,0.2
6401512.058,2026-06-06T01:00:00Z,16.6,95,0
6401512.058,2026-06-06T02:00:00Z,16.1,96,0.1
6401512.058,2026-06-06T03:00:00Z,16.1,96,0.2
6401512.058,2026-06-06T04:00:00Z,17.3,95,1.1
6401512.058,2026-06-06T05:00:00Z,17.7,97,6.6
6401512.058,2026-06-06T06:00:00Z,19.6,93,0.2
6401512.058,2026-06-06T07:00:00Z,20.9,88,0
6401512.058,2026-06-06T08:00:00Z,23.0,79,0
6401512.058,2026-06-06T09:00:00Z,24.2,73,0.1
6401512.058,2026-06-06T10:00:00Z,25.0,69,0.1
6401512.058,2026-06-06T11:00:00Z,24.7,65,0.1
6401512.058,2026-06-06T12:00:00Z,24.5,69,0.4
6401512.058,2026-06-06T13:00:00Z,21.6,83,1.1
6401512.058,2026-06-06T14:00:00Z,20.5,92,3.5
6401512.058,2026-06-06T15:00:00Z,19.9,94,0.9
6401512.058,2026-06-06T16:00:00Z,20.2,93,0.2
6401512.058,2026-06-06T17:00:00Z,19.9,95,0
6401512.058,2026-06-06T18:00:00Z,19.6,93,0
6401512.058,2026-06-06T19:00:00Z,18.7,98,0.6
6401512.058,2026-06-06T20:00:00Z,18.1,98,0.2
6401512.058,2026-06-06T21:00:00Z,17.7,99,0.4
6401512.058,2026-06-06T22:00:00Z,17.3,100,0.6
6401512.058,2026-06-06T23:00:00Z,17.0,100,0
6401512.058,2026-06-07T00:00:00Z,17.0,100,0
6401512.058,2026-06-07T01:00:00Z,16.5,100,0
6401512.058,2026-06-07T02:00:00Z,16.2,100,0.3
6401512.058,2026-06-07T03:00:00Z,16.3,99,0.2
6401512.058,2026-06-07T04:00:00Z,16.7,98,0.1
6401512.058,2026-06-07T05:00:00Z,17.4,95,0
6401512.058,2026-06-07T06:00:00Z,16.8,98,0
6401512.058,2026-06-07T07:00:00Z,17.7,98,1.8
6401512.058,2026-06-07T08:00:00Z,17.7,94,2.5
6401512.058,2026-06-07T09:00:00Z,17.8,95,1.9
6401512.058,2026-06-07T10:00:00Z,17.5,92,2.7
6401512.058,2026-06-07T11:00:00Z,17.7,94,1.7
6401512.058,2026-06-07T12:00:00Z,17.9,94,0.7
6401512.058,2026-06-07T13:00:00Z,18.1,99,1.3
6401512.058,2026-06-07T14:00:00Z,18.0,95,0.5
6401512.058,2026-06-07T15:00:00Z,17.8,94,0.4
6401512.058,2026-06-07T16:00:00Z,17.3,96,0.5
6401512.058,2026-06-07T17:00:00Z,17.1,96,0.1
6401512.058,2026-06-07T18:00:00Z,17.1,95,0.2
6401512.058,2026-06-07T19:00:00Z,16.9,95,0
6401512.058,2026-06-07T20:00:00Z,16.5,95,0
6401512.058,2026-06-07T21:00:00Z,16.2,94,0
6401512.058,2026-06-07T22:00:00Z,15.9,92,0
6401512.058,2026-06-07T23:00:00Z,15.5,91,0
6401512.058,2026-06-08T00:00:00Z,15.2,92,0
6401512.058,2026-06-08T01:00:00Z,15.0,92,0
6401512.058,2026-06-08T02:00:00Z,14.8,91,0
6401512.058,2026-06-08T03:00:00Z,15.0,91,0
6401512.058,2026-06-08T04:00:00Z,16.1,87,0
6401512.058,2026-06-08T05:00:00Z,17.4,81,0
6401512.058,2026-06-08T06:00:00Z,19.1,75,0
6401512.058,2026-06-08T07:00:00Z,20.6,66,0
6401512.058,2026-06-08T08:00:00Z,21.6,57,0
6401512.058,2026-06-08T09:00:00Z,22.4,53,0
6401512.058,2026-06-08T10:00:00Z,22.9,51,0
6401512.058,2026-06-08T11:00:00Z,23.3,50,0
6401512.058,2026-06-08T12:00:00Z,24.0,45,0
6401512.058,2026-06-08T13:00:00Z,23.8,46,0
6401512.058,2026-06-08T14:00:00Z,23.7,47,0
6401512.058,2026-06-08T15:00:00Z,23.2,52,0
6401512.058,2026-06-08T16:00:00Z,22.3,59,0
6401512.058,2026-06-08T17:00:00Z,20.7,68,0
6401512.058,2026-06-08T18:00:00Z,19.4,68,0
6401512.058,2026-06-08T19:00:00Z,18.6,71,0
6401512.058,2026-06-08T20:00:00Z,17.8,74,0
6401512.058,2026-06-08T21:00:00Z,17.2,77,0
6401512.058,2026-06-08T22:00:00Z,16.4,80,0
6401512.058,2026-06-08T23:00:00Z,15.9,82,0
6401512.058,2026-06-09T00:00:00Z,15.6,82,0
6401512.058,2026-06-09T01:00:00Z,14.7,87,0
6401512.058,2026-06-09T02:00:00Z,14.1,90,0
6401512.058,2026-06-09T03:00:00Z,14.6,89,0
6401512.058,2026-06-09T04:00:00Z,16.2,87,0
6401512.058,2026-06-09T05:00:00Z,18.0,81,0
6401512.058,2026-06-09T06:00:00Z,19.9,75,0
6401512.058,2026-06-09T07:00:00Z,21.5,69,0
6401512.058,2026-06-09T08:00:00Z,22.8,61,0
6401512.058,2026-06-09T09:00:00Z,23.7,54,0
6401512.058,2026-06-09T10:00:00Z,23.9,50,0
6401512.058,2026-06-09T11:00:00Z,24.0,49,0.1
6401512.058,2026-06-09T12:00:00Z,24.3,49,0.1
6401512.058,2026-06-09T13:00:00Z,24.3,49,0.1
6401512.058,2026-06-09T14:00:00Z,24.2,50,0
6401512.058,2026-06-09T15:00:00Z,23.9,52,0
6401512.058,2026-06-09T16:00:00Z,23.2,60,0
6401512.058,2026-06-09T17:00:00Z,21.7,75,0
6401512.058,2026-06-09T18:00:00Z,21.0,64,0
6401512.058,2026-06-09T19:00:00Z,20.0,66,0
6401512.058,2026-06-09T20:00:00Z,18.9,69,0
6401512.058,2026-06-09T21:00:00Z,17.7,75,0
6401512.058,2026-06-09T22:00:00Z,17.0,79,0
6401512.058,2026-06-09T23:00:00Z,16.6,81,0
6401512.058,2026-06-10T00:00:00Z,15.5,86,0
6401512.058,2026-06-10T01:00:00Z,15.1,87,0
6401512.058,2026-06-10T02:00:00Z,15.0,88,0
6401512.058,2026-06-10T03:00:00Z,15.7,86,0
6401512.058,2026-06-10T04:00:00Z,17.2,86,0
6401512.058,2026-06-10T05:00:00Z,19.6,78,0
6401512.058,2026-06-10T06:00:00Z,21.3,70,0
6401512.058,2026-06-10T07:00:00Z,22.9,63,0
6401512.058,2026-06-10T08:00:00Z,24.1,56,0
6401512.058,2026-06-10T09:00:00Z,24.7,50,0
6401512.058,2026-06-10T10:00:00Z,25.2,48,0
6401512.058,2026-06-10T11:00:00Z,25.5,48,0
6401512.058,2026-06-10T12:00:00Z,26.3,42,0
6401512.058,2026-06-10T13:00:00Z,26.2,43,0
6401512.058,2026-06-10T14:00:00Z,26.0,44,0
6401512.058,2026-06-10T15:00:00Z,25.7,46,0
6401512.058,2026-06-10T16:00:00Z,25.0,53,0
6401512.058,2026-06-10T17:00:00Z,23.2,70,0
6401512.058,2026-06-10T18:00:00Z,21.4,70,0
6401512.058,2026-06-10T19:00:00Z,20.6,72,0
6401512.058,2026-06-10T20:00:00Z,20.0,74,0
6401512.058,2026-06-10T21:00:00Z,19.6,75,0
6401512.058,2026-06-10T22:00:00Z,18.9,77,0
6401512.058,2026-06-10T23:00:00Z,18.1,79,0
6401512.058,2026-06-11T00:00:00Z,17.3,75,0
6401512.058,2026-06-11T01:00:00Z,16.4,79,0
6401512.058,2026-06-11T02:00:00Z,15.7,82,0
6401512.058,2026-06-11T03:00:00Z,16.0,87,0
6401512.058,2026-06-11T04:00:00Z,18.0,83,0
6401512.058,2026-06-11T05:00:00Z,20.4,76,0
6401512.058,2026-06-11T06:00:00Z,22.5,67,0
6401512.058,2026-06-11T07:00:00Z,24.0,62,0
6401512.058,2026-06-11T08:00:00Z,25.3,60,0
6401512.058,2026-06-11T09:00:00Z,26.1,52,0.1
6401512.058,2026-06-11T10:00:00Z,26.6,48,0
6401512.058,2026-06-11T11:00:00Z,26.8,47,0
6401512.058,2026-06-11T12:00:00Z,27.4,45,0
6401512.058,2026-06-11T13:00:00Z,27.3,46,0
6401512.058,2026-06-11T14:00:00Z,26.9,46,0
6401512.058,2026-06-11T15:00:00Z,26.6,49,0
6401512.058,2026-06-11T16:00:00Z,25.8,61,0
6401512.058,2026-06-11T17:00:00Z,24.0,69,0
6401512.058,2026-06-11T18:00:00Z,22.7,68,0
6401512.058,2026-06-11T19:00:00Z,22.5,71,0
6401512.058,2026-06-11T20:00:00Z,21.1,75,0
6401512.058,2026-06-11T21:00:00Z,19.9,80,0
6401512.058,2026-06-11T22:00:00Z,18.2,89,0.6
6401512.058,2026-06-11T23:00:00Z,17.7,92,0.2
6401512.058,2026-06-12T00:00:00Z,17.4,97,0
6401512.058,2026-06-12T01:00:00Z,17.2,98,0
6401512.058,2026-06-12T02:00:00Z,16.9,98,0
6401512.058,2026-06-12T03:00:00Z,17.2,98,0
6401512.058,2026-06-12T04:00:00Z,18.1,96,0
6401512.058,2026-06-12T05:00:00Z,19.2,91,0
6401512.058,2026-06-12T06:00:00Z,19.1,89,0
6401512.058,2026-06-12T07:00:00Z,19.8,85,0
6401512.058,2026-06-12T08:00:00Z,18.9,89,0.7
6401512.058,2026-06-12T09:00:00Z,17.9,96,1.1
6401512.058,2026-06-12T10:00:00Z,19.3,85,0.5
6401512.058,2026-06-12T11:00:00Z,18.3,83,0.3
6401512.058,2026-06-12T12:00:00Z,15.6,85,0.1
6401512.058,2026-06-12T13:00:00Z,14.8,88,0.5
6401512.058,2026-06-12T14:00:00Z,14.6,87,0.3
6401512.058,2026-06-12T15:00:00Z,15.3,76,0
6401512.058,2026-06-12T16:00:00Z,14.9,72,0
6401512.058,2026-06-12T17:00:00Z,14.0,75,0
6401512.058,2026-06-12T18:00:00Z,13.1,80,0
6401512.058,2026-06-12T19:00:00Z,12.6,82,0
6401512.058,2026-06-12T20:00:00Z,12.4,83,0
6401512.058,2026-06-12T21:00:00Z,12.1,83,0
6401512.058,2026-06-12T22:00:00Z,12.6,78,0
6401512.058,2026-06-12T23:00:00Z,12.4,77,0
6401512.058,2026-06-13T00:00:00Z,12.0,78,0
6401512.058,2026-06-13T01:00:00Z,11.2,80,0
6401512.058,2026-06-13T02:00:00Z,10.4,83,0
6401512.058,2026-06-13T03:00:00Z,10.1,85,0
6401512.058,2026-06-13T04:00:00Z,11.1,83,0
6401512.058,2026-06-13T05:00:00Z,12.5,78,0
6401512.058,2026-06-13T06:00:00Z,13.8,75,0
6401512.058,2026-06-13T07:00:00Z,15.4,69,0
6401512.058,2026-06-13T08:00:00Z,16.9,63,0
6401512.058,2026-06-13T09:00:00Z,18.2,59,0
6401512.058,2026-06-13T10:00:00Z,19.3,55,0
6401512.058,2026-06-13T11:00:00Z,20.4,49,0
6401512.058,2026-06-13T12:00:00Z,21.0,47,0
6401512.058,2026-06-13T13:00:00Z,21.1,45,0
6401512.058,2026-06-13T14:00:00Z,21.1,44,0
6401512.058,2026-06-13T15:00:00Z,20.7,46,0
6401512.058,2026-06-13T16:00:00Z,19.9,55,0
6401512.058,2026-06-13T17:00:00Z,18.5,63,0
6401512.058,2026-06-13T18:00:00Z,16.8,64,0
6401512.058,2026-06-13T19:00:00Z,16.2,66,0
6401512.058,2026-06-13T20:00:00Z,15.4,69,0
6401512.058,2026-06-13T21:00:00Z,14.9,71,0
6401512.058,2026-06-13T22:00:00Z,14.2,75,0
6401512.058,2026-06-13T23:00:00Z,13.8,77,0
6401512.058,2026-06-14T00:00:00Z,12.9,81,0
6401512.058,2026-06-14T01:00:00Z,12.1,85,0
6401512.058,2026-06-14T02:00:00Z,11.4,89,0
6401512.058,2026-06-14T03:00:00Z,12.7,84,0
6401512.058,2026-06-14T04:00:00Z,15.6,74,0
6401512.058,2026-06-14T05:00:00Z,17.3,71,0
6401512.058,2026-06-14T06:00:00Z,18.3,71,0
6401512.058,2026-06-14T07:00:00Z,20.1,66,0
6401512.058,2026-06-14T08:00:00Z,21.5,58,0.1
6401512.058,2026-06-14T09:00:00Z,21.0,63,0.7
6401512.058,2026-06-14T10:00:00Z,22.2,62,0.3
6401512.058,2026-06-14T11:00:00Z,23.0,59,0
6401512.058,2026-06-14T12:00:00Z,22.9,54,0.1
6401512.058,2026-06-14T13:00:00Z,21.4,63,0.3
6401512.058,2026-06-14T14:00:00Z,22.1,58,0
6401512.058,2026-06-14T15:00:00Z,22.1,57,0
6401512.058,2026-06-14T16:00:00Z,21.6,63,0
6401512.058,2026-06-14T17:00:00Z,20.2,73,0
6401512.058,2026-06-14T18:00:00Z,18.7,73,0
6401512.058,2026-06-14T19:00:00Z,18.3,72,0
6401512.058,2026-06-14T20:00:00Z,17.9,73,0
6401512.058,2026-06-14T21:00:00Z,16.9,77,0
6401512.058,2026-06-14T22:00:00Z,16.6,76,0
6401512.058,2026-06-14T23:00:00Z,17.6,67,0
6401512.058,2026-06-15T00:00:00Z,14.2,90,0
6401512.058,2026-06-15T01:00:00Z,13.4,93,0
6401512.058,2026-06-15T02:00:00Z,12.7,95,0
6401512.058,2026-06-15T03:00:00Z,12.8,95,0
6401512.058,2026-06-15T04:00:00Z,14.0,89,0
6401512.058,2026-06-15T05:00:00Z,14.7,85,0
6401512.058,2026-06-15T06:00:00Z,15.7,76,0
6401512.058,2026-06-15T07:00:00Z,16.9,70,0
6401512.058,2026-06-15T08:00:00Z,18.0,63,0
6401512.058,2026-06-15T09:00:00Z,18.7,59,0
6401512.058,2026-06-15T10:00:00Z,19.2,58,0.1
6401512.058,2026-06-15T11:00:00Z,20.0,55,0.1
6401512.058,2026-06-15T12:00:00Z,20.4,50,0.1
6401512.058,2026-06-15T13:00:00Z,20.4,50,0
6401512.058,2026-06-15T14:00:00Z,20.6,49,0
6401512.058,2026-06-15T15:00:00Z,20.4,50,0
6401512.058,2026-06-15T16:00:00Z,19.9,55,0
6401512.058,2026-06-15T17:00:00Z,18.7,68,0
6401512.058,2026-06-15T18:00:00Z,17.2,66,0
6401512.058,2026-06-15T19:00:00Z,16.2,69,0
6401512.058,2026-06-15T20:00:00Z,15.5,70,0
6401512.058,2026-06-15T21:00:00Z,15.1,71,0
6401512.058,2026-06-15T22:00:00Z,14.6,72,0
6401512.058,2026-06-15T23:00:00Z,13.6,77,0
6401512.058,2026-06-16T00:00:00Z,12.8,82,0
6401512.058,2026-06-16T01:00:00Z,11.9,86,0
6401512.058,2026-06-16T02:00:00Z,11.2,88,0
6401512.058,2026-06-16T03:00:00Z,11.5,88,0
6401512.058,2026-06-16T04:00:00Z,13.5,83,0
6401512.058,2026-06-16T05:00:00Z,15.6,76,0
6401512.058,2026-06-16T06:00:00Z,17.3,70,0
6401512.058,2026-06-16T07:00:00Z,18.7,62,0
6401512.058,2026-06-16T08:00:00Z,19.7,59,0
6401512.058,2026-06-16T09:00:00Z,20.7,58,0
6401512.058,2026-06-16T10:00:00Z,20.9,54,0.1
6401512.058,2026-06-16T11:00:00Z,21.4,50,0
6401512.058,2026-06-16T12:00:00Z,22.0,44,0
6401512.058,2026-06-16T13:00:00Z,22.0,45,0
6401512.058,2026-06-16T14:00:00Z,21.8,46,0
6401512.058,2026-06-16T15:00:00Z,21.3,49,0
6401512.058,2026-06-16T16:00:00Z,20.7,58,0
6401512.058,2026-06-16T17:00:00Z,19.7,70,0
6401512.058,2026-06-16T18:00:00Z,18.6,69,0
6401512.058,2026-06-16T19:00:00Z,17.6,71,0
6401512.058,2026-06-16T20:00:00Z,16.1,78,0
6401512.058,2026-06-16T21:00:00Z,15.1,83,0
6401512.058,2026-06-16T22:00:00Z,14.7,84,0
6401512.058,2026-06-16T23:00:00Z,14.3,85,0
6401512.058,2026-06-17T00:00:00Z,13.3,84,0
6401512.058,2026-06-17T01:00:00Z,13.2,79,0
6401512.058,2026-06-17T02:00:00Z,13.1,77,0
6401512.058,2026-06-17T03:00:00Z,14.2,75,0
6401512.058,2026-06-17T04:00:00Z,17.0,71,0
6401512.058,2026-06-17T05:00:00Z,19.6,67,0
6401512.058,2026-06-17T06:00:00Z,21.4,61,0
6401512.058,2026-06-17T07:00:00Z,22.9,56,0
6401512.058,2026-06-17T08:00:00Z,23.8,47,0
6401512.058,2026-06-17T09:00:00Z,24.0,44,0
6401512.058,2026-06-17T10:00:00Z,24.1,45,0
6401512.058,2026-06-17T11:00:00Z,24.6,46,0
6401512.058,2026-06-17T12:00:00Z,25.0,43,0
6401512.058,2026-06-17T13:00:00Z,24.1,44,0
6401512.058,2026-06-17T14:00:00Z,21.9,56,0.2
6401512.058,2026-06-17T15:00:00Z,21.9,56,0
6401512.058,2026-06-17T16:00:00Z,21.3,62,0
6401512.058,2026-06-17T17:00:00Z,20.3,73,0
6401512.058,2026-06-17T18:00:00Z,18.8,72,0
6401512.058,2026-06-17T19:00:00Z,18.2,72,0
6401512.058,2026-06-17T20:00:00Z,17.5,74,0
6401512.058,2026-06-17T21:00:00Z,17.1,76,0
6401512.058,2026-06-17T22:00:00Z,16.3,81,0
6401512.058,2026-06-17T23:00:00Z,16.1,82,0
6401512.058,2026-06-18T00:00:00Z,15.1,93,0
6401512.058,2026-06-18T01:00:00Z,14.8,96,0
6401512.058,2026-06-18T02:00:00Z,14.3,97,0
6401512.058,2026-06-18T03:00:00Z,14.1,98,0
6401512.058,2026-06-18T04:00:00Z,14.9,95,0
6401512.058,2026-06-18T05:00:00Z,16.4,86,0
6401512.058,2026-06-18T06:00:00Z,17.9,79,0
6401512.058,2026-06-18T07:00:00Z,19.6,67,0
6401512.058,2026-06-18T08:00:00Z,20.9,52,0
6401512.058,2026-06-18T09:00:00Z,21.7,48,0
6401512.058,2026-06-18T10:00:00Z,22.2,46,0
6401512.058,2026-06-18T11:00:00Z,22.4,46,0
6401512.058,2026-06-18T12:00:00Z,23.0,40,0
6401512.058,2026-06-18T13:00:00Z,22.6,41,0
6401512.058,2026-06-18T14:00:00Z,22.4,42,0
6401512.058,2026-06-18T15:00:00Z,22.4,43,0
6401512.058,2026-06-18T16:00:00Z,21.6,50,0
6401512.058,2026-06-18T17:00:00Z,20.2,57,0
6401512.058,2026-06-18T18:00:00Z,18.8,56,0
6401512.058,2026-06-18T19:00:00Z,17.5,59,0
6401512.058,2026-06-18T20:00:00Z,16.2,68,0
6401512.058,2026-06-18T21:00:00Z,15.4,72,0
6401512.058,2026-06-18T22:00:00Z,14.5,76,0
6401512.058,2026-06-18T23:00:00Z,13.8,79,0
6401512.058,2026-06-19T00:00:00Z,12.9,85,0
6401512.058,2026-06-19T01:00:00Z,12.3,87,0
6401512.058,2026-06-19T02:00:00Z,12.0,88,0
6401512.058,2026-06-19T03:00:00Z,12.7,85,0
6401512.058,2026-06-19T04:00:00Z,14.8,78,0
6401512.058,2026-06-19T05:00:00Z,17.2,73,0
6401512.058,2026-06-19T06:00:00Z,19.0,66,0
6401512.058,2026-06-19T07:00:00Z,21.0,61,0
6401512.058,2026-06-19T08:00:00Z,22.6,55,0
6401512.058,2026-06-19T09:00:00Z,23.7,51,0
6401512.058,2026-06-19T10:00:00Z,24.6,46,0
6401512.058,2026-06-19T11:00:00Z,25.4,42,0
6401512.058,2026-06-19T12:00:00Z,25.9,40,0
6401512.058,2026-06-19T13:00:00Z,26.0,41,0
6401512.058,2026-06-19T14:00:00Z,25.5,43,0
6401512.058,2026-06-19T15:00:00Z,25.1,46,0
6401512.058,2026-06-19T16:00:00Z,24.4,56,0
6401512.058,2026-06-19T17:00:00Z,22.9,67,0
6401512.058,2026-06-19T18:00:00Z,20.9,69,0
6401512.058,2026-06-19T19:00:00Z,19.7,72,0
6401512.058,2026-06-19T20:00:00Z,19.0,75,0
6401512.058,2026-06-19T21:00:00Z,18.2,77,0
6401512.058,2026-06-19T22:00:00Z,17.6,79,0
6401512.058,2026-06-19T23:00:00Z,16.8,82,0
6401512.058,2026-06-20T00:00:00Z,16.1,85,0
6401512.058,2026-06-20T01:00:00Z,15.6,85,0
6401512.058,2026-06-20T02:00:00Z,15.2,87,0
6401512.058,2026-06-20T03:00:00Z,15.8,85,0
6401512.058,2026-06-20T04:00:00Z,18.0,80,0
6401512.058,2026-06-20T05:00:00Z,20.4,74,0
6401512.058,2026-06-20T06:00:00Z,22.2,69,0
6401512.058,2026-06-20T07:00:00Z,24.0,64,0
6401512.058,2026-06-20T08:00:00Z,25.0,59,0.1
6401512.058,2026-06-20T09:00:00Z,25.4,57,0.2
6401512.058,2026-06-20T10:00:00Z,25.7,54,0.3
6401512.058,2026-06-20T11:00:00Z,26.1,55,0.3
6401512.058,2026-06-20T12:00:00Z,27.6,52,0
6401512.058,2026-06-20T13:00:00Z,26.9,53,0.1
6401512.058,2026-06-20T14:00:00Z,26.9,49,0.1
6401512.058,2026-06-20T15:00:00Z,26.7,49,0
6401512.058,2026-06-20T16:00:00Z,25.6,56,0
6401512.058,2026-06-20T17:00:00Z,24.2,64,0
6401512.058,2026-06-20T18:00:00Z,23.1,64,0
6401512.058,2026-06-20T19:00:00Z,21.8,67,0
6401512.058,2026-06-20T20:00:00Z,21.1,68,0
6401512.058,2026-06-20T21:00:00Z,19.8,70,0
6401512.058,2026-06-20T22:00:00Z,18.7,73,0
6401512.058,2026-06-20T23:00:00Z,18.2,72,0
6401512.058,2026-06-21T00:00:00Z,17.5,75,0
6401512.058,2026-06-21T01:00:00Z,16.1,80,0
6401512.058,2026-06-21T02:00:00Z,15.2,84,0
6401512.058,2026-06-21T03:00:00Z,15.7,82,0
6401512.058,2026-06-21T04:00:00Z,17.6,77,0
6401512.058,2026-06-21T05:00:00Z,19.4,71,0
6401512.058,2026-06-21T06:00:00Z,21.5,66,0
6401512.058,2026-06-21T07:00:00Z,23.5,60,0
6401512.058,2026-06-21T08:00:00Z,25.0,52,0
6401512.058,2026-06-21T09:00:00Z,26.0,45,0
6401512.058,2026-06-21T10:00:00Z,26.8,41,0
6401512.058,2026-06-21T11:00:00Z,26.9,40,0
6401512.058,2026-06-21T12:00:00Z,26.8,39,0
6401512.058,2026-06-21T13:00:00Z,27.0,39,0
6401512.058,2026-06-21T14:00:00Z,26.8,40,0
6401512.058,2026-06-21T15:00:00Z,26.5,43,0
6401512.058,2026-06-21T16:00:00Z,26.0,54,0
6401512.058,2026-06-21T17:00:00Z,24.7,69,0
6401512.058,2026-06-21T18:00:00Z,22.7,65,0
6401512.058,2026-06-21T19:00:00Z,21.0,71,0
6401512.058,2026-06-21T20:00:00Z,19.7,74,0
6401512.058,2026-06-21T21:00:00Z,18.9,75,0
6401512.058,2026-06-21T22:00:00Z,18.4,76,0
6401512.058,2026-06-21T23:00:00Z,17.8,78,0
6401512.058,2026-06-22T00:00:00Z,16.8,83,0
6401512.058,2026-06-22T01:00:00Z,16.1,85,0
6401512.058,2026-06-22T02:00:00Z,15.6,86,0
6401512.058,2026-06-22T03:00:00Z,16.2,86,0
6401512.058,2026-06-22T04:00:00Z,18.3,81,0
6401512.058,2026-06-22T05:00:00Z,20.9,73,0
6401512.058,2026-06-22T06:00:00Z,22.8,66,0
6401512.058,2026-06-22T07:00:00Z,24.4,60,0
6401512.058,2026-06-22T08:00:00Z,25.8,54,0
6401512.058,2026-06-22T09:00:00Z,26.7,50,0
6401512.058,2026-06-22T10:00:00Z,27.4,47,0
6401512.058,2026-06-22T11:00:00Z,27.7,46,0
6401512.058,2026-06-22T12:00:00Z,28.1,43,0
6401512.058,2026-06-22T13:00:00Z,27.9,43,0
6401512.058,2026-06-22T14:00:00Z,28.0,41,0
6401512.058,2026-06-22T15:00:00Z,28.0,41,0
6401512.058,2026-06-22T16:00:00Z,27.0,58,0
6401512.058,2026-06-22T17:00:00Z,25.5,69,0
6401512.058,2026-06-22T18:00:00Z,23.4,71,0
6401512.058,2026-06-22T19:00:00Z,22.1,72,0
6401512.058,2026-06-22T20:00:00Z,21.5,68,0
6401512.058,2026-06-22T21:00:00Z,20.7,69,0
6401512.058,2026-06-22T22:00:00Z,19.8,73,0
6401512.058,2026-06-22T23:00:00Z,19.0,77,0
6401512.058,2026-06-23T00:00:00Z,17.5,85,0
6401512.058,2026-06-23T01:00:00Z,16.9,87,0
6401512.058,2026-06-23T02:00:00Z,16.5,88,0
6401512.058,2026-06-23T03:00:00Z,17.4,84,0
6401512.058,2026-06-23T04:00:00Z,19.9,75,0
6401512.058,2026-06-23T05:00:00Z,22.1,70,0
6401512.058,2026-06-23T06:00:00Z,23.2,66,0
6401512.058,2026-06-23T07:00:00Z,24.7,61,0
6401512.058,2026-06-23T08:00:00Z,26.0,57,0
6401512.058,2026-06-23T09:00:00Z,27.1,51,0
6401512.058,2026-06-23T10:00:00Z,27.6,48,0
6401512.058,2026-06-23T11:00:00Z,27.7,48,0
6401512.058,2026-06-23T12:00:00Z,26.1,63,0.9
6401512.058,2026-06-23T13:00:00Z,23.9,75,1.1
6401512.058,2026-06-23T14:00:00Z,25.7,66,0.1
6401512.058,2026-06-23T15:00:00Z,25.5,63,0
6401512.058,2026-06-23T16:00:00Z,24.2,67,0
6401512.058,2026-06-23T17:00:00Z,21.9,83,0.2
6401512.058,2026-06-23T18:00:00Z,20.0,96,0
6401512.058,2026-06-23T19:00:00Z,19.9,96,0
6401512.058,2026-06-23T20:00:00Z,19.4,97,0
6401512.058,2026-06-23T21:00:00Z,19.1,97,0
6401512.058,2026-06-23T22:00:00Z,18.9,97,0
6401512.058,2026-06-23T23:00:00Z,18.7,98,0
6401512.058,2026-06-24T00:00:00Z,18.1,99,0
6401512.058,2026-06-24T01:00:00Z,17.9,99,0
6401512.058,2026-06-24T02:00:00Z,17.8,100,0
6401512.058,2026-06-24T03:00:00Z,18.3,99,0
6401512.058,2026-06-24T04:00:00Z,18.7,98,0
6401512.058,2026-06-24T05:00:00Z,20.4,90,0.1
6401512.058,2026-06-24T06:00:00Z,22.5,82,0
6401512.058,2026-06-24T07:00:00Z,24.2,75,0
6401512.058,2026-06-24T08:00:00Z,25.8,68,0
6401512.058,2026-06-24T09:00:00Z,26.8,62,0
6401512.058,2026-06-24T10:00:00Z,27.5,57,0.1
6401512.058,2026-06-24T11:00:00Z,28.0,53,0
6401512.058,2026-06-24T12:00:00Z,26.2,62,0
6401512.058,2026-06-24T13:00:00Z,28.1,42,0.2
6401512.058,2026-06-24T14:00:00Z,28.2,40,0
6401512.058,2026-06-24T15:00:00Z,27.7,41,0
6401512.058,2026-06-24T16:00:00Z,26.6,49,0
6401512.058,2026-06-24T17:00:00Z,24.9,58,0
6401512.058,2026-06-24T18:00:00Z,23.5,58,0
6401512.058,2026-06-24T19:00:00Z,22.4,61,0
6401512.058,2026-06-24T20:00:00Z,21.4,65,0
6401512.058,2026-06-24T21:00:00Z,20.6,68,0
6401512.058,2026-06-24T22:00:00Z,20.0,69,0
6401512.058,2026-06-24T23:00:00Z,19.5,70,0
6401512.058,2026-06-25T00:00:00Z,17.9,75,0
6401512.058,2026-06-25T01:00:00Z,17.0,79,0
6401512.058,2026-06-25T02:00:00Z,16.3,83,0
6401512.058,2026-06-25T03:00:00Z,16.6,82,0
6401512.058,2026-06-25T04:00:00Z,18.5,76,0
6401512.058,2026-06-25T05:00:00Z,20.7,70,0
6401512.058,2026-06-25T06:00:00Z,22.9,62,0
6401512.058,2026-06-25T07:00:00Z,24.8,56,0
6401512.058,2026-06-25T08:00:00Z,26.5,48,0
6401512.058,2026-06-25T09:00:00Z,27.6,40,0
6401512.058,2026-06-25T10:00:00Z,28.2,37,0
6401512.058,2026-06-25T11:00:00Z,28.2,38,0
6401512.058,2026-06-25T12:00:00Z,28.7,36,0
6401512.058,2026-06-25T13:00:00Z,28.4,37,0
6401512.058,2026-06-25T14:00:00Z,28.3,38,0
6401512.058,2026-06-25T15:00:00Z,27.9,40,0
6401512.058,2026-06-25T16:00:00Z,27.0,47,0
6401512.058,2026-06-25T17:00:00Z,25.6,63,0
6401512.058,2026-06-25T18:00:00Z,23.7,56,0
6401512.058,2026-06-25T19:00:00Z,22.5,59,0
6401512.058,2026-06-25T20:00:00Z,21.4,66,0
6401512.058,2026-06-25T21:00:00Z,20.6,68,0
6401512.058,2026-06-25T22:00:00Z,19.6,71,0
6401512.058,2026-06-25T23:00:00Z,19.0,74,0
6401512.058,2026-06-26T00:00:00Z,17.9,80,0
6401512.058,2026-06-26T01:00:00Z,17.3,83,0
6401512.058,2026-06-26T02:00:00Z,16.9,85,0
6401512.058,2026-06-26T03:00:00Z,17.3,84,0
6401512.058,2026-06-26T04:00:00Z,19.1,80,0
6401512.058,2026-06-26T05:00:00Z,21.3,74,0
6401512.058,2026-06-26T06:00:00Z,23.4,67,0
6401512.058,2026-06-26T07:00:00Z,25.4,59,0
6401512.058,2026-06-26T08:00:00Z,26.8,52,0
6401512.058,2026-06-26T09:00:00Z,27.4,46,0
6401512.058,2026-06-26T10:00:00Z,28.2,42,0
6401512.058,2026-06-26T11:00:00Z,28.5,41,0.2
6401512.058,2026-06-26T12:00:00Z,29.1,39,0.2
6401512.058,2026-06-26T13:00:00Z,28.5,42,0.2
6401512.058,2026-06-26T14:00:00Z,28.6,41,0.1
6401512.058,2026-06-26T15:00:00Z,27.5,46,0.1
6401512.058,2026-06-26T16:00:00Z,24.4,69,0.2
6401512.058,2026-06-26T17:00:00Z,24.2,73,0
6401512.058,2026-06-26T18:00:00Z,23.4,73,0
6401512.058,2026-06-26T19:00:00Z,22.2,74,0
6401512.058,2026-06-26T20:00:00Z,21.1,76,0
6401512.058,2026-06-26T21:00:00Z,20.0,81,0
6401512.058,2026-06-26T22:00:00Z,19.3,84,0
6401512.058,2026-06-26T23:00:00Z,18.5,86,0
6401512.058,2026-06-27T00:00:00Z,17.2,94,0
6401512.058,2026-06-27T01:00:00Z,16.4,94,0
6401512.058,2026-06-27T02:00:00Z,15.8,95,0
6401512.058,2026-06-27T03:00:00Z,16.1,95,0
6401512.058,2026-06-27T04:00:00Z,17.6,92,0
6401512.058,2026-06-27T05:00:00Z,19.9,77,0
6401512.058,2026-06-27T06:00:00Z,22.1,65,0
6401512.058,2026-06-27T07:00:00Z,23.9,57,0
6401512.058,2026-06-27T08:00:00Z,25.2,48,0
6401512.058,2026-06-27T09:00:00Z,26.1,46,0
6401512.058,2026-06-27T10:00:00Z,26.7,44,0
6401512.058,2026-06-27T11:00:00Z,27.3,43,0
6401512.058,2026-06-27T12:00:00Z,28.5,37,0
6401512.058,2026-06-27T13:00:00Z,28.3,37,0
6401512.058,2026-06-27T14:00:00Z,28.1,38,0
6401512.058,2026-06-27T15:00:00Z,27.4,40,0
6401512.058,2026-06-27T16:00:00Z,27.1,45,0
6401512.058,2026-06-27T17:00:00Z,25.4,60,0
6401512.058,2026-06-27T18:00:00Z,23.4,61,0
6401512.058,2026-06-27T19:00:00Z,22.9,55,0
6401512.058,2026-06-27T20:00:00Z,22.3,58,0
6401512.058,2026-06-27T21:00:00Z,21.6,62,0
6401512.058,2026-06-27T22:00:00Z,21.1,64,0
6401512.058,2026-06-27T23:00:00Z,20.6,66,0
6401512.058,2026-06-28T00:00:00Z,19.4,73,0
6401512.058,2026-06-28T01:00:00Z,19.1,74,0
6401512.058,2026-06-28T02:00:00Z,18.9,75,0
6401512.058,2026-06-28T03:00:00Z,19.2,75,0
6401512.058,2026-06-28T04:00:00Z,20.7,73,0
6401512.058,2026-06-28T05:00:00Z,22.5,71,0
6401512.058,2026-06-28T06:00:00Z,24.7,65,0
6401512.058,2026-06-28T07:00:00Z,26.9,59,0
6401512.058,2026-06-28T08:00:00Z,28.7,53,0
6401512.058,2026-06-28T09:00:00Z,30.0,47,0
6401512.058,2026-06-28T10:00:00Z,30.9,44,0
6401512.058,2026-06-28T11:00:00Z,31.7,41,0
6401512.058,2026-06-28T12:00:00Z,32.2,40,0
6401512.058,2026-06-28T13:00:00Z,32.3,40,0
6401512.058,2026-06-28T14:00:00Z,32.1,41,0
6401512.058,2026-06-28T15:00:00Z,31.6,44,0
6401512.058,2026-06-28T16:00:00Z,30.6,52,0
6401512.058,2026-06-28T17:00:00Z,29.0,61,0
6401512.058,2026-06-28T18:00:00Z,27.4,57,0
6401512.058,2026-06-28T19:00:00Z,26.0,63,0
6401512.058,2026-06-28T20:00:00Z,24.6,69,0
6401512.058,2026-06-28T21:00:00Z,23.8,72,0
6401512.058,2026-06-28T22:00:00Z,23.2,74,0
6401512.058,2026-06-28T23:00:00Z,22.6,75,0
6401512.058,2026-06-29T00:00:00Z,20.5,85,0
6401512.058,2026-06-29T01:00:00Z,20.2,85,0
6401512.058,2026-06-29T02:00:00Z,19.5,87,0
6401512.058,2026-06-29T03:00:00Z,19.8,87,0
6401512.058,2026-06-29T04:00:00Z,21.9,83,0
6401512.058,2026-06-29T05:00:00Z,24.3,75,0
6401512.058,2026-06-29T06:00:00Z,26.5,68,0
6401512.058,2026-06-29T07:00:00Z,28.6,61,0
6401512.058,2026-06-29T08:00:00Z,30.4,55,0
6401512.058,2026-06-29T09:00:00Z,31.7,50,0
6401512.058,2026-06-29T10:00:00Z,32.6,46,0
6401512.058,2026-06-29T11:00:00Z,33.3,43,0
6401512.058,2026-06-29T12:00:00Z,34.0,40,0
6401512.058,2026-06-29T13:00:00Z,33.9,41,0
6401512.058,2026-06-29T14:00:00Z,33.9,40,0
6401512.058,2026-06-29T15:00:00Z,33.5,41,0
6401512.058,2026-06-29T16:00:00Z,32.3,50,0
6401512.058,2026-06-29T17:00:00Z,30.5,58,0
6401512.058,2026-06-29T18:00:00Z,28.8,59,0
6401512.058,2026-06-29T19:00:00Z,27.6,65,0
6401512.058,2026-06-29T20:00:00Z,26.7,70,0
6401512.058,2026-06-29T21:00:00Z,25.6,77,0
6401512.058,2026-06-29T22:00:00Z,24.4,82,0
6401512.058,2026-06-29T23:00:00Z,24.1,81,0
6401512.058,2026-06-30T00:00:00Z,23.1,83,0
6401512.058,2026-06-30T01:00:00Z,22.3,85,0
6401512.058,2026-06-30T02:00:00Z,22.2,82,0
6401512.058,2026-06-30T03:00:00Z,22.4,81,0
6401512.058,2026-06-30T04:00:00Z,23.5,80,0
6401512.058,2026-06-30T05:00:00Z,25.7,75,0
6401512.058,2026-06-30T06:00:00Z,27.4,68,0
6401512.058,2026-06-30T07:00:00Z,29.6,61,0
6401512.058,2026-06-30T08:00:00Z,31.6,56,0
6401512.058,2026-06-30T09:00:00Z,33.0,52,0
6401512.058,2026-06-30T10:00:00Z,33.0,51,0.2
6401512.058,2026-06-30T11:00:00Z,33.7,45,0
6401512.058,2026-06-30T12:00:00Z,34.6,38,0
6401512.058,2026-06-30T13:00:00Z,34.1,39,0
6401512.058,2026-06-30T14:00:00Z,33.3,42,0
6401512.058,2026-06-30T15:00:00Z,32.5,45,0
6401512.058,2026-06-30T16:00:00Z,31.6,48,0
6401512.058,2026-06-30T17:00:00Z,30.1,52,0
6401512.058,2026-06-30T18:00:00Z,29.1,52,0
6401512.058,2026-06-30T19:00:00Z,28.1,55,0
6401512.058,2026-06-30T20:00:00Z,26.6,61,0
6401512.058,2026-06-30T21:00:00Z,25.5,66,0
6401512.058,2026-06-30T22:00:00Z,24.5,70,0
6401512.058,2026-06-30T23:00:00Z,23.5,74,0
6401512.058,2026-07-01T00:00:00Z,22.5,75,0
6401512.058,2026-07-01T01:00:00Z,21.8,76,0
6401512.058,2026-07-01T02:00:00Z,21.0,79,0
6401512.058,2026-07-01T03:00:00Z,21.0,80,0
6401512.058,2026-07-01T04:00:00Z,22.5,77,0
6401512.058,2026-07-01T05:00:00Z,24.1,71,0
6401512.058,2026-07-01T06:00:00Z,25.7,66,0
6401512.058,2026-07-01T07:00:00Z,27.3,58,0
6401512.058,2026-07-01T08:00:00Z,28.4,52,0
6401512.058,2026-07-01T09:00:00Z,29.3,50,0
6401512.058,2026-07-01T10:00:00Z,30.1,49,0
6401512.058,2026-07-01T11:00:00Z,30.7,47,0
6401512.058,2026-07-01T12:00:00Z,31.4,39,0
6401512.058,2026-07-01T13:00:00Z,31.5,39,0
6401512.058,2026-07-01T14:00:00Z,31.5,39,0
6401512.058,2026-07-01T15:00:00Z,31.3,40,0
6401512.058,2026-07-01T16:00:00Z,30.6,47,0
6401512.058,2026-07-01T17:00:00Z,29.1,55,0
6401512.058,2026-07-01T18:00:00Z,27.6,46,0
6401512.058,2026-07-01T19:00:00Z,26.4,45,0
6401512.058,2026-07-01T20:00:00Z,25.3,49,0
6401512.058,2026-07-01T21:00:00Z,24.5,53,0
6401512.058,2026-07-01T22:00:00Z,23.4,60,0
6401512.058,2026-07-01T23:00:00Z,22.6,66,0
6401512.058,2026-07-02T00:00:00Z,22.3,67,0
6401512.058,2026-07-02T01:00:00Z,21.7,68,0
6401512.058,2026-07-02T02:00:00Z,20.9,71,0
6401512.058,2026-07-02T03:00:00Z,20.9,73,0
6401512.058,2026-07-02T04:00:00Z,22.3,72,0
6401512.058,2026-07-02T05:00:00Z,24.2,67,0
6401512.058,2026-07-02T06:00:00Z,26.0,62,0
6401512.058,2026-07-02T07:00:00Z,27.8,58,0
6401512.058,2026-07-02T08:00:00Z,29.4,52,0
6401512.058,2026-07-02T09:00:00Z,29.9,44,0
6401512.058,2026-07-02T10:00:00Z,30.4,42,0.1
6401512.058,2026-07-02T11:00:00Z,30.6,41,0.1
6401512.058,2026-07-02T12:00:00Z,31.6,37,0
6401512.058,2026-07-02T13:00:00Z,31.3,37,0
6401512.058,2026-07-02T14:00:00Z,31.3,37,0
6401512.058,2026-07-02T15:00:00Z,30.8,38,0
6401512.058,2026-07-02T16:00:00Z,29.9,44,0
6401512.058,2026-07-02T17:00:00Z,28.7,58,0
6401512.058,2026-07-02T18:00:00Z,26.9,55,0
6401512.058,2026-07-02T19:00:00Z,25.6,53,0
6401512.058,2026-07-02T20:00:00Z,24.5,59,0
6401512.058,2026-07-02T21:00:00Z,23.6,66,0
6401512.058,2026-07-02T22:00:00Z,23.0,67,0
6401512.058,2026-07-02T23:00:00Z,22.7,66,0
6401512.058,2026-07-03T00:00:00Z,21.6,68,0
6401512.058,2026-07-03T01:00:00Z,20.7,75,0
6401512.058,2026-07-03T02:00:00Z,20.4,79,0
6401512.058,2026-07-03T03:00:00Z,20.6,82,0
6401512.058,2026-07-03T04:00:00Z,21.8,81,0
6401512.058,2026-07-03T05:00:00Z,23.3,77,0
6401512.058,2026-07-03T06:00:00Z,24.6,72,0
6401512.058,2026-07-03T07:00:00Z,25.8,67,0
6401512.058,2026-07-03T08:00:00Z,27.0,62,0
6401512.058,2026-07-03T09:00:00Z,28.0,58,0
6401512.058,2026-07-03T10:00:00Z,28.2,55,0
6401512.058,2026-07-03T11:00:00Z,28.2,55,0
6401512.058,2026-07-03T12:00:00Z,28.3,52,0.4
6401512.058,2026-07-03T13:00:00Z,28.3,54,0
6401512.058,2026-07-03T14:00:00Z,27.2,58,0
6401512.058,2026-07-03T15:00:00Z,25.8,65,0
6401512.058,2026-07-03T16:00:00Z,24.5,72,0.6
6401512.058,2026-07-03T17:00:00Z,23.4,74,0
6401512.058,2026-07-03T18:00:00Z,23.3,72,0
6401512.058,2026-07-03T19:00:00Z,22.2,74,0
6401512.058,2026-07-03T20:00:00Z,21.6,68,0
6401512.058,2026-07-03T21:00:00Z,20.7,62,0
6401512.058,2026-07-03T22:00:00Z,20.3,61,0
6401512.058,2026-07-03T23:00:00Z,19.0,73,0
6401512.058,2026-07-04T00:00:00Z,17.9,83,0
6401512.058,2026-07-04T01:00:00Z,17.7,90,0
6401512.058,2026-07-04T02:00:00Z,17.8,89,0
6401512.058,2026-07-04T03:00:00Z,17.6,85,0
6401512.058,2026-07-04T04:00:00Z,18.2,81,0
6401512.058,2026-07-04T05:00:00Z,19.4,72,0
6401512.058,2026-07-04T06:00:00Z,20.4,61,0
6401512.058,2026-07-04T07:00:00Z,21.4,54,0
6401512.058,2026-07-04T08:00:00Z,22.3,47,0
6401512.058,2026-07-04T09:00:00Z,22.9,43,0
6401512.058,2026-07-04T10:00:00Z,23.3,40,0
6401512.058,2026-07-04T11:00:00Z,23.3,36,0
6401512.058,2026-07-04T12:00:00Z,23.9,36,0
6401512.058,2026-07-04T13:00:00Z,23.6,35,0
6401512.058,2026-07-04T14:00:00Z,23.5,34,0
6401512.058,2026-07-04T15:00:00Z,22.3,37,0
6401512.058,2026-07-04T16:00:00Z,21.8,39,0
6401512.058,2026-07-04T17:00:00Z,20.7,44,0
6401512.058,2026-07-04T18:00:00Z,19.7,46,0
6401512.058,2026-07-04T19:00:00Z,18.8,49,0
6401512.058,2026-07-04T20:00:00Z,17.9,53,0
6401512.058,2026-07-04T21:00:00Z,17.1,57,0
6401512.058,2026-07-04T22:00:00Z,16.5,60,0
6401512.058,2026-07-04T23:00:00Z,16.0,62,0
6401512.058,2026-07-05T00:00:00Z,14.7,66,0
6401512.058,2026-07-05T01:00:00Z,14.4,68,0
6401512.058,2026-07-05T02:00:00Z,14.0,71,0
6401512.058,2026-07-05T03:00:00Z,14.1,73,0
6401512.058,2026-07-05T04:00:00Z,15.4,72,0
6401512.058,2026-07-05T05:00:00Z,16.9,66,0
6401512.058,2026-07-05T06:00:00Z,18.6,62,0
6401512.058,2026-07-05T07:00:00Z,19.7,56,0.1
6401512.058,2026-07-05T08:00:00Z,20.5,53,0.1
6401512.058,2026-07-05T09:00:00Z,21.6,46,0.1
6401512.058,2026-07-05T10:00:00Z,22.4,42,0.1
6401512.058,2026-07-05T11:00:00Z,22.9,40,0
6401512.058,2026-07-05T12:00:00Z,23.6,40,0
6401512.058,2026-07-05T13:00:00Z,23.5,40,0
6401512.058,2026-07-05T14:00:00Z,23.7,38,0
6401512.058,2026-07-05T15:00:00Z,23.5,36,0
6401512.058,2026-07-05T16:00:00Z,23.1,38,0
6401512.058,2026-07-05T17:00:00Z,21.8,46,0
6401512.058,2026-07-05T18:00:00Z,19.7,52,0
6401512.058,2026-07-05T19:00:00Z,18.8,56,0
6401512.058,2026-07-05T20:00:00Z,18.4,58,0
6401512.058,2026-07-05T21:00:00Z,17.8,60,0
6401512.058,2026-07-05T22:00:00Z,17.2,64,0
6401512.058,2026-07-05T23:00:00Z,16.4,70,0
6401512.058,2026-07-06T00:00:00Z,16.1,67,0
6401512.058,2026-07-06T01:00:00Z,15.1,73,0
6401512.058,2026-07-06T02:00:00Z,14.6,76,0
6401512.058,2026-07-06T03:00:00Z,14.8,78,0
6401512.058,2026-07-06T04:00:00Z,16.7,74,0
6401512.058,2026-07-06T05:00:00Z,18.4,69,0
6401512.058,2026-07-06T06:00:00Z,20.8,60,0
6401512.058,2026-07-06T07:00:00Z,21.6,57,0.1
6401512.058,2026-07-06T08:00:00Z,22.0,57,0
6401512.058,2026-07-06T09:00:00Z,23.1,50,0
6401512.058,2026-07-06T10:00:00Z,23.4,48,0.1
6401512.058,2026-07-06T11:00:00Z,24.2,42,0
6401512.058,2026-07-06T12:00:00Z,25.1,35,0
6401512.058,2026-07-06T13:00:00Z,25.1,33,0
6401512.058,2026-07-06T14:00:00Z,25.0,33,0
6401512.058,2026-07-06T15:00:00Z,24.7,33,0
6401512.058,2026-07-06T16:00:00Z,23.9,34,0
6401512.058,2026-07-06T17:00:00Z,22.4,39,0
6401512.058,2026-07-06T18:00:00Z,20.3,43,0
6401512.058,2026-07-06T19:00:00Z,19.2,45,0
6401512.058,2026-07-06T20:00:00Z,18.7,46,0
6401512.058,2026-07-06T21:00:00Z,18.5,46,0
6401512.058,2026-07-06T22:00:00Z,18.2,47,0
6401512.058,2026-07-06T23:00:00Z,17.4,50,0
6401512.058,2026-07-07T00:00:00Z,16.0,64,0
6401512.058,2026-07-07T01:00:00Z,14.9,66,0
6401512.058,2026-07-07T02:00:00Z,14.7,65,0
6401512.058,2026-07-07T03:00:00Z,15.8,65,0
6401512.058,2026-07-07T04:00:00Z,18.1,63,0
6401512.058,2026-07-07T05:00:00Z,20.7,57,0
6401512.058,2026-07-07T06:00:00Z,22.7,50,0
6401512.058,2026-07-07T07:00:00Z,24.5,40,0
6401512.058,2026-07-07T08:00:00Z,25.5,38,0
6401512.058,2026-07-07T09:00:00Z,26.4,37,0
6401512.058,2026-07-07T10:00:00Z,26.7,36,0
6401512.058,2026-07-07T11:00:00Z,27.4,34,0.1
6401512.058,2026-07-07T12:00:00Z,27.4,37,0.4
6401512.058,2026-07-07T13:00:00Z,27.4,41,0.1
6401512.058,2026-07-07T14:00:00Z,27.7,40,0
6401512.058,2026-07-07T15:00:00Z,27.2,38,0
6401512.058,2026-07-07T16:00:00Z,26.6,40,0
6401512.058,2026-07-07T17:00:00Z,25.1,46,0
6401512.058,2026-07-07T18:00:00Z,22.7,57,0
6401512.058,2026-07-07T19:00:00Z,22.2,59,0
6401512.058,2026-07-07T20:00:00Z,20.9,65,0
6401512.058,2026-07-07T21:00:00Z,20.4,67,0
6401512.058,2026-07-07T22:00:00Z,19.7,70,0
6401512.058,2026-07-07T23:00:00Z,19.1,72,0
6401512.058,2026-07-08T00:00:00Z,18.1,75,0
6401512.058,2026-07-08T01:00:00Z,17.7,76,0
6401512.058,2026-07-08T02:00:00Z,17.6,76,0
6401512.058,2026-07-08T03:00:00Z,17.8,76,0
6401512.058,2026-07-08T04:00:00Z,19.4,72,0
6401512.058,2026-07-08T05:00:00Z,21.1,67,0
6401512.058,2026-07-08T06:00:00Z,22.4,61,0
6401512.058,2026-07-08T07:00:00Z,24.3,54,0
6401512.058,2026-07-08T08:00:00Z,25.7,48,0
6401512.058,2026-07-08T09:00:00Z,26.2,43,0
6401512.058,2026-07-08T10:00:00Z,20.3,84,1.3
6401512.058,2026-07-08T11:00:00Z,22.9,63,0
6401512.058,2026-07-08T12:00:00Z,21.3,68,0
6401512.058,2026-07-08T13:00:00Z,23.4,60,0.1
6401512.058,2026-07-08T14:00:00Z,18.5,88,1.2
6401512.058,2026-07-08T15:00:00Z,18.4,91,0.4
6401512.058,2026-07-08T16:00:00Z,18.7,91,0
6401512.058,2026-07-08T17:00:00Z,18.5,91,0
6401512.058,2026-07-08T18:00:00Z,17.2,87,0
6401512.058,2026-07-08T19:00:00Z,16.8,87,0
6401512.058,2026-07-08T20:00:00Z,16.9,84,0
6401512.058,2026-07-08T21:00:00Z,15.8,86,0
6401512.058,2026-07-08T22:00:00Z,14.9,89,0
6401512.058,2026-07-08T23:00:00Z,14.5,90,0
6401512.058,2026-07-09T00:00:00Z,13.7,92,0
6401512.058,2026-07-09T01:00:00Z,13.1,95,0
6401512.058,2026-07-09T02:00:00Z,12.6,96,0
6401512.058,2026-07-09T03:00:00Z,12.7,95,0
6401512.058,2026-07-09T04:00:00Z,14.2,88,0
6401512.058,2026-07-09T05:00:00Z,15.9,78,0
6401512.058,2026-07-09T06:00:00Z,17.7,69,0
6401512.058,2026-07-09T07:00:00Z,19.2,61,0
6401512.058,2026-07-09T08:00:00Z,20.6,49,0
6401512.058,2026-07-09T09:00:00Z,21.4,43,0
6401512.058,2026-07-09T10:00:00Z,21.8,42,0
6401512.058,2026-07-09T11:00:00Z,22.1,41,0
6401512.058,2026-07-09T12:00:00Z,22.6,39,0
6401512.058,2026-07-09T13:00:00Z,22.6,39,0
6401512.058,2026-07-09T14:00:00Z,22.6,39,0
6401512.058,2026-07-09T15:00:00Z,22.2,40,0
6401512.058,2026-07-09T16:00:00Z,21.7,42,0
6401512.058,2026-07-09T17:00:00Z,20.2,53,0
6401512.058,2026-07-09T18:00:00Z,18.9,51,0
6401512.058,2026-07-09T19:00:00Z,16.9,63,0
6401512.058,2026-07-09T20:00:00Z,15.9,70,0
6401512.058,2026-07-09T21:00:00Z,15.1,74,0
6401512.058,2026-07-09T22:00:00Z,14.3,78,0
6401512.058,2026-07-09T23:00:00Z,14.4,78,0
6401512.058,2026-07-10T00:00:00Z,14.0,84,0
6401512.058,2026-07-10T01:00:00Z,13.3,89,0
6401512.058,2026-07-10T02:00:00Z,12.5,95,0
6401512.058,2026-07-10T03:00:00Z,12.6,94,0
6401512.058,2026-07-10T04:00:00Z,13.8,88,0
6401512.058,2026-07-10T05:00:00Z,15.5,79,0
6401512.058,2026-07-10T06:00:00Z,16.7,73,0
6401512.058,2026-07-10T07:00:00Z,18.4,63,0
6401512.058,2026-07-10T08:00:00Z,19.8,55,0
6401512.058,2026-07-10T09:00:00Z,20.6,49,0
6401512.058,2026-07-10T10:00:00Z,21.2,45,0
6401512.058,2026-07-10T11:00:00Z,21.5,44,0
6401512.058,2026-07-10T12:00:00Z,22.2,43,0
6401512.058,2026-07-10T13:00:00Z,21.9,46,0
6401512.058,2026-07-10T14:00:00Z,20.8,51,0.4
6401512.058,2026-07-10T15:00:00Z,18.6,68,0.8
6401512.058,2026-07-10T16:00:00Z,18.5,65,0.3
6401512.058,2026-07-10T17:00:00Z,17.0,70,0
6401512.058,2026-07-10T18:00:00Z,16.6,72,0
6401512.058,2026-07-10T19:00:00Z,15.3,77,0
6401512.058,2026-07-10T20:00:00Z,14.3,81,0
6401512.058,2026-07-10T21:00:00Z,13.8,83,0
6401512.058,2026-07-10T22:00:00Z,14.1,82,0
6401512.058,2026-07-10T23:00:00Z,13.6,84,0
6401512.058,2026-07-11T00:00:00Z,12.6,89,0
6401512.058,2026-07-11T01:00:00Z,12.3,90,0
6401512.058,2026-07-11T02:00:00Z,11.8,91,0
6401512.058,2026-07-11T03:00:00Z,12.2,90,0
6401512.058,2026-07-11T04:00:00Z,14.3,82,0
6401512.058,2026-07-11T05:00:00Z,16.7,71,0
6401512.058,2026-07-11T06:00:00Z,18.3,65,0
6401512.058,2026-07-11T07:00:00Z,19.8,60,0
6401512.058,2026-07-11T08:00:00Z,21.3,50,0
6401512.058,2026-07-11T09:00:00Z,22.4,45,0
6401512.058,2026-07-11T10:00:00Z,23.2,42,0
6401512.058,2026-07-11T11:00:00Z,24.0,40,0
6401512.058,2026-07-11T12:00:00Z,24.7,37,0
6401512.058,2026-07-11T13:00:00Z,24.7,36,0
6401512.058,2026-07-11T14:00:00Z,24.7,37,0
6401512.058,2026-07-11T15:00:00Z,23.9,40,0.2
6401512.058,2026-07-11T16:00:00Z,23.1,43,0
6401512.058,2026-07-11T17:00:00Z,21.7,51,0
6401512.058,2026-07-11T18:00:00Z,19.6,59,0
6401512.058,2026-07-11T19:00:00Z,18.5,61,0
6401512.058,2026-07-11T20:00:00Z,17.3,64,0
6401512.058,2026-07-11T21:00:00Z,16.4,69,0
6401512.058,2026-07-11T22:00:00Z,15.8,72,0
6401512.058,2026-07-11T23:00:00Z,15.2,76,0
6401512.058,2026-07-12T00:00:00Z,13.6,84,0
6401512.058,2026-07-12T01:00:00Z,13.2,86,0
6401512.058,2026-07-12T02:00:00Z,12.9,89,0
6401512.058,2026-07-12T03:00:00Z,12.9,89,0
6401512.058,2026-07-12T04:00:00Z,14.4,85,0
6401512.058,2026-07-12T05:00:00Z,16.3,78,0
6401512.058,2026-07-12T06:00:00Z,18.2,71,0
6401512.058,2026-07-12T07:00:00Z,20.1,62,0
6401512.058,2026-07-12T08:00:00Z,21.8,55,0
6401512.058,2026-07-12T09:00:00Z,22.9,48,0
6401512.058,2026-07-12T10:00:00Z,23.6,46,0
6401512.058,2026-07-12T11:00:00Z,24.3,43,0
6401512.058,2026-07-12T12:00:00Z,25.2,38,0
6401512.058,2026-07-12T13:00:00Z,25.2,37,0
6401512.058,2026-07-12T14:00:00Z,25.1,38,0
6401512.058,2026-07-12T15:00:00Z,24.8,39,0
6401512.058,2026-07-12T16:00:00Z,24.1,41,0
6401512.058,2026-07-12T17:00:00Z,22.5,51,0
6401512.058,2026-07-12T18:00:00Z,20.9,55,0
6401512.058,2026-07-12T19:00:00Z,19.9,58,0
6401512.058,2026-07-12T20:00:00Z,18.8,65,0
6401512.058,2026-07-12T21:00:00Z,17.7,69,0
6401512.058,2026-07-12T22:00:00Z,17.9,70,0
6401512.058,2026-07-12T23:00:00Z,17.0,72,0
6401512.058,2026-07-13T00:00:00Z,16.6,74,0
6401512.058,2026-07-13T01:00:00Z,16.1,81,0
6401512.058,2026-07-13T02:00:00Z,15.0,88,0
6401512.058,2026-07-13T03:00:00Z,15.0,88,0
6401512.058,2026-07-13T04:00:00Z,16.6,80,0
6401512.058,2026-07-13T05:00:00Z,18.6,70,0
6401512.058,2026-07-13T06:00:00Z,20.3,67,0
6401512.058,2026-07-13T07:00:00Z,21.3,62,0
6401512.058,2026-07-13T08:00:00Z,22.2,57,0
6401512.058,2026-07-13T09:00:00Z,22.9,53,0
6401512.058,2026-07-13T10:00:00Z,24.2,49,0
6401512.058,2026-07-13T11:00:00Z,25.0,48,0.1
6401512.058,2026-07-13T12:00:00Z,22.4,64,0
6401512.058,2026-07-13T13:00:00Z,23.0,64,0.7
6401512.058,2026-07-13T14:00:00Z,22.5,64,0.3
6401512.058,2026-07-13T15:00:00Z,21.9,60,0.8
6401512.058,2026-07-13T16:00:00Z,22.3,57,0
6401512.058,2026-07-13T17:00:00Z,21.6,60,0
6401512.058,2026-07-13T18:00:00Z,21.0,54,0
6401512.058,2026-07-13T19:00:00Z,20.1,58,0
6401512.058,2026-07-13T20:00:00Z,19.0,63,0
6401512.058,2026-07-13T21:00:00Z,18.1,67,0
6401512.058,2026-07-13T22:00:00Z,17.0,74,0
6401512.058,2026-07-13T23:00:00Z,15.9,80,0
6401512.058,2026-07-14T00:00:00Z,15.3,86,0
6401512.058,2026-07-14T01:00:00Z,15.1,88,0
6401512.058,2026-07-14T02:00:00Z,15.2,88,0
6401512.058,2026-07-14T03:00:00Z,15.5,89,0
6401512.058,2026-07-14T04:00:00Z,17.0,85,0
6401512.058,2026-07-14T05:00:00Z,18.5,82,0
6401512.058,2026-07-14T06:00:00Z,20.0,76,0
6401512.058,2026-07-14T07:00:00Z,21.1,72,0
6401512.058,2026-07-14T08:00:00Z,22.0,71,0.1
6401512.058,2026-07-14T09:00:00Z,22.7,69,0.1
6401512.058,2026-07-14T10:00:00Z,24.2,65,0.1
6401512.058,2026-07-14T11:00:00Z,25.5,62,0.1
6401512.058,2026-07-14T12:00:00Z,20.7,93,0.1
6401512.058,2026-07-14T13:00:00Z,23.2,83,0.2
6401512.058,2026-07-14T14:00:00Z,24.6,74,0
6401512.058,2026-07-14T15:00:00Z,24.6,70,0
6401512.058,2026-07-14T16:00:00Z,24.2,72,0
6401512.058,2026-07-14T17:00:00Z,23.3,78,0
6401512.058,2026-07-14T18:00:00Z,19.7,93,0
6401512.058,2026-07-14T19:00:00Z,19.9,95,0.2
6401512.058,2026-07-14T20:00:00Z,18.8,97,0
6401512.058,2026-07-14T21:00:00Z,18.3,96,0
6401512.058,2026-07-14T22:00:00Z,18.1,95,0
6401512.058,2026-07-14T23:00:00Z,18.0,96,0
6401512.058,2026-07-15T00:00:00Z,18.0,94,0
6401512.058,2026-07-15T01:00:00Z,17.8,95,0
6401512.058,2026-07-15T02:00:00Z,17.6,95,0
6401512.058,2026-07-15T03:00:00Z,17.7,94,0
6401512.058,2026-07-15T04:00:00Z,19.1,89,0
6401512.058,2026-07-15T05:00:00Z,20.8,81,0
6401512.058,2026-07-15T06:00:00Z,22.6,74,0
6401512.058,2026-07-15T07:00:00Z,24.3,68,0
6401512.058,2026-07-15T08:00:00Z,25.8,62,0
6401512.058,2026-07-15T09:00:00Z,26.9,58,0
6401512.058,2026-07-15T10:00:00Z,27.6,55,0.1
6401512.058,2026-07-15T11:00:00Z,28.3,51,0
6401512.058,2026-07-15T12:00:00Z,29.2,43,0
6401512.058,2026-07-15T13:00:00Z,29.1,43,0
6401512.058,2026-07-15T14:00:00Z,28.8,42,0
6401512.058,2026-07-15T15:00:00Z,28.4,43,0
6401512.058,2026-07-15T16:00:00Z,27.7,48,0
6401512.058,2026-07-15T17:00:00Z,26.0,56,0
6401512.058,2026-07-15T18:00:00Z,25.0,55,0
6401512.058,2026-07-15T19:00:00Z,24.0,58,0
6401512.058,2026-07-15T20:00:00Z,22.8,62,0
6401512.058,2026-07-15T21:00:00Z,21.9,67,0
6401512.058,2026-07-15T22:00:00Z,21.2,70,0
6401512.058,2026-07-15T23:00:00Z,20.5,73,0
6401512.058,2026-07-16T00:00:00Z,19.5,78,0
6401512.058,2026-07-16T01:00:00Z,18.9,81,0
6401512.058,2026-07-16T02:00:00Z,18.6,83,0
6401512.058,2026-07-16T03:00:00Z,18.7,83,0
6401512.058,2026-07-16T04:00:00Z,20.0,80,0
6401512.058,2026-07-16T05:00:00Z,22.1,73,0
6401512.058,2026-07-16T06:00:00Z,24.4,64,0
6401512.058,2026-07-16T07:00:00Z,26.5,56,0
6401512.058,2026-07-16T08:00:00Z,28.0,45,0
6401512.058,2026-07-16T09:00:00Z,28.8,41,0
6401512.058,2026-07-16T10:00:00Z,29.3,39,0
6401512.058,2026-07-16T11:00:00Z,29.8,38,0
6401512.058,2026-07-16T12:00:00Z,30.6,34,0
6401512.058,2026-07-16T13:00:00Z,30.4,33,0
6401512.058,2026-07-16T14:00:00Z,30.0,33,0
6401512.058,2026-07-16T15:00:00Z,29.5,34,0
6401512.058,2026-07-16T16:00:00Z,28.7,38,0
6401512.058,2026-07-16T17:00:00Z,26.8,48,0
6401512.058,2026-07-16T18:00:00Z,25.0,52,0
6401512.058,2026-07-16T19:00:00Z,24.1,53,0
6401512.058,2026-07-16T20:00:00Z,23.0,57,0
6401512.058,2026-07-16T21:00:00Z,22.1,62,0
6401512.058,2026-07-16T22:00:00Z,21.2,64,0
6401512.058,2026-07-16T23:00:00Z,20.4,66,0
6401512.058,2026-07-17T00:00:00Z,18.9,76,0
6401512.058,2026-07-17T01:00:00Z,18.4,80,0
6401512.058,2026-07-17T02:00:00Z,18.4,80,0
6401512.058,2026-07-17T03:00:00Z,18.1,82,0
6401512.058,2026-07-17T04:00:00Z,19.8,76,0
6401512.058,2026-07-17T05:00:00Z,21.9,69,0
6401512.058,2026-07-17T06:00:00Z,24.4,60,0
6401512.058,2026-07-17T07:00:00Z,26.1,55,0
6401512.058,2026-07-17T08:00:00Z,27.4,46,0
6401512.058,2026-07-17T09:00:00Z,28.3,41,0
6401512.058,2026-07-17T10:00:00Z,29.1,37,0
6401512.058,2026-07-17T11:00:00Z,29.9,33,0
6401512.058,2026-07-17T12:00:00Z,30.2,34,0
6401512.058,2026-07-17T13:00:00Z,29.8,33,0
6401512.058,2026-07-17T14:00:00Z,28.9,35,0
6401512.058,2026-07-17T15:00:00Z,29.0,35,0
6401512.058,2026-07-17T16:00:00Z,27.9,40,0
6401512.058,2026-07-17T17:00:00Z,26.5,48,0
6401512.058,2026-07-17T18:00:00Z,24.4,55,0
6401512.058,2026-07-17T19:00:00Z,23.5,56,0
6401512.058,2026-07-17T20:00:00Z,23.2,53,0
6401512.058,2026-07-17T21:00:00Z,22.8,50,0
6401512.058,2026-07-17T22:00:00Z,21.8,52,0
6401512.058,2026-07-17T23:00:00Z,21.0,56,0
6401512.058,2026-07-18T00:00:00Z,19.8,63,0
6401512.058,2026-07-18T01:00:00Z,19.1,66,0
6401512.058,2026-07-18T02:00:00Z,18.6,68,0
6401512.058,2026-07-18T03:00:00Z,18.2,68,0
6401512.058,2026-07-18T04:00:00Z,19.2,64,0
6401512.058,2026-07-18T05:00:00Z,20.7,57,0
6401512.058,2026-07-18T06:00:00Z,22.7,53,0
6401512.058,2026-07-18T07:00:00Z,24.7,50,0
6401512.058,2026-07-18T08:00:00Z,26.6,46,0
6401512.058,2026-07-18T09:00:00Z,28.2,43,0
6401512.058,2026-07-18T10:00:00Z,29.4,38,0
6401512.058,2026-07-18T11:00:00Z,30.4,34,0
6401512.058,2026-07-18T12:00:00Z,30.6,34,0
6401512.058,2026-07-18T13:00:00Z,30.8,33,0
6401512.058,2026-07-18T14:00:00Z,31.1,31,0
6401512.058,2026-07-18T15:00:00Z,30.7,32,0
6401512.058,2026-07-18T16:00:00Z,29.2,38,0
6401512.058,2026-07-18T17:00:00Z,27.5,45,0
6401512.058,2026-07-18T18:00:00Z,26.3,53,0
6401512.058,2026-07-18T19:00:00Z,25.1,59,0
6401512.058,2026-07-18T20:00:00Z,24.1,64,0
6401512.058,2026-07-18T21:00:00Z,23.1,71,0
6401512.058,2026-07-18T22:00:00Z,22.2,76,0
6401512.058,2026-07-18T23:00:00Z,21.6,79,0
6401512.058,2026-07-19T00:00:00Z,20.6,84,0
6401512.058,2026-07-19T01:00:00Z,20.3,85,0
6401512.058,2026-07-19T02:00:00Z,20.0,85,0
6401512.058,2026-07-19T03:00:00Z,19.9,86,0
6401512.058,2026-07-19T04:00:00Z,21.1,81,0
6401512.058,2026-07-19T05:00:00Z,22.9,74,0
6401512.058,2026-07-19T06:00:00Z,24.7,67,0
6401512.058,2026-07-19T07:00:00Z,26.3,58,0
6401512.058,2026-07-19T08:00:00Z,27.1,55,0
6401512.058,2026-07-19T09:00:00Z,28.6,53,0
6401512.058,2026-07-19T10:00:00Z,30.0,49,0
6401512.058,2026-07-19T11:00:00Z,31.0,47,0
6401512.058,2026-07-19T12:00:00Z,31.0,47,0
6401512.058,2026-07-19T13:00:00Z,32.3,42,0
6401512.058,2026-07-19T14:00:00Z,27.4,63,1.2
6401512.058,2026-07-19T15:00:00Z,27.9,57,0.3
6401512.058,2026-07-19T16:00:00Z,22.8,96,2.4
6401512.058,2026-07-19T17:00:00Z,22.8,96,0.7
6401512.058,2026-07-19T18:00:00Z,22.3,93,0
6401512.058,2026-07-19T19:00:00Z,21.6,94,0
6401512.058,2026-07-19T20:00:00Z,21.4,93,0
6401512.058,2026-07-19T21:00:00Z,21.2,93,0
6401512.058,2026-07-19T22:00:00Z,21.4,93,0
6401512.058,2026-07-19T23:00:00Z,21.2,93,0
6401512.058,2026-07-20T00:00:00Z,20.3,99,0
6401512.058,2026-07-20T01:00:00Z,19.7,98,0
6401512.058,2026-07-20T02:00:00Z,19.2,98,0
6401512.058,2026-07-20T03:00:00Z,19.0,98,0
6401512.058,2026-07-20T04:00:00Z,20.2,97,0
6401512.058,2026-07-20T05:00:00Z,21.6,93,0
6401512.058,2026-07-20T06:00:00Z,22.8,86,0
6401512.058,2026-07-20T07:00:00Z,24.5,76,0
6401512.058,2026-07-20T08:00:00Z,25.7,71,0
6401512.058,2026-07-20T09:00:00Z,26.8,66,0
6401512.058,2026-07-20T10:00:00Z,27.6,62,0
6401512.058,2026-07-20T11:00:00Z,28.3,59,0
6401512.058,2026-07-20T12:00:00Z,27.9,58,0
6401512.058,2026-07-20T13:00:00Z,23.4,92,1.6
6401512.058,2026-07-20T14:00:00Z,25.9,76,0.1
6401512.058,2026-07-20T15:00:00Z,26.1,58,0.1
6401512.058,2026-07-20T16:00:00Z,25.8,61,0
6401512.058,2026-07-20T17:00:00Z,24.4,68,0
6401512.058,2026-07-20T18:00:00Z,23.6,68,0
6401512.058,2026-07-20T19:00:00Z,22.6,72,0
6401512.058,2026-07-20T20:00:00Z,21.5,75,0
6401512.058,2026-07-20T21:00:00Z,20.7,78,0
6401512.058,2026-07-20T22:00:00Z,20.1,82,0.1
6401512.058,2026-07-20T23:00:00Z,19.6,83,0
6401512.058,2026-07-21T00:00:00Z,18.6,95,0
6401512.058,2026-07-21T01:00:00Z,18.6,94,0
6401512.058,2026-07-21T02:00:00Z,17.9,94,0
6401512.058,2026-07-21T03:00:00Z,17.5,94,0
6401512.058,2026-07-21T04:00:00Z,18.0,92,0
6401512.058,2026-07-21T05:00:00Z,18.6,88,0
6401512.058,2026-07-21T06:00:00Z,19.1,84,0
6401512.058,2026-07-21T07:00:00Z,21.4,70,0
6401512.058,2026-07-21T08:00:00Z,23.2,59,0
6401512.058,2026-07-21T09:00:00Z,24.4,50,0
6401512.058,2026-07-21T10:00:00Z,25.2,46,0
6401512.058,2026-07-21T11:00:00Z,25.8,44,0
6401512.058,2026-07-21T12:00:00Z,26.5,37,0
6401512.058,2026-07-21T13:00:00Z,26.5,38,0
6401512.058,2026-07-21T14:00:00Z,26.0,40,0
6401512.058,2026-07-21T15:00:00Z,25.6,42,0
6401512.058,2026-07-21T16:00:00Z,25.0,52,0
6401512.058,2026-07-21T17:00:00Z,23.4,59,0
6401512.058,2026-07-21T18:00:00Z,22.4,51,0
6401512.058,2026-07-21T19:00:00Z,21.1,50,0
6401512.058,2026-07-21T20:00:00Z,19.5,58,0
6401512.058,2026-07-21T21:00:00Z,19.1,63,0
6401512.058,2026-07-21T22:00:00Z,18.6,68,0
6401512.058,2026-07-21T23:00:00Z,18.5,68,0
6401512.058,2026-07-22T00:00:00Z,16.9,84,0
6401512.058,2026-07-22T01:00:00Z,15.9,88,0
6401512.058,2026-07-22T02:00:00Z,15.0,91,0
6401512.058,2026-07-22T03:00:00Z,14.9,91,0
6401512.058,2026-07-22T04:00:00Z,16.5,84,0
6401512.058,2026-07-22T05:00:00Z,18.0,74,0
6401512.058,2026-07-22T06:00:00Z,19.7,65,0
6401512.058,2026-07-22T07:00:00Z,21.1,58,0
6401512.058,2026-07-22T08:00:00Z,22.3,54,0
6401512.058,2026-07-22T09:00:00Z,23.2,51,0
6401512.058,2026-07-22T10:00:00Z,23.3,50,0
6401512.058,2026-07-22T11:00:00Z,23.2,50,0
6401512.058,2026-07-22T12:00:00Z,23.0,49,0
6401512.058,2026-07-22T13:00:00Z,22.4,51,0
6401512.058,2026-07-22T14:00:00Z,22.0,53,0
6401512.058,2026-07-22T15:00:00Z,21.6,55,0
6401512.058,2026-07-22T16:00:00Z,20.8,60,0
6401512.058,2026-07-22T17:00:00Z,19.6,66,0.1
6401512.058,2026-07-22T18:00:00Z,18.8,71,0.5
6401512.058,2026-07-22T19:00:00Z,17.3,84,0.6
6401512.058,2026-07-22T20:00:00Z,16.7,92,0.6
6401512.058,2026-07-22T21:00:00Z,16.6,94,0.7
6401512.058,2026-07-22T22:00:00Z,16.4,95,0.9
6401512.058,2026-07-22T23:00:00Z,16.2,95,0.6
6401512.058,2026-07-23T00:00:00Z,15.3,93,0.5
6401512.058,2026-07-23T01:00:00Z,14.9,92,0.9
6401512.058,2026-07-23T02:00:00Z,14.7,93,0.4
6401512.058,2026-07-23T03:00:00Z,14.5,93,0.1
6401512.058,2026-07-23T04:00:00Z,15.1,94,0
6401512.058,2026-07-23T05:00:00Z,16.2,89,0
6401512.058,2026-07-23T06:00:00Z,17.7,76,0
6401512.058,2026-07-23T07:00:00Z,19.2,60,0
6401512.058,2026-07-23T08:00:00Z,20.6,49,0
6401512.058,2026-07-23T09:00:00Z,22.0,43,0
6401512.058,2026-07-23T10:00:00Z,22.8,39,0
6401512.058,2026-07-23T11:00:00Z,23.3,37,0
6401512.058,2026-07-23T12:00:00Z,23.8,35,0
6401512.058,2026-07-23T13:00:00Z,23.6,34,0
6401512.058,2026-07-23T14:00:00Z,23.1,37,0
6401512.058,2026-07-23T15:00:00Z,22.2,44,0
6401512.058,2026-07-23T16:00:00Z,21.4,49,0
6401512.058,2026-07-23T17:00:00Z,19.9,54,0
6401512.058,2026-07-23T18:00:00Z,19.7,53,0
6401512.058,2026-07-23T19:00:00Z,18.7,56,0
6401512.058,2026-07-23T20:00:00Z,18.3,60,0
6401512.058,2026-07-23T21:00:00Z,17.3,63,0
6401512.058,2026-07-23T22:00:00Z,16.2,68,0
6401512.058,2026-07-23T23:00:00Z,15.3,73,0
6401512.058,2026-07-24T00:00:00Z,15.5,70,0
6401512.058,2026-07-24T01:00:00Z,15.0,71,0
6401512.058,2026-07-24T02:00:00Z,14.7,73,0
6401512.058,2026-07-24T03:00:00Z,14.0,77,0
6401512.058,2026-07-24T04:00:00Z,15.5,73,0
6401512.058,2026-07-24T05:00:00Z,18.2,69,0
6401512.058,2026-07-24T06:00:00Z,19.7,62,0
6401512.058,2026-07-24T07:00:00Z,21.3,56,0
6401512.058,2026-07-24T08:00:00Z,22.6,49,0
6401512.058,2026-07-24T09:00:00Z,21.5,48,0.2
6401512.058,2026-07-24T10:00:00Z,20.9,57,0.6
6401512.058,2026-07-24T11:00:00Z,23.0,45,0
6401512.058,2026-07-24T12:00:00Z,23.0,48,0
6401512.058,2026-07-24T13:00:00Z,23.1,47,0
6401512.058,2026-07-24T14:00:00Z,22.7,47,0.1
6401512.058,2026-07-24T15:00:00Z,21.8,51,0.1
6401512.058,2026-07-24T16:00:00Z,20.5,61,0
6401512.058,2026-07-24T17:00:00Z,19.2,71,0
6401512.058,2026-07-24T18:00:00Z,18.3,76,0
6401512.058,2026-07-24T19:00:00Z,17.6,80,0
6401512.058,2026-07-24T20:00:00Z,16.8,82,0
6401512.058,2026-07-24T21:00:00Z,16.4,80,0
6401512.058,2026-07-24T22:00:00Z,15.8,81,0
6401512.058,2026-07-24T23:00:00Z,15.1,85,0
6401512.058,2026-07-25T00:00:00Z,14.2,85,0
6401512.058,2026-07-25T01:00:00Z,13.7,88,0
6401512.058,2026-07-25T02:00:00Z,13.3,89,0
6401512.058,2026-07-25T03:00:00Z,13.3,88,0
6401512.058,2026-07-25T04:00:00Z,14.4,84,0
6401512.058,2026-07-25T05:00:00Z,16.4,76,0
6401512.058,2026-07-25T06:00:00Z,18.5,69,0
6401512.058,2026-07-25T07:00:00Z,20.2,63,0
6401512.058,2026-07-25T08:00:00Z,21.8,55,0
6401512.058,2026-07-25T09:00:00Z,23.0,51,0
6401512.058,2026-07-25T10:00:00Z,23.7,48,0
6401512.058,2026-07-25T11:00:00Z,24.2,46,0.1
6401512.058,2026-07-25T12:00:00Z,21.3,69,0
6401512.058,2026-07-25T13:00:00Z,21.4,60,0.3
6401512.058,2026-07-25T14:00:00Z,21.3,64,0.1
6401512.058,2026-07-25T15:00:00Z,22.4,53,0
6401512.058,2026-07-25T16:00:00Z,22.1,51,0
6401512.058,2026-07-25T17:00:00Z,20.5,59,0
6401512.058,2026-07-25T18:00:00Z,19.3,59,0
6401512.058,2026-07-25T19:00:00Z,18.5,63,0
6401512.058,2026-07-25T20:00:00Z,17.5,70,0
6401512.058,2026-07-25T21:00:00Z,16.8,74,0
6401512.058,2026-07-25T22:00:00Z,16.1,78,0
6401512.058,2026-07-25T23:00:00Z,15.4,81,0
6401512.058,2026-07-26T00:00:00Z,14.3,85,0
6401512.058,2026-07-26T01:00:00Z,13.9,87,0
6401512.058,2026-07-26T02:00:00Z,13.3,91,0
6401512.058,2026-07-26T03:00:00Z,13.0,93,0
6401512.058,2026-07-26T04:00:00Z,14.5,87,0
6401512.058,2026-07-26T05:00:00Z,16.7,80,0
6401512.058,2026-07-26T06:00:00Z,19.3,72,0
6401512.058,2026-07-26T07:00:00Z,21.4,63,0
6401512.058,2026-07-26T08:00:00Z,23.1,55,0
6401512.058,2026-07-26T09:00:00Z,24.2,46,0
6401512.058,2026-07-26T10:00:00Z,24.8,43,0
6401512.058,2026-07-26T11:00:00Z,25.2,42,0
6401512.058,2026-07-26T12:00:00Z,26.1,38,0
6401512.058,2026-07-26T13:00:00Z,26.2,39,0
6401512.058,2026-07-26T14:00:00Z,26.2,38,0
6401512.058,2026-07-26T15:00:00Z,26.0,37,0
6401512.058,2026-07-26T16:00:00Z,25.3,45,0
6401512.058,2026-07-26T17:00:00Z,24.2,56,0
6401512.058,2026-07-26T18:00:00Z,22.4,50,0
6401512.058,2026-07-26T19:00:00Z,20.9,52,0
6401512.058,2026-07-26T20:00:00Z,20.5,53,0
6401512.058,2026-07-26T21:00:00Z,18.9,64,0
6401512.058,2026-07-26T22:00:00Z,18.6,65,0
6401512.058,2026-07-26T23:00:00Z,18.5,64,0
6401512.058,2026-07-27T00:00:00Z,17.2,72,0
6401512.058,2026-07-27T01:00:00Z,17.0,73,0
6401512.058,2026-07-27T02:00:00Z,16.6,75,0
6401512.058,2026-07-27T03:00:00Z,16.1,78,0
6401512.058,2026-07-27T04:00:00Z,17.8,72,0
6401512.058,2026-07-27T05:00:00Z,19.6,68,0
6401512.058,2026-07-27T06:00:00Z,21.7,61,0
6401512.058,2026-07-27T07:00:00Z,23.6,55,0
6401512.058,2026-07-27T08:00:00Z,25.4,50,0
6401512.058,2026-07-27T09:00:00Z,26.8,44,0
6401512.058,2026-07-27T10:00:00Z,27.6,40,0
6401512.058,2026-07-27T11:00:00Z,27.2,41,0
6401512.058,2026-07-27T12:00:00Z,28.7,36,0
6401512.058,2026-07-27T13:00:00Z,28.8,36,0
6401512.058,2026-07-27T14:00:00Z,27.9,39,0.4
6401512.058,2026-07-27T15:00:00Z,28.4,36,0
6401512.058,2026-07-27T16:00:00Z,28.0,36,0
6401512.058,2026-07-27T17:00:00Z,26.2,43,0
6401512.058,2026-07-27T18:00:00Z,24.4,58,0
6401512.058,2026-07-27T19:00:00Z,22.1,66,0
6401512.058,2026-07-27T20:00:00Z,20.0,87,0.8
6401512.058,2026-07-27T21:00:00Z,19.4,87,0.1
6401512.058,2026-07-27T22:00:00Z,18.7,92,0.3
6401512.058,2026-07-27T23:00:00Z,18.4,95,0.5
6401512.058,2026-07-28T00:00:00Z,17.5,95,0.1
6401512.058,2026-07-28T01:00:00Z,16.9,95,0
6401512.058,2026-07-28T02:00:00Z,16.6,96,0
6401512.058,2026-07-28T03:00:00Z,16.3,96,0
6401512.058,2026-07-28T04:00:00Z,16.9,94,0
6401512.058,2026-07-28T05:00:00Z,18.2,85,0
6401512.058,2026-07-28T06:00:00Z,18.8,76,0
6401512.058,2026-07-28T07:00:00Z,20.2,67,0
6401512.058,2026-07-28T08:00:00Z,21.2,60,0
6401512.058,2026-07-28T09:00:00Z,21.9,53,0.1
6401512.058,2026-07-28T10:00:00Z,23.0,44,0
6401512.058,2026-07-28T11:00:00Z,23.8,37,0
6401512.058,2026-07-28T12:00:00Z,24.2,35,0
6401512.058,2026-07-28T13:00:00Z,24.0,36,0
6401512.058,2026-07-28T14:00:00Z,23.5,38,0
6401512.058,2026-07-28T15:00:00Z,23.4,38,0
6401512.058,2026-07-28T16:00:00Z,22.6,41,0
6401512.058,2026-07-28T17:00:00Z,21.2,45,0
6401512.058,2026-07-28T18:00:00Z,20.2,48,0
6401512.058,2026-07-28T19:00:00Z,19.2,51,0
6401512.058,2026-07-28T20:00:00Z,18.3,56,0
6401512.058,2026-07-28T21:00:00Z,17.5,60,0
6401512.058,2026-07-28T22:00:00Z,16.8,63,0
6401512.058,2026-07-28T23:00:00Z,16.0,67,0
6401512.058,2026-07-29T00:00:00Z,14.9,73,0
6401512.058,2026-07-29T01:00:00Z,14.5,76,0
6401512.058,2026-07-29T02:00:00Z,14.0,79,0
6401512.058,2026-07-29T03:00:00Z,13.7,82,0
6401512.058,2026-07-29T04:00:00Z,14.9,79,0
6401512.058,2026-07-29T05:00:00Z,16.8,70,0
6401512.058,2026-07-29T06:00:00Z,18.8,62,0
6401512.058,2026-07-29T07:00:00Z,20.6,53,0
6401512.058,2026-07-29T08:00:00Z,22.0,47,0
6401512.058,2026-07-29T09:00:00Z,23.0,40,0
6401512.058,2026-07-29T10:00:00Z,23.7,38,0
6401512.058,2026-07-29T11:00:00Z,24.3,37,0
6401512.058,2026-07-29T12:00:00Z,25.4,34,0
6401512.058,2026-07-29T13:00:00Z,25.5,34,0
6401512.058,2026-07-29T14:00:00Z,25.4,34,0
6401512.058,2026-07-29T15:00:00Z,24.9,35,0
6401512.058,2026-07-29T16:00:00Z,24.1,39,0
6401512.058,2026-07-29T17:00:00Z,22.2,46,0
6401512.058,2026-07-29T18:00:00Z,20.7,46,0
6401512.058,2026-07-29T19:00:00Z,19.9,49,0
6401512.058,2026-07-29T20:00:00Z,18.8,54,0
6401512.058,2026-07-29T21:00:00Z,17.8,60,0
6401512.058,2026-07-29T22:00:00Z,16.9,64,0
6401512.058,2026-07-29T23:00:00Z,16.1,66,0
6401512.058,2026-07-30T00:00:00Z,14.6,74,0
6401512.058,2026-07-30T01:00:00Z,14.1,77,0
6401512.058,2026-07-30T02:00:00Z,13.6,78,0
6401512.058,2026-07-30T03:00:00Z,13.5,78,0
6401512.058,2026-07-30T04:00:00Z,15.4,72,0
6401512.058,2026-07-30T05:00:00Z,18.2,64,0
6401512.058,2026-07-30T06:00:00Z,20.5,56,0
6401512.058,2026-07-30T07:00:00Z,22.8,47,0
6401512.058,2026-07-30T08:00:00Z,24.4,41,0
6401512.058,2026-07-30T09:00:00Z,25.3,39,0
6401512.058,2026-07-30T10:00:00Z,26.3,37,0
6401512.058,2026-07-30T11:00:00Z,27.3,35,0
6401512.058,2026-07-30T12:00:00Z,28.0,34,0
6401512.058,2026-07-30T13:00:00Z,27.8,34,0
6401512.058,2026-07-30T14:00:00Z,27.6,36,0
6401512.058,2026-07-30T15:00:00Z,27.2,36,0
6401512.058,2026-07-30T16:00:00Z,26.7,41,0
6401512.058,2026-07-30T17:00:00Z,24.7,52,0
6401512.058,2026-07-30T18:00:00Z,23.0,51,0
6401512.058,2026-07-30T19:00:00Z,21.7,57,0
6401512.058,2026-07-30T20:00:00Z,20.5,64,0
6401512.058,2026-07-30T21:00:00Z,19.9,67,0
6401512.058,2026-07-30T22:00:00Z,19.5,69,0
6401512.058,2026-07-30T23:00:00Z,19.0,70,0
6401512.058,2026-07-31T00:00:00Z,16.6,81,0
6401512.058,2026-07-31T01:00:00Z,15.7,85,0
6401512.058,2026-07-31T02:00:00Z,15.2,87,0
6401512.058,2026-07-31T03:00:00Z,15.0,88,0
6401512.058,2026-07-31T04:00:00Z,16.9,81,0
6401512.058,2026-07-31T05:00:00Z,20.1,70,0
6401512.058,2026-07-31T06:00:00Z,22.6,61,0
6401512.058,2026-07-31T07:00:00Z,24.5,55,0
6401512.058,2026-07-31T08:00:00Z,26.2,49,0
6401512.058,2026-07-31T09:00:00Z,27.4,44,0
6401512.058,2026-07-31T10:00:00Z,28.4,41,0
6401512.058,2026-07-31T11:00:00Z,29.0,38,0
6401512.058,2026-07-31T12:00:00Z,29.7,37,0
6401512.058,2026-07-31T13:00:00Z,29.9,37,0
6401512.058,2026-07-31T14:00:00Z,29.5,38,0
6401512.058,2026-07-31T15:00:00Z,29.1,39,0
6401512.058,2026-07-31T16:00:00Z,28.5,43,0
6401512.058,2026-07-31T17:00:00Z,26.5,49,0
6401512.058,2026-07-31T18:00:00Z,24.9,52,0
6401512.058,2026-07-31T19:00:00Z,24.0,54,0
6401512.058,2026-07-31T20:00:00Z,22.9,61,0
6401512.058,2026-07-31T21:00:00Z,21.9,66,0
6401512.058,2026-07-31T22:00:00Z,21.5,67,0
6401512.058,2026-07-31T23:00:00Z,20.4,73,0
6401512.058,2026-08-01T00:00:00Z,18.9,79,0
6401512.058,2026-08-01T01:00:00Z,18.2,81,0
6401512.058,2026-08-01T02:00:00Z,17.8,84,0
6401512.058,2026-08-01T03:00:00Z,17.5,86,0
6401512.058,2026-08-01T04:00:00Z,18.9,81,0
6401512.058,2026-08-01T05:00:00Z,21.5,72,0
6401512.058,2026-08-01T06:00:00Z,23.5,63,0
6401512.058,2026-08-01T07:00:00Z,26.0,55,0
6401512.058,2026-08-01T08:00:00Z,28.2,45,0
6401512.058,2026-08-01T09:00:00Z,29.6,38,0
6401512.058,2026-08-01T10:00:00Z,30.5,34,0
6401512.058,2026-08-01T11:00:00Z,31.1,32,0
6401512.058,2026-08-01T12:00:00Z,32.4,28,0
6401512.058,2026-08-01T13:00:00Z,32.6,28,0
6401512.058,2026-08-01T14:00:00Z,32.6,28,0
6401512.058,2026-08-01T15:00:00Z,32.3,28,0
6401512.058,2026-08-01T16:00:00Z,31.1,40,0
6401512.058,2026-08-01T17:00:00Z,28.7,53,0
6401512.058,2026-08-01T18:00:00Z,25.9,54,0
6401512.058,2026-08-01T19:00:00Z,24.6,50,0
6401512.058,2026-08-01T20:00:00Z,23.7,49,0
6401512.058,2026-08-01T21:00:00Z,23.2,49,0
6401512.058,2026-08-01T22:00:00Z,22.2,51,0
6401512.058,2026-08-01T23:00:00Z,20.6,59,0
6401512.058,2026-08-02T00:00:00Z,18.7,72,0
6401512.058,2026-08-02T01:00:00Z,18.3,75,0
6401512.058,2026-08-02T02:00:00Z,18.0,78,0
6401512.058,2026-08-02T03:00:00Z,17.7,82,0
6401512.058,2026-08-02T04:00:00Z,19.6,76,0
6401512.058,2026-08-02T05:00:00Z,22.4,66,0
6401512.058,2026-08-02T06:00:00Z,24.9,56,0
6401512.058,2026-08-02T07:00:00Z,27.4,47,0
6401512.058,2026-08-02T08:00:00Z,29.0,41,0
6401512.058,2026-08-02T09:00:00Z,30.3,35,0
6401512.058,2026-08-02T10:00:00Z,31.1,32,0
6401512.058,2026-08-02T11:00:00Z,31.7,30,0
6401512.058,2026-08-02T12:00:00Z,32.6,28,0
6401512.058,2026-08-02T13:00:00Z,32.7,27,0
6401512.058,2026-08-02T14:00:00Z,32.7,26,0
6401512.058,2026-08-02T15:00:00Z,32.6,26,0
6401512.058,2026-08-02T16:00:00Z,31.5,36,0
6401512.058,2026-08-02T17:00:00Z,28.7,44,0
6401512.058,2026-08-02T18:00:00Z,26.1,46,0
6401512.058,2026-08-02T19:00:00Z,24.7,54,0
6401512.058,2026-08-02T20:00:00Z,23.7,60,0
6401512.058,2026-08-02T21:00:00Z,23.0,61,0
6401512.058,2026-08-02T22:00:00Z,22.3,60,0
6401512.058,2026-08-02T23:00:00Z,21.6,60,0
6401512.058,2026-08-03T00:00:00Z,19.9,62,0
6401512.058,2026-08-03T01:00:00Z,19.4,64,0
6401512.058,2026-08-03T02:00:00Z,19.0,66,0
6401512.058,2026-08-03T03:00:00Z,18.7,70,0
6401512.058,2026-08-03T04:00:00Z,20.4,68,0
6401512.058,2026-08-03T05:00:00Z,22.8,60,0
6401512.058,2026-08-03T06:00:00Z,24.8,53,0
6401512.058,2026-08-03T07:00:00Z,27.5,46,0
6401512.058,2026-08-03T08:00:00Z,29.7,37,0
6401512.058,2026-08-03T09:00:00Z,31.0,30,0
6401512.058,2026-08-03T10:00:00Z,31.8,28,0
6401512.058,2026-08-03T11:00:00Z,32.3,26,0
6401512.058,2026-08-03T12:00:00Z,33.1,23,0
6401512.058,2026-08-03T13:00:00Z,33.0,23,0
6401512.058,2026-08-03T14:00:00Z,32.8,22,0
6401512.058,2026-08-03T15:00:00Z,32.3,23,0
6401512.058,2026-08-03T16:00:00Z,31.1,28,0
6401512.058,2026-08-03T17:00:00Z,28.5,37,0
6401512.058,2026-08-03T18:00:00Z,27.2,37,0
6401512.058,2026-08-03T19:00:00Z,25.7,40,0
6401512.058,2026-08-03T20:00:00Z,24.2,45,0
6401512.058,2026-08-03T21:00:00Z,23.5,48,0
6401512.058,2026-08-03T22:00:00Z,22.8,52,0
6401512.058,2026-08-03T23:00:00Z,21.9,56,0
6401512.058,2026-08-04T00:00:00Z,20.2,64,0
6401512.058,2026-08-04T01:00:00Z,19.1,68,0
6401512.058,2026-08-04T02:00:00Z,18.4,71,0
6401512.058,2026-08-04T03:00:00Z,18.0,74,0
6401512.058,2026-08-04T04:00:00Z,19.8,69,0
6401512.058,2026-08-04T05:00:00Z,22.5,62,0
6401512.058,2026-08-04T06:00:00Z,24.8,53,0
6401512.058,2026-08-04T07:00:00Z,27.6,46,0
6401512.058,2026-08-04T08:00:00Z,30.1,39,0
6401512.058,2026-08-04T09:00:00Z,31.8,33,0
6401512.058,2026-08-04T10:00:00Z,32.8,30,0
6401512.058,2026-08-04T11:00:00Z,33.3,28,0
6401512.058,2026-08-04T12:00:00Z,34.2,23,0
6401512.058,2026-08-04T13:00:00Z,34.1,22,0
6401512.058,2026-08-04T14:00:00Z,34.0,21,0
6401512.058,2026-08-04T15:00:00Z,33.5,21,0
6401512.058,2026-08-04T16:00:00Z,32.0,27,0
6401512.058,2026-08-04T17:00:00Z,29.3,37,0
6401512.058,2026-08-04T18:00:00Z,28.5,29,0
6401512.058,2026-08-04T19:00:00Z,26.7,36,0
6401512.058,2026-08-04T20:00:00Z,25.3,40,0
6401512.058,2026-08-04T21:00:00Z,24.5,45,0
6401512.058,2026-08-04T22:00:00Z,23.8,46,0
6401512.058,2026-08-04T23:00:00Z,23.4,48,0
6401512.058,2026-08-05T00:00:00Z,22.0,57,0
6401512.058,2026-08-05T01:00:00Z,21.3,61,0
6401512.058,2026-08-05T02:00:00Z,21.2,62,0
6401512.058,2026-08-05T03:00:00Z,20.9,63,0
6401512.058,2026-08-05T04:00:00Z,22.0,62,0
6401512.058,2026-08-05T05:00:00Z,24.4,56,0
6401512.058,2026-08-05T06:00:00Z,26.7,49,0
6401512.058,2026-08-05T07:00:00Z,29.2,43,0
6401512.058,2026-08-05T08:00:00Z,31.4,37,0
6401512.058,2026-08-05T09:00:00Z,32.9,32,0
6401512.058,2026-08-05T10:00:00Z,33.6,31,0
6401512.058,2026-08-05T11:00:00Z,34.1,31,0
6401512.058,2026-08-05T12:00:00Z,35.1,28,0
6401512.058,2026-08-05T13:00:00Z,35.0,29,0
6401512.058,2026-08-05T14:00:00Z,34.5,31,0.1
6401512.058,2026-08-05T15:00:00Z,33.7,32,0.1
6401512.058,2026-08-05T16:00:00Z,32.9,39,0
6401512.058,2026-08-05T17:00:00Z,30.8,44,0
6401512.058,2026-08-05T18:00:00Z,28.8,49,0
6401512.058,2026-08-05T19:00:00Z,28.1,52,0
6401512.058,2026-08-05T20:00:00Z,27.3,53,0
6401512.058,2026-08-05T21:00:00Z,26.4,56,0
6401512.058,2026-08-05T22:00:00Z,25.7,59,0
6401512.058,2026-08-05T23:00:00Z,24.7,63,0
6401512.058,2026-08-06T00:00:00Z,23.0,71,0
6401512.058,2026-08-06T01:00:00Z,22.7,72,0
6401512.058,2026-08-06T02:00:00Z,22.4,73,0
6401512.058,2026-08-06T03:00:00Z,21.7,75,0
6401512.058,2026-08-06T04:00:00Z,23.1,72,0
6401512.058,2026-08-06T05:00:00Z,25.8,64,0
6401512.058,2026-08-06T06:00:00Z,27.9,58,0
6401512.058,2026-08-06T07:00:00Z,30.3,48,0
6401512.058,2026-08-06T08:00:00Z,32.1,41,0
6401512.058,2026-08-06T09:00:00Z,30.8,47,0.1
6401512.058,2026-08-06T10:00:00Z,32.0,42,0.2
6401512.058,2026-08-06T11:00:00Z,32.4,42,0.2
6401512.058,2026-08-06T12:00:00Z,34.6,30,0.1
6401512.058,2026-08-06T13:00:00Z,34.8,30,0
6401512.058,2026-08-06T14:00:00Z,33.0,36,0.1
6401512.058,2026-08-06T15:00:00Z,32.7,35,0.1
6401512.058,2026-08-06T16:00:00Z,29.9,51,0.2
6401512.058,2026-08-06T17:00:00Z,28.1,60,0
6401512.058,2026-08-06T18:00:00Z,27.4,52,0
6401512.058,2026-08-06T19:00:00Z,26.0,59,0
6401512.058,2026-08-06T20:00:00Z,25.1,63,0
6401512.058,2026-08-06T21:00:00Z,24.4,66,0
6401512.058,2026-08-06T22:00:00Z,23.7,70,0
6401512.058,2026-08-06T23:00:00Z,22.9,75,0
6401512.058,2026-08-07T00:00:00Z,22.1,80,0
6401512.058,2026-08-07T01:00:00Z,21.7,80,0
6401512.058,2026-08-07T02:00:00Z,21.6,78,0
6401512.058,2026-08-07T03:00:00Z,21.3,78,0
6401512.058,2026-08-07T04:00:00Z,22.8,73,0
6401512.058,2026-08-07T05:00:00Z,25.0,64,0
6401512.058,2026-08-07T06:00:00Z,26.1,62,0
6401512.058,2026-08-07T07:00:00Z,27.9,58,0
6401512.058,2026-08-07T08:00:00Z,29.8,53,0
6401512.058,2026-08-07T09:00:00Z,31.3,49,0
6401512.058,2026-08-07T10:00:00Z,32.4,45,0
6401512.058,2026-08-07T11:00:00Z,31.9,41,0.1
6401512.058,2026-08-07T12:00:00Z,33.1,33,0.1
6401512.058,2026-08-07T13:00:00Z,34.0,30,0
6401512.058,2026-08-07T14:00:00Z,33.9,30,0
6401512.058,2026-08-07T15:00:00Z,32.8,35,0.2
6401512.058,2026-08-07T16:00:00Z,30.5,44,0.3
6401512.058,2026-08-07T17:00:00Z,28.7,49,0.1
6401512.058,2026-08-07T18:00:00Z,27.8,55,0
6401512.058,2026-08-07T19:00:00Z,27.0,54,0
6401512.058,2026-08-07T20:00:00Z,25.9,58,0
6401512.058,2026-08-07T21:00:00Z,25.2,62,0
6401512.058,2026-08-07T22:00:00Z,24.5,63,0
6401512.058,2026-08-07T23:00:00Z,23.5,68,0
6401512.058,2026-08-08T00:00:00Z,22.0,79,0
6401512.058,2026-08-08T01:00:00Z,21.4,83,0
6401512.058,2026-08-08T02:00:00Z,20.8,87,0
6401512.058,2026-08-08T03:00:00Z,20.4,89,0
6401512.058,2026-08-08T04:00:00Z,21.0,85,0
6401512.058,2026-08-08T05:00:00Z,22.3,79,0
6401512.058,2026-08-08T06:00:00Z,23.1,75,0
6401512.058,2026-08-08T07:00:00Z,24.7,70,0
6401512.058,2026-08-08T08:00:00Z,25.6,67,0
6401512.058,2026-08-08T09:00:00Z,26.3,64,0
6401512.058,2026-08-08T10:00:00Z,27.3,59,0
6401512.058,2026-08-08T11:00:00Z,27.0,60,0
6401512.058,2026-08-08T12:00:00Z,27.4,57,0
6401512.058,2026-08-08T13:00:00Z,26.6,59,0
6401512.058,2026-08-08T14:00:00Z,25.8,60,0
6401512.058,2026-08-08T15:00:00Z,24.5,62,0
6401512.058,2026-08-08T16:00:00Z,23.4,66,0
6401512.058,2026-08-08T17:00:00Z,23.0,69,0
6401512.058,2026-08-08T18:00:00Z,21.9,72,0
6401512.058,2026-08-08T19:00:00Z,21.3,72,0
6401512.058,2026-08-08T20:00:00Z,20.7,73,0
6401512.058,2026-08-08T21:00:00Z,20.2,73,0
6401512.058,2026-08-08T22:00:00Z,19.8,73,0
6401512.058,2026-08-08T23:00:00Z,19.4,72,0
6401512.058,2026-08-09T00:00:00Z,18.0,72,0
6401512.058,2026-08-09T01:00:00Z,17.9,70,0
6401512.058,2026-08-09T02:00:00Z,17.7,69,0
6401512.058,2026-08-09T03:00:00Z,17.5,70,0
6401512.058,2026-08-09T04:00:00Z,18.0,68,0
6401512.058,2026-08-09T05:00:00Z,19.0,65,0
6401512.058,2026-08-09T06:00:00Z,20.5,59,0
6401512.058,2026-08-09T07:00:00Z,21.9,51,0
6401512.058,2026-08-09T08:00:00Z,23.0,44,0
6401512.058,2026-08-09T09:00:00Z,23.8,40,0
6401512.058,2026-08-09T10:00:00Z,24.5,38,0
6401512.058,2026-08-09T11:00:00Z,25.0,37,0
6401512.058,2026-08-09T12:00:00Z,25.8,35,0
6401512.058,2026-08-09T13:00:00Z,25.7,34,0
6401512.058,2026-08-09T14:00:00Z,25.5,35,0
6401512.058,2026-08-09T15:00:00Z,25.0,37,0
6401512.058,2026-08-09T16:00:00Z,24.2,41,0
6401512.058,2026-08-09T17:00:00Z,22.7,46,0
6401512.058,2026-08-09T18:00:00Z,20.9,51,0
6401512.058,2026-08-09T19:00:00Z,19.9,55,0
6401512.058,2026-08-09T20:00:00Z,19.0,58,0
6401512.058,2026-08-09T21:00:00Z,18.4,60,0
6401512.058,2026-08-09T22:00:00Z,17.7,63,0
6401512.058,2026-08-09T23:00:00Z,16.6,69,0
6401512.058,2026-08-10T00:00:00Z,15.2,77,0
6401512.058,2026-08-10T01:00:00Z,14.4,80,0
6401512.058,2026-08-10T02:00:00Z,13.8,83,0
6401512.058,2026-08-10T03:00:00Z,13.3,85,0
6401512.058,2026-08-10T04:00:00Z,14.7,80,0
6401512.058,2026-08-10T05:00:00Z,17.2,70,0
6401512.058,2026-08-10T06:00:00Z,19.8,61,0
6401512.058,2026-08-10T07:00:00Z,22.1,54,0
6401512.058,2026-08-10T08:00:00Z,23.8,48,0
6401512.058,2026-08-10T09:00:00Z,25.0,45,0
6401512.058,2026-08-10T10:00:00Z,26.1,43,0
6401512.058,2026-08-10T11:00:00Z,26.9,40,0
6401512.058,2026-08-10T12:00:00Z,28.2,38,0
6401512.058,2026-08-10T13:00:00Z,28.4,37,0
6401512.058,2026-08-10T14:00:00Z,28.3,36,0
6401512.058,2026-08-10T15:00:00Z,28.0,36,0
6401512.058,2026-08-10T16:00:00Z,27.1,41,0
6401512.058,2026-08-10T17:00:00Z,24.6,48,0
6401512.058,2026-08-10T18:00:00Z,22.7,50,0
6401512.058,2026-08-10T19:00:00Z,21.5,51,0
6401512.058,2026-08-10T20:00:00Z,20.5,53,0
6401512.058,2026-08-10T21:00:00Z,19.5,58,0
6401512.058,2026-08-10T22:00:00Z,18.9,61,0
6401512.058,2026-08-10T23:00:00Z,18.0,65,0
6401512.058,2026-08-11T00:00:00Z,16.4,71,0
6401512.058,2026-08-11T01:00:00Z,15.6,74,0
6401512.058,2026-08-11T02:00:00Z,14.8,76,0
6401512.058,2026-08-11T03:00:00Z,14.2,78,0
6401512.058,2026-08-11T04:00:00Z,15.7,73,0
6401512.058,2026-08-11T05:00:00Z,19.0,62,0
6401512.058,2026-08-11T06:00:00Z,22.0,54,0
6401512.058,2026-08-11T07:00:00Z,24.9,45,0
6401512.058,2026-08-11T08:00:00Z,27.1,37,0
6401512.058,2026-08-11T09:00:00Z,28.7,31,0
6401512.058,2026-08-11T10:00:00Z,29.8,27,0
6401512.058,2026-08-11T11:00:00Z,30.4,27,0
6401512.058,2026-08-11T12:00:00Z,31.8,25,0
6401512.058,2026-08-11T13:00:00Z,31.8,27,0
6401512.058,2026-08-11T14:00:00Z,31.6,29,0
6401512.058,2026-08-11T15:00:00Z,31.1,32,0
6401512.058,2026-08-11T16:00:00Z,30.1,37,0
6401512.058,2026-08-11T17:00:00Z,27.8,44,0
6401512.058,2026-08-11T18:00:00Z,26.4,47,0
6401512.058,2026-08-11T19:00:00Z,25.4,52,0
6401512.058,2026-08-11T20:00:00Z,24.2,56,0
6401512.058,2026-08-11T21:00:00Z,24.5,55,0
6401512.058,2026-08-11T22:00:00Z,23.8,60,0
6401512.058,2026-08-11T23:00:00Z,22.9,64,0
6401512.058,2026-08-12T00:00:00Z,21.9,64,0.6
6401512.058,2026-08-12T01:00:00Z,21.3,64,0
6401512.058,2026-08-12T02:00:00Z,20.5,66,0
6401512.058,2026-08-12T03:00:00Z,19.8,68,0
6401512.058,2026-08-12T04:00:00Z,19.8,69,0
6401512.058,2026-08-12T05:00:00Z,20.4,64,0
6401512.058,2026-08-12T06:00:00Z,20.2,62,0
6401512.058,2026-08-12T07:00:00Z,21.1,58,0
6401512.058,2026-08-12T08:00:00Z,21.6,55,0.1
6401512.058,2026-08-12T09:00:00Z,23.6,45,0
6401512.058,2026-08-12T10:00:00Z,24.8,38,0
6401512.058,2026-08-12T11:00:00Z,25.2,35,0
6401512.058,2026-08-12T12:00:00Z,25.7,31,0
6401512.058,2026-08-12T13:00:00Z,25.6,31,0
6401512.058,2026-08-12T14:00:00Z,25.5,31,0
6401512.058,2026-08-12T15:00:00Z,25.1,32,0
6401512.058,2026-08-12T16:00:00Z,24.3,34,0
6401512.058,2026-08-12T17:00:00Z,22.7,38,0
6401512.058,2026-08-12T18:00:00Z,21.0,41,0
6401512.058,2026-08-12T19:00:00Z,19.8,44,0
6401512.058,2026-08-12T20:00:00Z,18.7,48,0
6401512.058,2026-08-12T21:00:00Z,18.0,50,0
6401512.058,2026-08-12T22:00:00Z,17.2,53,0
6401512.058,2026-08-12T23:00:00Z,16.3,57,0
6401512.058,2026-08-13T00:00:00Z,15.5,61,0
6401512.058,2026-08-13T01:00:00Z,14.9,64,0
6401512.058,2026-08-13T02:00:00Z,14.4,65,0
6401512.058,2026-08-13T03:00:00Z,13.7,68,0
6401512.058,2026-08-13T04:00:00Z,14.6,67,0
6401512.058,2026-08-13T05:00:00Z,16.4,60,0
6401512.058,2026-08-13T06:00:00Z,18.2,54,0
6401512.058,2026-08-13T07:00:00Z,20.3,48,0
6401512.058,2026-08-13T08:00:00Z,22.1,41,0
6401512.058,2026-08-13T09:00:00Z,23.1,35,0
6401512.058,2026-08-13T10:00:00Z,23.8,34,0
6401512.058,2026-08-13T11:00:00Z,24.2,32,0
6401512.058,2026-08-13T12:00:00Z,25.4,30,0
6401512.058,2026-08-13T13:00:00Z,25.3,29,0
6401512.058,2026-08-13T14:00:00Z,25.2,29,0
6401512.058,2026-08-13T15:00:00Z,24.6,29,0
6401512.058,2026-08-13T16:00:00Z,23.8,32,0
6401512.058,2026-08-13T17:00:00Z,21.1,45,0
6401512.058,2026-08-13T18:00:00Z,19.3,47,0
6401512.058,2026-08-13T19:00:00Z,19.3,44,0
6401512.058,2026-08-13T20:00:00Z,18.7,45,0
6401512.058,2026-08-13T21:00:00Z,17.5,51,0
6401512.058,2026-08-13T22:00:00Z,16.9,57,0
6401512.058,2026-08-13T23:00:00Z,16.2,60,0
6401512.058,2026-08-14T00:00:00Z,13.9,69,0
6401512.058,2026-08-14T01:00:00Z,13.4,71,0
6401512.058,2026-08-14T02:00:00Z,13.1,74,0
6401512.058,2026-08-14T03:00:00Z,13.0,74,0
6401512.058,2026-08-14T04:00:00Z,14.0,72,0
6401512.058,2026-08-14T05:00:00Z,16.1,65,0
6401512.058,2026-08-14T06:00:00Z,17.9,58,0
6401512.058,2026-08-14T07:00:00Z,20.1,51,0
6401512.058,2026-08-14T08:00:00Z,22.1,44,0
6401512.058,2026-08-14T09:00:00Z,23.5,38,0
6401512.058,2026-08-14T10:00:00Z,24.6,34,0
6401512.058,2026-08-14T11:00:00Z,24.7,33,0
6401512.058,2026-08-14T12:00:00Z,25.7,30,0
6401512.058,2026-08-14T13:00:00Z,25.6,29,0
6401512.058,2026-08-14T14:00:00Z,25.4,29,0
6401512.058,2026-08-14T15:00:00Z,25.4,28,0
6401512.058,2026-08-14T16:00:00Z,24.2,31,0
6401512.058,2026-08-14T17:00:00Z,21.7,41,0
6401512.058,2026-08-14T18:00:00Z,19.8,47,0
6401512.058,2026-08-14T19:00:00Z,19.1,44,0
6401512.058,2026-08-14T20:00:00Z,18.1,49,0
6401512.058,2026-08-14T21:00:00Z,17.0,52,0
6401512.058,2026-08-14T22:00:00Z,16.2,56,0
6401512.058,2026-08-14T23:00:00Z,15.4,60,0
6401512.058,2026-08-15T00:00:00Z,13.7,67,0
6401512.058,2026-08-15T01:00:00Z,13.4,69,0
6401512.058,2026-08-15T02:00:00Z,13.2,70,0
6401512.058,2026-08-15T03:00:00Z,13.0,72,0
6401512.058,2026-08-15T04:00:00Z,14.1,71,0
6401512.058,2026-08-15T05:00:00Z,16.4,63,0
6401512.058,2026-08-15T06:00:00Z,18.7,54,0
6401512.058,2026-08-15T07:00:00Z,21.0,47,0
6401512.058,2026-08-15T08:00:00Z,23.0,40,0
6401512.058,2026-08-15T09:00:00Z,24.4,35,0
6401512.058,2026-08-15T10:00:00Z,25.1,35,0
6401512.058,2026-08-15T11:00:00Z,25.8,34,0
6401512.058,2026-08-15T12:00:00Z,26.9,31,0
6401512.058,2026-08-15T13:00:00Z,27.5,30,0
6401512.058,2026-08-15T14:00:00Z,27.1,31,0
6401512.058,2026-08-15T15:00:00Z,26.4,32,0
6401512.058,2026-08-15T16:00:00Z,25.3,43,0
6401512.058,2026-08-15T17:00:00Z,23.0,50,0
6401512.058,2026-08-15T18:00:00Z,21.0,52,0
6401512.058,2026-08-15T19:00:00Z,20.0,55,0
6401512.058,2026-08-15T20:00:00Z,19.4,56,0
6401512.058,2026-08-15T21:00:00Z,18.9,60,0
6401512.058,2026-08-15T22:00:00Z,18.1,62,0
6401512.058,2026-08-15T23:00:00Z,17.1,65,0
6401512.058,2026-08-16T00:00:00Z,15.8,65,0
6401512.058,2026-08-16T01:00:00Z,15.4,66,0
6401512.058,2026-08-16T02:00:00Z,14.9,69,0
6401512.058,2026-08-16T03:00:00Z,14.4,72,0
6401512.058,2026-08-16T04:00:00Z,15.3,74,0
6401512.058,2026-08-16T05:00:00Z,18.4,66,0
6401512.058,2026-08-16T06:00:00Z,21.1,55,0
6401512.058,2026-08-16T07:00:00Z,23.8,48,0
6401512.058,2026-08-16T08:00:00Z,26.1,38,0
6401512.058,2026-08-16T09:00:00Z,27.3,32,0
6401512.058,2026-08-16T10:00:00Z,28.1,30,0
6401512.058,2026-08-16T11:00:00Z,28.5,29,0
6401512.058,2026-08-16T12:00:00Z,29.7,27,0
6401512.058,2026-08-16T13:00:00Z,29.6,27,0
6401512.058,2026-08-16T14:00:00Z,29.4,27,0
6401512.058,2026-08-16T15:00:00Z,28.9,29,0
6401512.058,2026-08-16T16:00:00Z,27.3,39,0
6401512.058,2026-08-16T17:00:00Z,24.2,48,0
6401512.058,2026-08-16T18:00:00Z,22.6,48,0
6401512.058,2026-08-16T19:00:00Z,22.0,45,0
6401512.058,2026-08-16T20:00:00Z,21.0,46,0
6401512.058,2026-08-16T21:00:00Z,19.7,50,0
6401512.058,2026-08-16T22:00:00Z,19.4,52,0
6401512.058,2026-08-16T23:00:00Z,19.3,51,0
6401512.058,2026-08-17T00:00:00Z,18.3,56,0
6401512.058,2026-08-17T01:00:00Z,17.8,59,0
6401512.058,2026-08-17T02:00:00Z,17.3,63,0
6401512.058,2026-08-17T03:00:00Z,16.5,68,0
6401512.058,2026-08-17T04:00:00Z,17.5,67,0
6401512.058,2026-08-17T05:00:00Z,20.2,58,0
6401512.058,2026-08-17T06:00:00Z,22.3,51,0
6401512.058,2026-08-17T07:00:00Z,25.1,44,0
6401512.058,2026-08-17T08:00:00Z,27.6,36,0
6401512.058,2026-08-17T09:00:00Z,28.9,29,0
6401512.058,2026-08-17T10:00:00Z,29.7,27,0
6401512.058,2026-08-17T11:00:00Z,30.3,26,0
6401512.058,2026-08-17T12:00:00Z,31.1,23,0
6401512.058,2026-08-17T13:00:00Z,31.0,24,0
6401512.058,2026-08-17T14:00:00Z,30.8,24,0
6401512.058,2026-08-17T15:00:00Z,30.3,25,0
6401512.058,2026-08-17T16:00:00Z,28.7,32,0
6401512.058,2026-08-17T17:00:00Z,26.0,37,0
6401512.058,2026-08-17T18:00:00Z,24.5,39,0
6401512.058,2026-08-17T19:00:00Z,23.8,39,0
6401512.058,2026-08-17T20:00:00Z,22.4,43,0
6401512.058,2026-08-17T21:00:00Z,21.9,47,0
6401512.058,2026-08-17T22:00:00Z,21.7,47,0
6401512.058,2026-08-17T23:00:00Z,20.8,49,0
6401512.058,2026-08-18T00:00:00Z,19.5,54,0
6401512.058,2026-08-18T01:00:00Z,19.4,55,0
6401512.058,2026-08-18T02:00:00Z,19.1,56,0
6401512.058,2026-08-18T03:00:00Z,19.0,57,0
6401512.058,2026-08-18T04:00:00Z,19.4,59,0
6401512.058,2026-08-18T05:00:00Z,20.8,58,0
6401512.058,2026-08-18T06:00:00Z,22.5,54,0
6401512.058,2026-08-18T07:00:00Z,24.8,48,0
6401512.058,2026-08-18T08:00:00Z,27.1,42,0
6401512.058,2026-08-18T09:00:00Z,29.1,36,0
6401512.058,2026-08-18T10:00:00Z,30.5,32,0
6401512.058,2026-08-18T11:00:00Z,29.1,36,0.3
6401512.058,2026-08-18T12:00:00Z,27.8,41,1.6
6401512.058,2026-08-18T13:00:00Z,21.9,72,1.6
6401512.058,2026-08-18T14:00:00Z,21.6,69,0.4
6401512.058,2026-08-18T15:00:00Z,20.0,78,0.5
6401512.058,2026-08-18T16:00:00Z,20.1,75,0.5
6401512.058,2026-08-18T17:00:00Z,19.4,69,0
6401512.058,2026-08-18T18:00:00Z,18.1,73,0
6401512.058,2026-08-18T19:00:00Z,17.0,78,0
6401512.058,2026-08-18T20:00:00Z,16.0,82,0
6401512.058,2026-08-18T21:00:00Z,15.3,84,0
6401512.058,2026-08-18T22:00:00Z,14.8,86,0
6401512.058,2026-08-18T23:00:00Z,14.7,86,0
6401512.058,2026-08-19T00:00:00Z,14.7,84,0
6401512.058,2026-08-19T01:00:00Z,14.5,85,0
6401512.058,2026-08-19T02:00:00Z,14.4,86,0
6401512.058,2026-08-19T03:00:00Z,14.1,87,0
6401512.058,2026-08-19T04:00:00Z,14.6,86,0
6401512.058,2026-08-19T05:00:00Z,16.3,78,0
6401512.058,2026-08-19T06:00:00Z,18.2,68,0
6401512.058,2026-08-19T07:00:00Z,20.1,59,0
6401512.058,2026-08-19T08:00:00Z,21.7,52,0
6401512.058,2026-08-19T09:00:00Z,22.9,48,0
6401512.058,2026-08-19T10:00:00Z,23.3,45,0.1
6401512.058,2026-08-19T11:00:00Z,24.4,40,0.1
6401512.058,2026-08-19T12:00:00Z,25.2,38,0.1
6401512.058,2026-08-19T13:00:00Z,25.3,38,0
6401512.058,2026-08-19T14:00:00Z,25.4,38,0
6401512.058,2026-08-19T15:00:00Z,25.0,39,0
6401512.058,2026-08-19T16:00:00Z,24.0,47,0
6401512.058,2026-08-19T17:00:00Z,21.9,56,0
6401512.058,2026-08-19T18:00:00Z,20.7,55,0
6401512.058,2026-08-19T19:00:00Z,20.4,55,0
6401512.058,2026-08-19T20:00:00Z,19.9,57,0
6401512.058,2026-08-19T21:00:00Z,19.0,60,0
6401512.058,2026-08-19T22:00:00Z,18.1,64,0
6401512.058,2026-08-19T23:00:00Z,17.4,67,0
6401512.058,2026-08-20T00:00:00Z,15.9,75,0
6401512.058,2026-08-20T01:00:00Z,15.4,79,0
6401512.058,2026-08-20T02:00:00Z,14.9,84,0
6401512.058,2026-08-20T03:00:00Z,14.5,88,0
6401512.058,2026-08-20T04:00:00Z,15.5,85,0
6401512.058,2026-08-20T05:00:00Z,18.5,74,0
6401512.058,2026-08-20T06:00:00Z,21.4,63,0
6401512.058,2026-08-20T07:00:00Z,24.5,52,0
6401512.058,2026-08-20T08:00:00Z,27.0,43,0
6401512.058,2026-08-20T09:00:00Z,28.4,37,0
6401512.058,2026-08-20T10:00:00Z,29.5,34,0
6401512.058,2026-08-20T11:00:00Z,30.4,32,0
6401512.058,2026-08-20T12:00:00Z,31.8,28,0
6401512.058,2026-08-20T13:00:00Z,32.0,28,0
6401512.058,2026-08-20T14:00:00Z,31.8,30,0
6401512.058,2026-08-20T15:00:00Z,31.3,31,0
6401512.058,2026-08-20T16:00:00Z,29.7,38,0
6401512.058,2026-08-20T17:00:00Z,27.0,44,0
6401512.058,2026-08-20T18:00:00Z,26.7,42,0
6401512.058,2026-08-20T19:00:00Z,26.4,43,0
6401512.058,2026-08-20T20:00:00Z,24.6,55,0
6401512.058,2026-08-20T21:00:00Z,23.2,61,0
6401512.058,2026-08-20T22:00:00Z,22.2,64,0
6401512.058,2026-08-20T23:00:00Z,21.4,68,0
6401512.058,2026-08-21T00:00:00Z,20.4,76,0
6401512.058,2026-08-21T01:00:00Z,20.1,79,0
6401512.058,2026-08-21T02:00:00Z,19.8,81,0
6401512.058,2026-08-21T03:00:00Z,19.5,82,0
6401512.058,2026-08-21T04:00:00Z,19.9,79,0
6401512.058,2026-08-21T05:00:00Z,21.6,71,0
6401512.058,2026-08-21T06:00:00Z,23.5,62,0
6401512.058,2026-08-21T07:00:00Z,25.8,54,0
6401512.058,2026-08-21T08:00:00Z,28.0,47,0
6401512.058,2026-08-21T09:00:00Z,30.0,41,0
6401512.058,2026-08-21T10:00:00Z,31.6,36,0
6401512.058,2026-08-21T11:00:00Z,32.6,33,0
6401512.058,2026-08-21T12:00:00Z,33.7,30,0
6401512.058,2026-08-21T13:00:00Z,33.5,31,0
6401512.058,2026-08-21T14:00:00Z,33.0,32,0
6401512.058,2026-08-21T15:00:00Z,32.2,33,0
6401512.058,2026-08-21T16:00:00Z,30.8,38,0
6401512.058,2026-08-21T17:00:00Z,28.5,44,0
6401512.058,2026-08-21T18:00:00Z,27.1,48,0
6401512.058,2026-08-21T19:00:00Z,25.5,54,0
6401512.058,2026-08-21T20:00:00Z,23.9,60,0
6401512.058,2026-08-21T21:00:00Z,22.6,67,0
6401512.058,2026-08-21T22:00:00Z,21.5,72,0
6401512.058,2026-08-21T23:00:00Z,20.5,78,0
6401512.058,2026-08-22T00:00:00Z,18.6,85,0
6401512.058,2026-08-22T01:00:00Z,18.1,89,0
6401512.058,2026-08-22T02:00:00Z,17.5,93,0
6401512.058,2026-08-22T03:00:00Z,17.2,95,0
6401512.058,2026-08-22T04:00:00Z,17.6,94,0
6401512.058,2026-08-22T05:00:00Z,19.3,86,0
6401512.058,2026-08-22T06:00:00Z,21.2,77,0
6401512.058,2026-08-22T07:00:00Z,23.6,65,0
6401512.058,2026-08-22T08:00:00Z,26.0,53,0
6401512.058,2026-08-22T09:00:00Z,27.9,44,0
6401512.058,2026-08-22T10:00:00Z,29.4,39,0
6401512.058,2026-08-22T11:00:00Z,30.5,36,0
6401512.058,2026-08-22T12:00:00Z,32.2,31,0
6401512.058,2026-08-22T13:00:00Z,32.5,30,0
6401512.058,2026-08-22T14:00:00Z,32.5,29,0
6401512.058,2026-08-22T15:00:00Z,32.0,30,0
6401512.058,2026-08-22T16:00:00Z,30.5,36,0
6401512.058,2026-08-22T17:00:00Z,27.2,47,0
6401512.058,2026-08-22T18:00:00Z,26.3,47,0
6401512.058,2026-08-22T19:00:00Z,25.6,49,0
6401512.058,2026-08-22T20:00:00Z,25.1,47,0
6401512.058,2026-08-22T21:00:00Z,25.1,58,0
6401512.058,2026-08-22T22:00:00Z,24.5,66,0
6401512.058,2026-08-22T23:00:00Z,23.8,69,0
6401512.058,2026-08-23T00:00:00Z,22.5,66,0
6401512.058,2026-08-23T01:00:00Z,21.9,64,0
6401512.058,2026-08-23T02:00:00Z,21.4,61,0
6401512.058,2026-08-23T03:00:00Z,20.6,61,0
6401512.058,2026-08-23T04:00:00Z,20.1,61,0
6401512.058,2026-08-23T05:00:00Z,20.7,59,0
6401512.058,2026-08-23T06:00:00Z,21.4,56,0
6401512.058,2026-08-23T07:00:00Z,23.0,50,0
6401512.058,2026-08-23T08:00:00Z,24.7,43,0
6401512.058,2026-08-23T09:00:00Z,26.2,37,0
6401512.058,2026-08-23T10:00:00Z,27.2,34,0
6401512.058,2026-08-23T11:00:00Z,27.8,32,0
6401512.058,2026-08-23T12:00:00Z,28.7,30,0
6401512.058,2026-08-23T13:00:00Z,28.1,31,0
6401512.058,2026-08-23T14:00:00Z,27.8,32,0
6401512.058,2026-08-23T15:00:00Z,27.2,33,0
6401512.058,2026-08-23T16:00:00Z,26.2,36,0
6401512.058,2026-08-23T17:00:00Z,24.1,41,0
6401512.058,2026-08-23T18:00:00Z,23.1,45,0
6401512.058,2026-08-23T19:00:00Z,22.1,49,0
6401512.058,2026-08-23T20:00:00Z,20.8,53,0
6401512.058,2026-08-23T21:00:00Z,20.1,54,0
6401512.058,2026-08-23T22:00:00Z,19.7,54,0
6401512.058,2026-08-23T23:00:00Z,19.0,56,0
6401512.058,2026-08-24T00:00:00Z,17.7,60,0
6401512.058,2026-08-24T01:00:00Z,17.1,63,0
6401512.058,2026-08-24T02:00:00Z,16.3,67,0
6401512.058,2026-08-24T03:00:00Z,16.0,69,0
6401512.058,2026-08-24T04:00:00Z,16.6,69,0
6401512.058,2026-08-24T05:00:00Z,18.4,59,0
6401512.058,2026-08-24T06:00:00Z,19.7,54,0
6401512.058,2026-08-24T07:00:00Z,20.6,51,0
6401512.058,2026-08-24T08:00:00Z,20.8,51,0
6401512.058,2026-08-24T09:00:00Z,21.3,49,0
6401512.058,2026-08-24T10:00:00Z,21.8,47,0
6401512.058,2026-08-24T11:00:00Z,22.0,46,0
6401512.058,2026-08-24T12:00:00Z,24.5,36,0
6401512.058,2026-08-24T13:00:00Z,24.3,37,0
6401512.058,2026-08-24T14:00:00Z,24.7,37,0
6401512.058,2026-08-24T15:00:00Z,24.4,38,0
6401512.058,2026-08-24T16:00:00Z,23.7,42,0
6401512.058,2026-08-24T17:00:00Z,21.7,47,0
6401512.058,2026-08-24T18:00:00Z,21.0,52,0.3
6401512.058,2026-08-24T19:00:00Z,20.1,58,0
6401512.058,2026-08-24T20:00:00Z,19.0,65,0.1
6401512.058,2026-08-24T21:00:00Z,17.6,80,0.1
6401512.058,2026-08-24T22:00:00Z,16.9,91,0.1
6401512.058,2026-08-24T23:00:00Z,16.8,94,0.1
6401512.058,2026-08-25T00:00:00Z,16.3,92,0
6401512.058,2026-08-25T01:00:00Z,16.1,94,0
6401512.058,2026-08-25T02:00:00Z,15.3,96,0
6401512.058,2026-08-25T03:00:00Z,15.1,96,0
6401512.058,2026-08-25T04:00:00Z,15.8,96,0
6401512.058,2026-08-25T05:00:00Z,17.7,87,0
6401512.058,2026-08-25T06:00:00Z,19.3,78,0
6401512.058,2026-08-25T07:00:00Z,21.5,66,0
6401512.058,2026-08-25T08:00:00Z,23.3,58,0
6401512.058,2026-08-25T09:00:00Z,24.7,55,0
6401512.058,2026-08-25T10:00:00Z,25.8,52,0
6401512.058,2026-08-25T11:00:00Z,26.2,51,0
6401512.058,2026-08-25T12:00:00Z,27.5,46,0
6401512.058,2026-08-25T13:00:00Z,28.1,41,0
6401512.058,2026-08-25T14:00:00Z,28.1,41,0
6401512.058,2026-08-25T15:00:00Z,27.8,42,0
6401512.058,2026-08-25T16:00:00Z,26.9,48,0
6401512.058,2026-08-25T17:00:00Z,24.3,56,0
6401512.058,2026-08-25T18:00:00Z,24.0,57,0
6401512.058,2026-08-25T19:00:00Z,20.5,85,1.4
6401512.058,2026-08-25T20:00:00Z,19.8,89,0.9
6401512.058,2026-08-25T21:00:00Z,20.3,86,0.1
6401512.058,2026-08-25T22:00:00Z,19.6,92,0.6
6401512.058,2026-08-25T23:00:00Z,18.9,93,0
6401512.058,2026-08-26T00:00:00Z,18.6,95,2.2
6401512.058,2026-08-26T01:00:00Z,18.5,97,0
6401512.058,2026-08-26T02:00:00Z,18.5,98,0.1
6401512.058,2026-08-26T03:00:00Z,18.4,98,0.7
6401512.058,2026-08-26T04:00:00Z,18.5,98,1.5
6401512.058,2026-08-26T05:00:00Z,18.5,98,0.9
6401512.058,2026-08-26T06:00:00Z,17.5,98,0.1
6401512.058,2026-08-26T07:00:00Z,17.9,96,0.6
6401512.058,2026-08-26T08:00:00Z,18.4,94,0.1
6401512.058,2026-08-26T09:00:00Z,18.8,94,0.6
6401512.058,2026-08-26T10:00:00Z,19.5,93,0.9
6401512.058,2026-08-26T11:00:00Z,19.8,88,0.4
6401512.058,2026-08-26T12:00:00Z,18.8,88,0.3
6401512.058,2026-08-26T13:00:00Z,19.1,91,2.0
6401512.058,2026-08-26T14:00:00Z,19.3,92,1.0
6401512.058,2026-08-26T15:00:00Z,18.3,96,2.5
6401512.058,2026-08-26T16:00:00Z,17.9,96,3.0
6401512.058,2026-08-26T17:00:00Z,17.6,96,1.0
6401512.058,2026-08-26T18:00:00Z,17.5,96,0.2
6401512.058,2026-08-26T19:00:00Z,17.3,96,0.1
6401512.058,2026-08-26T20:00:00Z,17.2,97,0
6401512.058,2026-08-26T21:00:00Z,17.1,97,0
6401512.058,2026-08-26T22:00:00Z,17.0,97,0
6401512.058,2026-08-26T23:00:00Z,17.0,97,0
6401512.058,2026-08-27T00:00:00Z,16.5,98,0
6401512.058,2026-08-27T01:00:00Z,16.5,98,0.1
6401512.058,2026-08-27T02:00:00Z,16.6,98,0.4
6401512.058,2026-08-27T03:00:00Z,16.3,99,0.2
6401512.058,2026-08-27T04:00:00Z,16.4,98,0.2
6401512.058,2026-08-27T05:00:00Z,16.6,97,0.2
6401512.058,2026-08-27T06:00:00Z,16.1,98,0.2
6401512.058,2026-08-27T07:00:00Z,16.3,97,0.5
6401512.058,2026-08-27T08:00:00Z,16.9,92,0.1
6401512.058,2026-08-27T09:00:00Z,18.7,79,0.2
6401512.058,2026-08-27T10:00:00Z,20.2,68,0.1
6401512.058,2026-08-27T11:00:00Z,21.1,62,0
6401512.058,2026-08-27T12:00:00Z,20.6,61,0
6401512.058,2026-08-27T13:00:00Z,20.9,58,0
6401512.058,2026-08-27T14:00:00Z,20.1,62,0.1
6401512.058,2026-08-27T15:00:00Z,19.0,71,0.2
6401512.058,2026-08-27T16:00:00Z,18.3,75,0.1
6401512.058,2026-08-27T17:00:00Z,17.0,84,0.3
6401512.058,2026-08-27T18:00:00Z,16.7,87,0.4
6401512.058,2026-08-27T19:00:00Z,16.3,89,0.1
6401512.058,2026-08-27T20:00:00Z,15.1,92,0
6401512.058,2026-08-27T21:00:00Z,14.9,92,0.1
6401512.058,2026-08-27T22:00:00Z,14.0,95,0
6401512.058,2026-08-27T23:00:00Z,13.3,96,0
6401512.058,2026-08-28T00:00:00Z,12.9,90,0
6401512.058,2026-08-28T01:00:00Z,12.8,89,0
6401512.058,2026-08-28T02:00:00Z,12.7,88,0
6401512.058,2026-08-28T03:00:00Z,12.6,87,0
6401512.058,2026-08-28T04:00:00Z,13.0,85,0
6401512.058,2026-08-28T05:00:00Z,14.8,80,0
6401512.058,2026-08-28T06:00:00Z,16.3,75,0
6401512.058,2026-08-28T07:00:00Z,18.1,69,0
6401512.058,2026-08-28T08:00:00Z,19.5,62,0
6401512.058,2026-08-28T09:00:00Z,20.8,55,0
6401512.058,2026-08-28T10:00:00Z,21.5,51,0
6401512.058,2026-08-28T11:00:00Z,21.5,51,0
6401512.058,2026-08-28T12:00:00Z,21.5,55,0
6401512.058,2026-08-28T13:00:00Z,22.4,52,0
6401512.058,2026-08-28T14:00:00Z,22.4,50,0
6401512.058,2026-08-28T15:00:00Z,22.2,53,0
6401512.058,2026-08-28T16:00:00Z,21.1,61,0
6401512.058,2026-08-28T17:00:00Z,18.6,67,0
6401512.058,2026-08-28T18:00:00Z,17.6,69,0
6401512.058,2026-08-28T19:00:00Z,16.8,72,0
6401512.058,2026-08-28T20:00:00Z,16.1,75,0
6401512.058,2026-08-28T21:00:00Z,15.2,80,0
6401512.058,2026-08-28T22:00:00Z,14.5,83,0
6401512.058,2026-08-28T23:00:00Z,14.0,84,0
6401512.058,2026-08-29T00:00:00Z,13.5,83,0
6401512.058,2026-08-29T01:00:00Z,13.2,82,0
6401512.058,2026-08-29T02:00:00Z,12.7,83,0
6401512.058,2026-08-29T03:00:00Z,12.2,85,0
6401512.058,2026-08-29T04:00:00Z,12.7,84,0
6401512.058,2026-08-29T05:00:00Z,15.2,77,0
6401512.058,2026-08-29T06:00:00Z,17.4,70,0
6401512.058,2026-08-29T07:00:00Z,19.7,64,0
6401512.058,2026-08-29T08:00:00Z,21.7,60,0
6401512.058,2026-08-29T09:00:00Z,23.4,56,0
6401512.058,2026-08-29T10:00:00Z,24.8,51,0
6401512.058,2026-08-29T11:00:00Z,25.7,44,0
6401512.058,2026-08-29T12:00:00Z,27.1,40,0
6401512.058,2026-08-29T13:00:00Z,26.9,41,0
6401512.058,2026-08-29T14:00:00Z,26.6,44,0
6401512.058,2026-08-29T15:00:00Z,25.8,50,0
6401512.058,2026-08-29T16:00:00Z,24.0,66,0
6401512.058,2026-08-29T17:00:00Z,21.6,69,0
6401512.058,2026-08-29T18:00:00Z,21.6,63,0
6401512.058,2026-08-29T19:00:00Z,20.8,66,0
6401512.058,2026-08-29T20:00:00Z,19.6,71,0
6401512.058,2026-08-29T21:00:00Z,19.0,73,0
6401512.058,2026-08-29T22:00:00Z,18.4,74,0
6401512.058,2026-08-29T23:00:00Z,17.4,76,0
6401512.058,2026-08-30T00:00:00Z,16.9,81,0
6401512.058,2026-08-30T01:00:00Z,16.6,83,0
6401512.058,2026-08-30T02:00:00Z,16.2,85,0
6401512.058,2026-08-30T03:00:00Z,16.0,86,0
6401512.058,2026-08-30T04:00:00Z,16.6,86,0
6401512.058,2026-08-30T05:00:00Z,17.1,92,1.5
6401512.058,2026-08-30T06:00:00Z,16.8,94,1.7
6401512.058,2026-08-30T07:00:00Z,19.8,90,0.4
6401512.058,2026-08-30T08:00:00Z,22.7,72,0
6401512.058,2026-08-30T09:00:00Z,24.8,57,0
6401512.058,2026-08-30T10:00:00Z,26.1,50,0
6401512.058,2026-08-30T11:00:00Z,26.9,45,0
6401512.058,2026-08-30T12:00:00Z,27.6,41,0
6401512.058,2026-08-30T13:00:00Z,27.9,40,0
6401512.058,2026-08-30T14:00:00Z,28.1,39,0
6401512.058,2026-08-30T15:00:00Z,27.0,50,0
6401512.058,2026-08-30T16:00:00Z,25.1,57,0
6401512.058,2026-08-30T17:00:00Z,22.8,60,0
6401512.058,2026-08-30T18:00:00Z,22.1,59,0
6401512.058,2026-08-30T19:00:00Z,21.9,55,0
6401512.058,2026-08-30T20:00:00Z,21.5,54,0
6401512.058,2026-08-30T21:00:00Z,20.9,57,0
6401512.058,2026-08-30T22:00:00Z,20.0,59,0
6401512.058,2026-08-30T23:00:00Z,19.3,60,0
6401512.058,2026-08-31T00:00:00Z,18.3,65,0
6401512.058,2026-08-31T01:00:00Z,18.0,66,0
6401512.058,2026-08-31T02:00:00Z,17.1,70,0
6401512.058,2026-08-31T03:00:00Z,16.4,74,0
6401512.058,2026-08-31T04:00:00Z,16.5,75,0
6401512.058,2026-08-31T05:00:00Z,19.0,67,0
6401512.058,2026-08-31T06:00:00Z,21.5,58,0
6401512.058,2026-08-31T07:00:00Z,23.7,51,0
6401512.058,2026-08-31T08:00:00Z,25.7,45,0
6401512.058,2026-08-31T09:00:00Z,27.3,41,0
6401512.058,2026-08-31T10:00:00Z,28.2,38,0
6401512.058,2026-08-31T11:00:00Z,28.6,36,0
6401512.058,2026-08-31T12:00:00Z,29.6,32,0
6401512.058,2026-08-31T13:00:00Z,29.6,32,0
6401512.058,2026-08-31T14:00:00Z,29.2,33,0
6401512.058,2026-08-31T15:00:00Z,28.2,40,0
6401512.058,2026-08-31T16:00:00Z,25.9,48,0
6401512.058,2026-08-31T17:00:00Z,23.8,52,0
6401512.058,2026-08-31T18:00:00Z,23.2,50,0
6401512.058,2026-08-31T19:00:00Z,22.9,48,0
6401512.058,2026-08-31T20:00:00Z,22.1,46,0
6401512.058,2026-08-31T21:00:00Z,21.1,48,0
6401512.058,2026-08-31T22:00:00Z,20.3,49,0
6401512.058,2026-08-31T23:00:00Z,19.4,51,0
6401512.058,2026-09-01T00:00:00Z,18.5,54,0
6401512.058,2026-09-01T01:00:00Z,18.1,52,0
6401512.058,2026-09-01T02:00:00Z,17.4,52,0
6401512.058,2026-09-01T03:00:00Z,16.7,53,0
6401512.058,2026-09-01T04:00:00Z,16.6,53,0
6401512.058,2026-09-01T05:00:00Z,18.6,51,0
6401512.058,2026-09-01T06:00:00Z,20.6,49,0
6401512.058,2026-09-01T07:00:00Z,22.5,44,0
6401512.058,2026-09-01T08:00:00Z,24.5,37,0
6401512.058,2026-09-01T09:00:00Z,26.1,34,0
6401512.058,2026-09-01T10:00:00Z,27.1,29,0
6401512.058,2026-09-01T11:00:00Z,24.4,38,0.1
6401512.058,2026-09-01T12:00:00Z,27.4,24,0.2
6401512.058,2026-09-01T13:00:00Z,28.4,26,0
6401512.058,2026-09-01T14:00:00Z,27.1,38,0
6401512.058,2026-09-01T15:00:00Z,25.0,59,0
6401512.058,2026-09-01T16:00:00Z,23.5,65,0
6401512.058,2026-09-01T17:00:00Z,22.5,68,0
6401512.058,2026-09-01T18:00:00Z,21.8,70,0
6401512.058,2026-09-01T19:00:00Z,20.7,75,0
6401512.058,2026-09-01T20:00:00Z,19.9,80,0
6401512.058,2026-09-01T21:00:00Z,19.2,83,0
6401512.058,2026-09-01T22:00:00Z,18.6,85,0
6401512.058,2026-09-01T23:00:00Z,18.1,85,0
6401512.058,2026-09-02T00:00:00Z,17.0,85,0
6401512.058,2026-09-02T01:00:00Z,16.5,86,0
6401512.058,2026-09-02T02:00:00Z,15.9,89,0
6401512.058,2026-09-02T03:00:00Z,15.4,91,0
6401512.058,2026-09-02T04:00:00Z,15.3,91,0
6401512.058,2026-09-02T05:00:00Z,17.5,82,0
6401512.058,2026-09-02T06:00:00Z,19.5,72,0
6401512.058,2026-09-02T07:00:00Z,21.7,62,0
6401512.058,2026-09-02T08:00:00Z,23.4,56,0
6401512.058,2026-09-02T09:00:00Z,24.6,51,0
6401512.058,2026-09-02T10:00:00Z,25.5,48,0
6401512.058,2026-09-02T11:00:00Z,25.9,45,0
6401512.058,2026-09-02T12:00:00Z,27.2,40,0
6401512.058,2026-09-02T13:00:00Z,26.9,40,0
6401512.058,2026-09-02T14:00:00Z,26.1,42,0
6401512.058,2026-09-02T15:00:00Z,25.5,44,0
6401512.058,2026-09-02T16:00:00Z,24.0,50,0
6401512.058,2026-09-02T17:00:00Z,21.8,59,0
6401512.058,2026-09-02T18:00:00Z,21.9,60,0
6401512.058,2026-09-02T19:00:00Z,20.4,72,0.4
6401512.058,2026-09-02T20:00:00Z,19.8,75,0.1
6401512.058,2026-09-02T21:00:00Z,18.7,80,0
6401512.058,2026-09-02T22:00:00Z,17.9,88,0.4
6401512.058,2026-09-02T23:00:00Z,17.0,91,0.7
6401512.058,2026-09-03T00:00:00Z,17.8,75,0.6
6401512.058,2026-09-03T01:00:00Z,16.0,93,0.8
6401512.058,2026-09-03T02:00:00Z,15.7,97,0.6
6401512.058,2026-09-03T03:00:00Z,15.9,97,0.4
6401512.058,2026-09-03T04:00:00Z,15.7,96,0.1
6401512.058,2026-09-03T05:00:00Z,16.9,95,0
6401512.058,2026-09-03T06:00:00Z,18.3,88,0
6401512.058,2026-09-03T07:00:00Z,20.2,75,0
6401512.058,2026-09-03T08:00:00Z,22.5,60,0
6401512.058,2026-09-03T09:00:00Z,23.5,54,0
6401512.058,2026-09-03T10:00:00Z,25.1,49,0
6401512.058,2026-09-03T11:00:00Z,25.4,47,0
6401512.058,2026-09-03T12:00:00Z,26.1,42,0
6401512.058,2026-09-03T13:00:00Z,25.8,41,0
6401512.058,2026-09-03T14:00:00Z,25.3,44,0.1
6401512.058,2026-09-03T15:00:00Z,24.7,44,0.1
6401512.058,2026-09-03T16:00:00Z,23.4,48,0
6401512.058,2026-09-03T17:00:00Z,21.6,56,0
6401512.058,2026-09-03T18:00:00Z,21.1,57,0
6401512.058,2026-09-03T19:00:00Z,20.3,57,0
6401512.058,2026-09-03T20:00:00Z,19.0,61,0
6401512.058,2026-09-03T21:00:00Z,17.9,67,0
6401512.058,2026-09-03T22:00:00Z,16.8,73,0
6401512.058,2026-09-03T23:00:00Z,16.1,77,0
6401512.058,2026-09-04T00:00:00Z,15.2,81,0
6401512.058,2026-09-04T01:00:00Z,14.8,83,0
6401512.058,2026-09-04T02:00:00Z,14.4,86,0
6401512.058,2026-09-04T03:00:00Z,14.1,86,0
6401512.058,2026-09-04T04:00:00Z,14.6,84,0
6401512.058,2026-09-04T05:00:00Z,17.3,73,0
6401512.058,2026-09-04T06:00:00Z,19.3,67,0
6401512.058,2026-09-04T07:00:00Z,22.2,57,0
6401512.058,2026-09-04T08:00:00Z,24.5,48,0
6401512.058,2026-09-04T09:00:00Z,26.0,41,0
6401512.058,2026-09-04T10:00:00Z,27.0,38,0
6401512.058,2026-09-04T11:00:00Z,27.3,37,0
6401512.058,2026-09-04T12:00:00Z,27.5,34,0
6401512.058,2026-09-04T13:00:00Z,27.3,34,0
6401512.058,2026-09-04T14:00:00Z,26.9,35,0
6401512.058,2026-09-04T15:00:00Z,26.4,36,0
6401512.058,2026-09-04T16:00:00Z,24.7,44,0
6401512.058,2026-09-04T17:00:00Z,22.6,51,0
6401512.058,2026-09-04T18:00:00Z,22.5,51,0
6401512.058,2026-09-04T19:00:00Z,22.1,55,0
6401512.058,2026-09-04T20:00:00Z,20.8,56,0
6401512.058,2026-09-04T21:00:00Z,19.5,61,0
6401512.058,2026-09-04T22:00:00Z,19.2,63,0
6401512.058,2026-09-04T23:00:00Z,18.3,67,0
6401512.058,2026-09-05T00:00:00Z,17.1,70,0
6401512.058,2026-09-05T01:00:00Z,17.4,67,0
6401512.058,2026-09-05T02:00:00Z,17.0,69,0
6401512.058,2026-09-05T03:00:00Z,16.6,71,0
6401512.058,2026-09-05T04:00:00Z,16.7,72,0
6401512.058,2026-09-05T05:00:00Z,19.4,61,0
6401512.058,2026-09-05T06:00:00Z,22.3,53,0
6401512.058,2026-09-05T07:00:00Z,25.2,45,0
6401512.058,2026-09-05T08:00:00Z,27.4,39,0
6401512.058,2026-09-05T09:00:00Z,29.1,35,0
6401512.058,2026-09-05T10:00:00Z,30.6,32,0
6401512.058,2026-09-05T11:00:00Z,31.3,30,0
6401512.058,2026-09-05T12:00:00Z,32.7,26,0
6401512.058,2026-09-05T13:00:00Z,32.5,26,0
6401512.058,2026-09-05T14:00:00Z,30.8,31,0
6401512.058,2026-09-05T15:00:00Z,28.3,43,0
6401512.058,2026-09-05T16:00:00Z,27.2,49,0
6401512.058,2026-09-05T17:00:00Z,25.6,50,0
6401512.058,2026-09-05T18:00:00Z,17.6,88,0.6
6401512.058,2026-09-05T19:00:00Z,16.7,91,2.3
6401512.058,2026-09-05T20:00:00Z,16.9,91,0.2
6401512.058,2026-09-05T21:00:00Z,16.3,91,0.2
6401512.058,2026-09-05T22:00:00Z,16.1,91,0
6401512.058,2026-09-05T23:00:00Z,16.1,90,0
6401512.058,2026-09-06T00:00:00Z,16.6,76,0
6401512.058,2026-09-06T01:00:00Z,15.3,82,0
6401512.058,2026-09-06T02:00:00Z,14.2,86,0
6401512.058,2026-09-06T03:00:00Z,13.9,86,0
6401512.058,2026-09-06T04:00:00Z,13.9,86,0
6401512.058,2026-09-06T05:00:00Z,15.7,79,0
6401512.058,2026-09-06T06:00:00Z,15.5,79,0
6401512.058,2026-09-06T07:00:00Z,17.4,71,0
6401512.058,2026-09-06T08:00:00Z,18.9,61,0
6401512.058,2026-09-06T09:00:00Z,19.7,53,0.3
6401512.058,2026-09-06T10:00:00Z,21.2,47,0
6401512.058,2026-09-06T11:00:00Z,20.8,44,0.2
6401512.058,2026-09-06T12:00:00Z,21.5,40,0.1
6401512.058,2026-09-06T13:00:00Z,21.3,40,0
6401512.058,2026-09-06T14:00:00Z,20.6,40,0
6401512.058,2026-09-06T15:00:00Z,19.8,41,0
6401512.058,2026-09-06T16:00:00Z,18.9,44,0
6401512.058,2026-09-06T17:00:00Z,18.0,45,0
6401512.058,2026-09-06T18:00:00Z,17.2,49,0
6401512.058,2026-09-06T19:00:00Z,16.7,51,0
6401512.058,2026-09-06T20:00:00Z,15.6,58,0
6401512.058,2026-09-06T21:00:00Z,15.2,62,0
6401512.058,2026-09-06T22:00:00Z,14.9,64,0
6401512.058,2026-09-06T23:00:00Z,14.5,66,0
6401512.058,2026-09-07T00:00:00Z,13.4,69,0
6401512.058,2026-09-07T01:00:00Z,13.0,72,0
6401512.058,2026-09-07T02:00:00Z,12.6,74,0
6401512.058,2026-09-07T03:00:00Z,12.2,77,0
6401512.058,2026-09-07T04:00:00Z,12.1,78,0
6401512.058,2026-09-07T05:00:00Z,13.3,75,0
6401512.058,2026-09-07T06:00:00Z,14.7,71,0
6401512.058,2026-09-07T07:00:00Z,16.3,66,0
6401512.058,2026-09-07T08:00:00Z,17.8,62,0
6401512.058,2026-09-07T09:00:00Z,19.2,55,0
6401512.058,2026-09-07T10:00:00Z,20.6,47,0
6401512.058,2026-09-07T11:00:00Z,21.0,44,0
6401512.058,2026-09-07T12:00:00Z,21.7,42,0
6401512.058,2026-09-07T13:00:00Z,21.7,40,0
6401512.058,2026-09-07T14:00:00Z,21.6,38,0
6401512.058,2026-09-07T15:00:00Z,20.9,40,0
6401512.058,2026-09-07T16:00:00Z,19.7,45,0
6401512.058,2026-09-07T17:00:00Z,17.7,52,0
6401512.058,2026-09-07T18:00:00Z,16.2,58,0
6401512.058,2026-09-07T19:00:00Z,15.5,62,0
6401512.058,2026-09-07T20:00:00Z,15.1,63,0
6401512.058,2026-09-07T21:00:00Z,14.5,65,0
6401512.058,2026-09-07T22:00:00Z,13.8,67,0
6401512.058,2026-09-07T23:00:00Z,13.2,70,0
6401512.058,2026-09-08T00:00:00Z,11.6,76,0
6401512.058,2026-09-08T01:00:00Z,11.4,79,0
6401512.058,2026-09-08T02:00:00Z,11.2,81,0
6401512.058,2026-09-08T03:00:00Z,10.9,84,0
6401512.058,2026-09-08T04:00:00Z,11.0,85,0
6401512.058,2026-09-08T05:00:00Z,13.5,76,0
6401512.058,2026-09-08T06:00:00Z,16.1,65,0
6401512.058,2026-09-08T07:00:00Z,18.7,55,0
6401512.058,2026-09-08T08:00:00Z,20.6,47,0
6401512.058,2026-09-08T09:00:00Z,21.9,42,0
6401512.058,2026-09-08T10:00:00Z,22.7,40,0
6401512.058,2026-09-08T11:00:00Z,23.3,39,0
6401512.058,2026-09-08T12:00:00Z,24.7,36,0
6401512.058,2026-09-08T13:00:00Z,24.7,36,0
6401512.058,2026-09-08T14:00:00Z,24.4,37,0
6401512.058,2026-09-08T15:00:00Z,23.8,40,0
6401512.058,2026-09-08T16:00:00Z,21.4,55,0
6401512.058,2026-09-08T17:00:00Z,19.0,62,0
6401512.058,2026-09-08T18:00:00Z,17.9,64,0
6401512.058,2026-09-08T19:00:00Z,17.1,66,0
6401512.058,2026-09-08T20:00:00Z,16.6,65,0
6401512.058,2026-09-08T21:00:00Z,15.9,67,0
6401512.058,2026-09-08T22:00:00Z,15.4,69,0
6401512.058,2026-09-08T23:00:00Z,15.4,68,0
6401512.058,2026-09-09T00:00:00Z,14.8,72,0
6401512.058,2026-09-09T01:00:00Z,14.6,74,0
6401512.058,2026-09-09T02:00:00Z,14.2,77,0
6401512.058,2026-09-09T03:00:00Z,13.9,80,0
6401512.058,2026-09-09T04:00:00Z,13.7,82,0
6401512.058,2026-09-09T05:00:00Z,15.7,76,0
6401512.058,2026-09-09T06:00:00Z,18.1,67,0
6401512.058,2026-09-09T07:00:00Z,20.6,60,0
6401512.058,2026-09-09T08:00:00Z,22.8,53,0
6401512.058,2026-09-09T09:00:00Z,24.4,45,0
6401512.058,2026-09-09T10:00:00Z,25.4,40,0
6401512.058,2026-09-09T11:00:00Z,26.1,38,0
6401512.058,2026-09-09T12:00:00Z,27.2,34,0
6401512.058,2026-09-09T13:00:00Z,27.1,34,0
6401512.058,2026-09-09T14:00:00Z,26.7,35,0
6401512.058,2026-09-09T15:00:00Z,25.9,37,0
6401512.058,2026-09-09T16:00:00Z,23.7,45,0
6401512.058,2026-09-09T17:00:00Z,21.3,53,0
6401512.058,2026-09-09T18:00:00Z,20.6,55,0
6401512.058,2026-09-09T19:00:00Z,20.0,58,0
6401512.058,2026-09-09T20:00:00Z,19.2,64,0
6401512.058,2026-09-09T21:00:00Z,18.5,68,0
6401512.058,2026-09-09T22:00:00Z,17.7,71,0
6401512.058,2026-09-09T23:00:00Z,17.0,73,0
6401512.058,2026-09-10T00:00:00Z,16.1,77,0
6401512.058,2026-09-10T01:00:00Z,16.0,78,0
6401512.058,2026-09-10T02:00:00Z,15.7,80,0
6401512.058,2026-09-10T03:00:00Z,15.3,83,0
6401512.058,2026-09-10T04:00:00Z,15.2,85,0
6401512.058,2026-09-10T05:00:00Z,16.6,80,0
6401512.058,2026-09-10T06:00:00Z,18.7,71,0
6401512.058,2026-09-10T07:00:00Z,20.9,63,0
6401512.058,2026-09-10T08:00:00Z,22.9,56,0
6401512.058,2026-09-10T09:00:00Z,24.7,49,0
6401512.058,2026-09-10T10:00:00Z,26.0,44,0
6401512.058,2026-09-10T11:00:00Z,27.0,40,0
6401512.058,2026-09-10T12:00:00Z,28.5,37,0
6401512.058,2026-09-10T13:00:00Z,28.7,36,0
6401512.058,2026-09-10T14:00:00Z,28.5,35,0
6401512.058,2026-09-10T15:00:00Z,27.8,37,0
6401512.058,2026-09-10T16:00:00Z,25.5,45,0
6401512.058,2026-09-10T17:00:00Z,23.2,53,0
6401512.058,2026-09-10T18:00:00Z,22.2,54,0
6401512.058,2026-09-10T19:00:00Z,21.3,57,0
6401512.058,2026-09-10T20:00:00Z,20.6,61,0
6401512.058,2026-09-10T21:00:00Z,19.9,67,0
6401512.058,2026-09-10T22:00:00Z,18.6,76,0
6401512.058,2026-09-10T23:00:00Z,17.8,81,0
6401512.058,2026-09-11T00:00:00Z,17.1,84,0
6401512.058,2026-09-11T01:00:00Z,16.6,82,0
6401512.058,2026-09-11T02:00:00Z,15.8,84,0
6401512.058,2026-09-11T03:00:00Z,15.4,84,0
6401512.058,2026-09-11T04:00:00Z,15.3,86,0
6401512.058,2026-09-11T05:00:00Z,17.4,80,0
6401512.058,2026-09-11T06:00:00Z,18.9,76,0
6401512.058,2026-09-11T07:00:00Z,20.5,70,0
6401512.058,2026-09-11T08:00:00Z,22.4,63,0
6401512.058,2026-09-11T09:00:00Z,24.0,57,0
6401512.058,2026-09-11T10:00:00Z,25.4,53,0
6401512.058,2026-09-11T11:00:00Z,26.4,49,0
6401512.058,2026-09-11T12:00:00Z,27.5,45,0
6401512.058,2026-09-11T13:00:00Z,27.6,44,0
6401512.058,2026-09-11T14:00:00Z,27.6,44,0
6401512.058,2026-09-11T15:00:00Z,27.2,45,0
6401512.058,2026-09-11T16:00:00Z,25.4,54,0
6401512.058,2026-09-11T17:00:00Z,23.6,62,0
6401512.058,2026-09-11T18:00:00Z,23.2,63,0
6401512.058,2026-09-11T19:00:00Z,22.8,63,0
6401512.058,2026-09-11T20:00:00Z,22.3,66,0
6401512.058,2026-09-11T21:00:00Z,20.9,74,0
6401512.058,2026-09-11T22:00:00Z,20.8,69,0
6401512.058,2026-09-11T23:00:00Z,20.2,70,0
6401512.058,2026-09-12T00:00:00Z,18.8,73,0
6401512.058,2026-09-12T01:00:00Z,18.2,73,0
6401512.058,2026-09-12T02:00:00Z,17.6,76,0
6401512.058,2026-09-12T03:00:00Z,17.0,82,0
6401512.058,2026-09-12T04:00:00Z,16.6,88,0
6401512.058,2026-09-12T05:00:00Z,18.3,83,0
6401512.058,2026-09-12T06:00:00Z,19.9,75,0
6401512.058,2026-09-12T07:00:00Z,22.0,68,0
6401512.058,2026-09-12T08:00:00Z,23.6,63,0
6401512.058,2026-09-12T09:00:00Z,24.9,57,0
6401512.058,2026-09-12T10:00:00Z,25.4,53,0
6401512.058,2026-09-12T11:00:00Z,24.4,55,0
6401512.058,2026-09-12T12:00:00Z,24.4,60,0
6401512.058,2026-09-12T13:00:00Z,23.4,64,0
6401512.058,2026-09-12T14:00:00Z,21.9,71,0
6401512.058,2026-09-12T15:00:00Z,20.1,87,0.4
6401512.058,2026-09-12T16:00:00Z,19.2,96,1.0
6401512.058,2026-09-12T17:00:00Z,18.5,96,0.5
6401512.058,2026-09-12T18:00:00Z,17.9,94,0.4
6401512.058,2026-09-12T19:00:00Z,17.5,96,1.6
6401512.058,2026-09-12T20:00:00Z,17.2,97,2.7
6401512.058,2026-09-12T21:00:00Z,16.5,97,2.8
6401512.058,2026-09-12T22:00:00Z,15.5,97,2.3
6401512.058,2026-09-12T23:00:00Z,14.8,97,0.8
6401512.058,2026-09-13T00:00:00Z,14.1,97,1.7
6401512.058,2026-09-13T01:00:00Z,13.7,98,0.3
6401512.058,2026-09-13T02:00:00Z,13.5,97,0.9
6401512.058,2026-09-13T03:00:00Z,13.3,97,0.3
6401512.058,2026-09-13T04:00:00Z,13.4,97,0.5
6401512.058,2026-09-13T05:00:00Z,13.5,97,0.6
6401512.058,2026-09-13T06:00:00Z,13.4,98,0.7
6401512.058,2026-09-13T07:00:00Z,13.9,96,1.0
6401512.058,2026-09-13T08:00:00Z,14.6,95,1.2
6401512.058,2026-09-13T09:00:00Z,15.3,94,1.6
6401512.058,2026-09-13T10:00:00Z,15.9,93,1.3
6401512.058,2026-09-13T11:00:00Z,16.2,94,0.6
6401512.058,2026-09-13T12:00:00Z,16.1,94,0.4
6401512.058,2026-09-13T13:00:00Z,16.0,95,0.5
6401512.058,2026-09-13T14:00:00Z,15.8,96,0.6
6401512.058,2026-09-13T15:00:00Z,15.5,96,0.4
6401512.058,2026-09-13T16:00:00Z,15.2,96,0.2
6401512.058,2026-09-13T17:00:00Z,14.8,96,0.2
6401512.058,2026-09-13T18:00:00Z,14.6,95,0.1
6401512.058,2026-09-13T19:00:00Z,14.6,95,0.2
6401512.058,2026-09-13T20:00:00Z,14.4,96,0.2
6401512.058,2026-09-13T21:00:00Z,14.2,96,0.1
6401512.058,2026-09-13T22:00:00Z,14.0,95,0
6401512.058,2026-09-13T23:00:00Z,13.9,94,0
6401512.058,2026-09-14T00:00:00Z,14.0,96,0
6401512.058,2026-09-14T01:00:00Z,14.1,94,0
6401512.058,2026-09-14T02:00:00Z,14.2,92,0
6401512.058,2026-09-14T03:00:00Z,14.3,90,0
6401512.058,2026-09-14T04:00:00Z,14.3,89,0
6401512.058,2026-09-14T05:00:00Z,14.6,86,0
6401512.058,2026-09-14T06:00:00Z,15.5,81,0
6401512.058,2026-09-14T07:00:00Z,16.8,70,0
6401512.058,2026-09-14T08:00:00Z,18.5,58,0
6401512.058,2026-09-14T09:00:00Z,19.7,51,0
6401512.058,2026-09-14T10:00:00Z,20.6,45,0
6401512.058,2026-09-14T11:00:00Z,20.7,44,0
6401512.058,2026-09-14T12:00:00Z,20.8,45,0
6401512.058,2026-09-14T13:00:00Z,20.3,48,0.1
6401512.058,2026-09-14T14:00:00Z,19.4,50,0
6401512.058,2026-09-14T15:00:00Z,18.7,53,0
6401512.058,2026-09-14T16:00:00Z,17.4,58,0
6401512.058,2026-09-14T17:00:00Z,15.6,65,0
6401512.058,2026-09-14T18:00:00Z,15.3,71,0
6401512.058,2026-09-14T19:00:00Z,14.3,75,0
6401512.058,2026-09-14T20:00:00Z,13.7,74,0
6401512.058,2026-09-14T21:00:00Z,13.3,71,0
6401512.058,2026-09-14T22:00:00Z,12.8,73,0
6401512.058,2026-09-14T23:00:00Z,12.2,76,0
6401512.058,2026-09-15T00:00:00Z,11.7,79,0
6401512.058,2026-09-15T01:00:00Z,11.5,81,0
6401512.058,2026-09-15T02:00:00Z,11.3,82,0
6401512.058,2026-09-15T03:00:00Z,11.0,85,0
6401512.058,2026-09-15T04:00:00Z,10.8,87,0
6401512.058,2026-09-15T05:00:00Z,12.2,84,0
6401512.058,2026-09-15T06:00:00Z,13.8,78,0
6401512.058,2026-09-15T07:00:00Z,16.1,71,0
6401512.058,2026-09-15T08:00:00Z,18.3,64,0
6401512.058,2026-09-15T09:00:00Z,19.6,56,0.1
6401512.058,2026-09-15T10:00:00Z,20.5,50,0
6401512.058,2026-09-15T11:00:00Z,20.8,50,0.1
6401512.058,2026-09-15T12:00:00Z,21.7,44,0
6401512.058,2026-09-15T13:00:00Z,21.6,44,0
6401512.058,2026-09-15T14:00:00Z,21.5,43,0
6401512.058,2026-09-15T15:00:00Z,20.6,48,0
6401512.058,2026-09-15T16:00:00Z,18.3,59,0
6401512.058,2026-09-15T17:00:00Z,16.3,67,0
6401512.058,2026-09-15T18:00:00Z,16.2,68,0
6401512.058,2026-09-15T19:00:00Z,15.2,71,0
6401512.058,2026-09-15T20:00:00Z,14.4,75,0
6401512.058,2026-09-15T21:00:00Z,13.7,79,0
6401512.058,2026-09-15T22:00:00Z,13.0,82,0
6401512.058,2026-09-15T23:00:00Z,12.3,86,0
6401512.058,2026-09-16T00:00:00Z,11.2,88,0
6401512.058,2026-09-16T01:00:00Z,10.8,90,0
6401512.058,2026-09-16T02:00:00Z,10.5,91,0
6401512.058,2026-09-16T03:00:00Z,10.2,93,0
6401512.058,2026-09-16T04:00:00Z,10.0,94,0
6401512.058,2026-09-16T05:00:00Z,11.9,89,0
6401512.058,2026-09-16T06:00:00Z,14.4,80,0
6401512.058,2026-09-16T07:00:00Z,17.2,70,0
6401512.058,2026-09-16T08:00:00Z,19.4,59,0
6401512.058,2026-09-16T09:00:00Z,20.7,53,0
6401512.058,2026-09-16T10:00:00Z,21.5,50,0
6401512.058,2026-09-16T11:00:00Z,21.9,48,0
6401512.058,2026-09-16T12:00:00Z,23.1,41,0
6401512.058,2026-09-16T13:00:00Z,22.8,41,0
6401512.058,2026-09-16T14:00:00Z,22.4,42,0
6401512.058,2026-09-16T15:00:00Z,21.5,50,0
6401512.058,2026-09-16T16:00:00Z,19.1,57,0
6401512.058,2026-09-16T17:00:00Z,17.5,60,0
6401512.058,2026-09-16T18:00:00Z,16.5,63,0
6401512.058,2026-09-16T19:00:00Z,15.6,72,0
6401512.058,2026-09-16T20:00:00Z,15.1,74,0
6401512.058,2026-09-16T21:00:00Z,14.4,75,0
6401512.058,2026-09-16T22:00:00Z,13.6,80,0
6401512.058,2026-09-16T23:00:00Z,13.1,81,0
6401512.058,2026-09-17T00:00:00Z,11.6,85,0
6401512.058,2026-09-17T01:00:00Z,11.2,86,0
6401512.058,2026-09-17T02:00:00Z,11.0,87,0
6401512.058,2026-09-17T03:00:00Z,10.8,87,0
6401512.058,2026-09-17T04:00:00Z,10.6,89,0
6401512.058,2026-09-17T05:00:00Z,12.9,83,0
6401512.058,2026-09-17T06:00:00Z,15.8,74,0
6401512.058,2026-09-17T07:00:00Z,18.6,66,0
6401512.058,2026-09-17T08:00:00Z,21.0,58,0
6401512.058,2026-09-17T09:00:00Z,22.5,49,0
6401512.058,2026-09-17T10:00:00Z,23.3,44,0
6401512.058,2026-09-17T11:00:00Z,23.8,43,0
6401512.058,2026-09-17T12:00:00Z,25.0,39,0
6401512.058,2026-09-17T13:00:00Z,24.8,39,0
6401512.058,2026-09-17T14:00:00Z,24.5,40,0
6401512.058,2026-09-17T15:00:00Z,23.2,47,0
6401512.058,2026-09-17T16:00:00Z,20.7,55,0
6401512.058,2026-09-17T17:00:00Z,19.0,60,0
6401512.058,2026-09-17T18:00:00Z,18.4,60,0
6401512.058,2026-09-17T19:00:00Z,17.5,63,0
6401512.058,2026-09-17T20:00:00Z,16.3,69,0
6401512.058,2026-09-17T21:00:00Z,15.5,72,0
6401512.058,2026-09-17T22:00:00Z,14.6,78,0
6401512.058,2026-09-17T23:00:00Z,14.2,79,0
6401512.058,2026-09-18T00:00:00Z,14.0,81,0
6401512.058,2026-09-18T01:00:00Z,14.1,82,0
6401512.058,2026-09-18T02:00:00Z,14.7,79,0
6401512.058,2026-09-18T03:00:00Z,15.0,77,0
6401512.058,2026-09-18T04:00:00Z,13.8,83,0
6401512.058,2026-09-18T05:00:00Z,15.3,78,0
6401512.058,2026-09-18T06:00:00Z,17.3,71,0
6401512.058,2026-09-18T07:00:00Z,19.5,65,0
6401512.058,2026-09-18T08:00:00Z,21.7,58,0
6401512.058,2026-09-18T09:00:00Z,23.4,50,0
6401512.058,2026-09-18T10:00:00Z,24.4,43,0
6401512.058,2026-09-18T11:00:00Z,24.8,41,0
6401512.058,2026-09-18T12:00:00Z,25.7,38,0
6401512.058,2026-09-18T13:00:00Z,25.4,38,0
6401512.058,2026-09-18T14:00:00Z,24.8,40,0
6401512.058,2026-09-18T15:00:00Z,23.7,46,0
6401512.058,2026-09-18T16:00:00Z,21.2,53,0
6401512.058,2026-09-18T17:00:00Z,19.5,59,0
6401512.058,2026-09-18T18:00:00Z,18.8,62,0
6401512.058,2026-09-18T19:00:00Z,18.3,62,0
6401512.058,2026-09-18T20:00:00Z,17.3,65,0
6401512.058,2026-09-18T21:00:00Z,16.8,66,0
6401512.058,2026-09-18T22:00:00Z,16.8,66,0
6401512.058,2026-09-18T23:00:00Z,17.3,66,0
6401512.058,2026-09-19T00:00:00Z,16.7,72,0
6401512.058,2026-09-19T01:00:00Z,16.7,74,0
6401512.058,2026-09-19T02:00:00Z,16.3,77,0
6401512.058,2026-09-19T03:00:00Z,15.6,81,0
6401512.058,2026-09-19T04:00:00Z,15.2,83,0
6401512.058,2026-09-19T05:00:00Z,16.9,78,0
6401512.058,2026-09-19T06:00:00Z,18.8,70,0
6401512.058,2026-09-19T07:00:00Z,20.5,64,0
6401512.058,2026-09-19T08:00:00Z,21.6,62,0
6401512.058,2026-09-19T09:00:00Z,22.5,61,0
6401512.058,2026-09-19T10:00:00Z,23.0,62,0
6401512.058,2026-09-19T11:00:00Z,23.3,61,0
6401512.058,2026-09-19T12:00:00Z,22.9,60,0.1
6401512.058,2026-09-19T13:00:00Z,22.9,58,0.2
6401512.058,2026-09-19T14:00:00Z,23.1,56,0.1
6401512.058,2026-09-19T15:00:00Z,22.4,58,0
6401512.058,2026-09-19T16:00:00Z,20.7,67,0
6401512.058,2026-09-19T17:00:00Z,19.0,70,0
6401512.058,2026-09-19T18:00:00Z,18.1,64,0
6401512.058,2026-09-19T19:00:00Z,17.2,64,0
6401512.058,2026-09-19T20:00:00Z,16.3,67,0
6401512.058,2026-09-19T21:00:00Z,15.3,69,0
6401512.058,2026-09-19T22:00:00Z,14.4,73,0
6401512.058,2026-09-19T23:00:00Z,13.8,77,0
6401512.058,2026-09-20T00:00:00Z,13.0,80,0
6401512.058,2026-09-20T01:00:00Z,12.5,83,0
6401512.058,2026-09-20T02:00:00Z,11.9,86,0
6401512.058,2026-09-20T03:00:00Z,11.6,87,0
6401512.058,2026-09-20T04:00:00Z,11.3,88,0
6401512.058,2026-09-20T05:00:00Z,13.4,82,0
6401512.058,2026-09-20T06:00:00Z,15.8,74,0
6401512.058,2026-09-20T07:00:00Z,18.9,63,0
6401512.058,2026-09-20T08:00:00Z,21.1,53,0
6401512.058,2026-09-20T09:00:00Z,22.4,45,0
6401512.058,2026-09-20T10:00:00Z,23.2,42,0
6401512.058,2026-09-20T11:00:00Z,23.7,40,0
6401512.058,2026-09-20T12:00:00Z,25.1,36,0
6401512.058,2026-09-20T13:00:00Z,25.0,36,0
6401512.058,2026-09-20T14:00:00Z,24.5,37,0
6401512.058,2026-09-20T15:00:00Z,23.4,43,0
6401512.058,2026-09-20T16:00:00Z,20.6,54,0
6401512.058,2026-09-20T17:00:00Z,19.7,56,0
6401512.058,2026-09-20T18:00:00Z,18.6,56,0
6401512.058,2026-09-20T19:00:00Z,17.1,63,0
6401512.058,2026-09-20T20:00:00Z,16.3,68,0
6401512.058,2026-09-20T21:00:00Z,15.8,69,0
6401512.058,2026-09-20T22:00:00Z,15.3,70,0
6401512.058,2026-09-20T23:00:00Z,14.9,70,0
6401512.058,2026-09-21T00:00:00Z,14.2,75,0
6401512.058,2026-09-21T01:00:00Z,14.3,74,0
6401512.058,2026-09-21T02:00:00Z,14.2,74,0
6401512.058,2026-09-21T03:00:00Z,13.6,77,0
6401512.058,2026-09-21T04:00:00Z,12.8,82,0
6401512.058,2026-09-21T05:00:00Z,14.8,75,0
6401512.058,2026-09-21T06:00:00Z,17.2,68,0
6401512.058,2026-09-21T07:00:00Z,19.6,63,0
6401512.058,2026-09-21T08:00:00Z,21.9,54,0
6401512.058,2026-09-21T09:00:00Z,22.5,48,0
6401512.058,2026-09-21T10:00:00Z,21.7,50,0
6401512.058,2026-09-21T11:00:00Z,19.5,62,0.1
6401512.058,2026-09-21T12:00:00Z,16.4,93,0.8
6401512.058,2026-09-21T13:00:00Z,15.5,91,0.6
6401512.058,2026-09-21T14:00:00Z,13.6,92,0.6
6401512.058,2026-09-21T15:00:00Z,13.8,79,0
6401512.058,2026-09-21T16:00:00Z,13.2,78,0
6401512.058,2026-09-21T17:00:00Z,12.4,80,0
6401512.058,2026-09-21T18:00:00Z,11.7,80,0
6401512.058,2026-09-21T19:00:00Z,10.9,82,0
6401512.058,2026-09-21T20:00:00Z,10.5,83,0
6401512.058,2026-09-21T21:00:00Z,10.1,87,0
6401512.058,2026-09-21T22:00:00Z,10.0,89,0
6401512.058,2026-09-21T23:00:00Z,9.9,90,0
6401512.058,2026-09-22T00:00:00Z,9.1,90,0
6401512.058,2026-09-22T01:00:00Z,8.7,91,0
6401512.058,2026-09-22T02:00:00Z,8.4,93,0
6401512.058,2026-09-22T03:00:00Z,8.2,94,0
6401512.058,2026-09-22T04:00:00Z,8.0,94,0
6401512.058,2026-09-22T05:00:00Z,9.2,88,0
6401512.058,2026-09-22T06:00:00Z,11.1,80,0
6401512.058,2026-09-22T07:00:00Z,12.8,71,0
6401512.058,2026-09-22T08:00:00Z,14.2,61,0.1
6401512.058,2026-09-22T09:00:00Z,15.5,52,0
6401512.058,2026-09-22T10:00:00Z,16.2,49,0
6401512.058,2026-09-22T11:00:00Z,16.9,46,0
6401512.058,2026-09-22T12:00:00Z,16.2,51,0
6401512.058,2026-09-22T13:00:00Z,16.4,50,0
6401512.058,2026-09-22T14:00:00Z,16.1,49,0
6401512.058,2026-09-22T15:00:00Z,15.5,51,0
6401512.058,2026-09-22T16:00:00Z,13.2,62,0
6401512.058,2026-09-22T17:00:00Z,11.9,68,0
6401512.058,2026-09-22T18:00:00Z,12.0,67,0
6401512.058,2026-09-22T19:00:00Z,11.3,72,0
6401512.058,2026-09-22T20:00:00Z,10.2,79,0
6401512.058,2026-09-22T21:00:00Z,9.6,85,0
6401512.058,2026-09-22T22:00:00Z,9.0,90,0
6401512.058,2026-09-22T23:00:00Z,8.7,93,0
6401512.058,2026-09-23T00:00:00Z,7.8,96,0
6401512.058,2026-09-23T01:00:00Z,7.5,97,0
6401512.058,2026-09-23T02:00:00Z,7.2,98,0
6401512.058,2026-09-23T03:00:00Z,7.1,97,0
6401512.058,2026-09-23T04:00:00Z,7.1,97,0
6401512.058,2026-09-23T05:00:00Z,8.0,93,0
6401512.058,2026-09-23T06:00:00Z,9.2,86,0
6401512.058,2026-09-23T07:00:00Z,11.0,79,0
6401512.058,2026-09-23T08:00:00Z,12.5,73,0
6401512.058,2026-09-23T09:00:00Z,14.2,63,0
6401512.058,2026-09-23T10:00:00Z,14.8,58,0
6401512.058,2026-09-23T11:00:00Z,14.9,55,0
6401512.058,2026-09-23T12:00:00Z,14.6,61,0
6401512.058,2026-09-23T13:00:00Z,14.3,61,0
6401512.058,2026-09-23T14:00:00Z,14.2,61,0
6401512.058,2026-09-23T15:00:00Z,13.7,62,0
6401512.058,2026-09-23T16:00:00Z,13.2,63,0
6401512.058,2026-09-23T17:00:00Z,12.9,69,0
6401512.058,2026-09-23T18:00:00Z,11.1,93,0.1
6401512.058,2026-09-23T19:00:00Z,10.7,95,1.4
6401512.058,2026-09-23T20:00:00Z,10.8,95,0.3
6401512.058,2026-09-23T21:00:00Z,10.6,95,0.3
6401512.058,2026-09-23T22:00:00Z,10.4,95,0.2
6401512.058,2026-09-23T23:00:00Z,10.3,94,0.1
6401512.058,2026-09-24T00:00:00Z,10.1,94,0.1
6401512.058,2026-09-24T01:00:00Z,10.1,94,0.2
6401512.058,2026-09-24T02:00:00Z,10.0,93,0.1
6401512.058,2026-09-24T03:00:00Z,9.8,92,0.1
6401512.058,2026-09-24T04:00:00Z,9.8,90,0.1
6401512.058,2026-09-24T05:00:00Z,10.1,87,0
6401512.058,2026-09-24T06:00:00Z,11.3,80,0
6401512.058,2026-09-24T07:00:00Z,13.0,70,0
6401512.058,2026-09-24T08:00:00Z,14.1,63,0.2
6401512.058,2026-09-24T09:00:00Z,14.3,65,0.2
6401512.058,2026-09-24T10:00:00Z,15.0,61,0.2
6401512.058,2026-09-24T11:00:00Z,15.1,57,0.1
6401512.058,2026-09-24T12:00:00Z,16.9,47,0
6401512.058,2026-09-24T13:00:00Z,16.7,45,0
6401512.058,2026-09-24T14:00:00Z,16.5,45,0
6401512.058,2026-09-24T15:00:00Z,15.7,50,0
6401512.058,2026-09-24T16:00:00Z,13.5,63,0
6401512.058,2026-09-24T17:00:00Z,13.3,63,0
6401512.058,2026-09-24T18:00:00Z,12.3,66,0
6401512.058,2026-09-24T19:00:00Z,11.9,67,0
6401512.058,2026-09-24T20:00:00Z,11.3,69,0
6401512.058,2026-09-24T21:00:00Z,10.4,74,0
6401512.058,2026-09-24T22:00:00Z,10.4,78,0
6401512.058,2026-09-24T23:00:00Z,9.9,81,0
6401512.058,2026-09-25T00:00:00Z,9.7,82,0
6401512.058,2026-09-25T01:00:00Z,8.9,84,0
6401512.058,2026-09-25T02:00:00Z,8.2,86,0
6401512.058,2026-09-25T03:00:00Z,7.6,88,0
6401512.058,2026-09-25T04:00:00Z,7.6,89,0
6401512.058,2026-09-25T05:00:00Z,8.8,84,0
6401512.058,2026-09-25T06:00:00Z,11.0,77,0
6401512.058,2026-09-25T07:00:00Z,13.6,66,0
6401512.058,2026-09-25T08:00:00Z,16.0,57,0
6401512.058,2026-09-25T09:00:00Z,17.9,49,0
6401512.058,2026-09-25T10:00:00Z,19.1,40,0
6401512.058,2026-09-25T11:00:00Z,19.7,37,0
6401512.058,2026-09-25T12:00:00Z,20.1,34,0
6401512.058,2026-09-25T13:00:00Z,19.8,34,0
6401512.058,2026-09-25T14:00:00Z,19.3,43,0
6401512.058,2026-09-25T15:00:00Z,18.2,48,0
6401512.058,2026-09-25T16:00:00Z,15.9,55,0
6401512.058,2026-09-25T17:00:00Z,15.1,58,0
6401512.058,2026-09-25T18:00:00Z,14.6,70,0
6401512.058,2026-09-25T19:00:00Z,13.8,74,0
6401512.058,2026-09-25T20:00:00Z,12.8,79,0
6401512.058,2026-09-25T21:00:00Z,11.8,84,0
6401512.058,2026-09-25T22:00:00Z,11.3,88,0
6401512.058,2026-09-25T23:00:00Z,11.1,90,0
6401512.058,2026-09-26T00:00:00Z,10.5,91,0
6401512.058,2026-09-26T01:00:00Z,9.7,93,0
6401512.058,2026-09-26T02:00:00Z,9.8,94,0
6401512.058,2026-09-26T03:00:00Z,9.8,94,0
6401512.058,2026-09-26T04:00:00Z,9.8,95,0
6401512.058,2026-09-26T05:00:00Z,11.1,91,0
6401512.058,2026-09-26T06:00:00Z,12.6,84,0
6401512.058,2026-09-26T07:00:00Z,14.8,76,0
6401512.058,2026-09-26T08:00:00Z,16.9,68,0
6401512.058,2026-09-26T09:00:00Z,18.4,59,0
6401512.058,2026-09-26T10:00:00Z,19.2,54,0
6401512.058,2026-09-26T11:00:00Z,19.7,51,0
6401512.058,2026-09-26T12:00:00Z,19.0,48,0
6401512.058,2026-09-26T13:00:00Z,18.6,51,0
6401512.058,2026-09-26T14:00:00Z,18.2,54,0
6401512.058,2026-09-26T15:00:00Z,17.5,63,0
6401512.058,2026-09-26T16:00:00Z,15.6,71,0
6401512.058,2026-09-26T17:00:00Z,15.1,72,0
6401512.058,2026-09-26T18:00:00Z,14.8,70,0
6401512.058,2026-09-26T19:00:00Z,13.9,72,0
6401512.058,2026-09-26T20:00:00Z,13.0,77,0
6401512.058,2026-09-26T21:00:00Z,12.3,79,0
6401512.058,2026-09-26T22:00:00Z,11.3,84,0
6401512.058,2026-09-26T23:00:00Z,10.5,87,0
6401512.058,2026-09-27T00:00:00Z,9.4,92,0
6401512.058,2026-09-27T01:00:00Z,8.9,92,0
6401512.058,2026-09-27T02:00:00Z,8.7,92,0
6401512.058,2026-09-27T03:00:00Z,8.4,93,0
6401512.058,2026-09-27T04:00:00Z,8.0,94,0
6401512.058,2026-09-27T05:00:00Z,9.6,90,0
6401512.058,2026-09-27T06:00:00Z,11.9,79,0
6401512.058,2026-09-27T07:00:00Z,15.0,66,0
6401512.058,2026-09-27T08:00:00Z,17.6,54,0
6401512.058,2026-09-27T09:00:00Z,19.1,45,0
6401512.058,2026-09-27T10:00:00Z,19.8,42,0
6401512.058,2026-09-27T11:00:00Z,20.2,40,0
6401512.058,2026-09-27T12:00:00Z,21.1,35,0
6401512.058,2026-09-27T13:00:00Z,20.8,36,0
6401512.058,2026-09-27T14:00:00Z,20.3,38,0
6401512.058,2026-09-27T15:00:00Z,19.1,42,0
6401512.058,2026-09-27T16:00:00Z,16.3,52,0
6401512.058,2026-09-27T17:00:00Z,15.0,58,0
6401512.058,2026-09-27T18:00:00Z,14.5,58,0
6401512.058,2026-09-27T19:00:00Z,14.1,59,0
6401512.058,2026-09-27T20:00:00Z,13.3,61,0
6401512.058,2026-09-27T21:00:00Z,12.7,64,0
6401512.058,2026-09-27T22:00:00Z,12.2,66,0
6401512.058,2026-09-27T23:00:00Z,11.7,67,0
6401512.058,2026-09-28T00:00:00Z,10.7,70,0
6401512.058,2026-09-28T01:00:00Z,10.6,70,0
6401512.058,2026-09-28T02:00:00Z,10.5,72,0
6401512.058,2026-09-28T03:00:00Z,10.4,74,0
6401512.058,2026-09-28T04:00:00Z,10.4,75,0
6401512.058,2026-09-28T05:00:00Z,11.4,73,0
6401512.058,2026-09-28T06:00:00Z,13.0,71,0
6401512.058,2026-09-28T07:00:00Z,14.5,69,0
6401512.058,2026-09-28T08:00:00Z,15.3,73,0.3
6401512.058,2026-09-28T09:00:00Z,16.5,68,0.1
6401512.058,2026-09-28T10:00:00Z,17.4,63,0
6401512.058,2026-09-28T11:00:00Z,18.8,57,0
6401512.058,2026-09-28T12:00:00Z,19.8,50,0
6401512.058,2026-09-28T13:00:00Z,20.2,46,0
6401512.058,2026-09-28T14:00:00Z,20.0,47,0
6401512.058,2026-09-28T15:00:00Z,19.3,50,0
6401512.058,2026-09-28T16:00:00Z,18.2,55,0
6401512.058,2026-09-28T17:00:00Z,17.3,57,0
6401512.058,2026-09-28T18:00:00Z,16.9,55,0
6401512.058,2026-09-28T19:00:00Z,16.1,56,0
6401512.058,2026-09-28T20:00:00Z,15.4,57,0
6401512.058,2026-09-28T21:00:00Z,14.7,59,0
6401512.058,2026-09-28T22:00:00Z,13.8,63,0
6401512.058,2026-09-28T23:00:00Z,13.2,66,0
6401512.058,2026-09-29T00:00:00Z,12.7,69,0
6401512.058,2026-09-29T01:00:00Z,12.1,71,0
6401512.058,2026-09-29T02:00:00Z,11.7,72,0
6401512.058,2026-09-29T03:00:00Z,11.4,74,0
6401512.058,2026-09-29T04:00:00Z,11.1,76,0
6401512.058,2026-09-29T05:00:00Z,11.8,75,0
6401512.058,2026-09-29T06:00:00Z,13.1,73,0
6401512.058,2026-09-29T07:00:00Z,15.0,68,0
6401512.058,2026-09-29T08:00:00Z,16.9,61,0
6401512.058,2026-09-29T09:00:00Z,18.5,53,0
6401512.058,2026-09-29T10:00:00Z,19.6,47,0
6401512.058,2026-09-29T11:00:00Z,20.3,43,0
6401512.058,2026-09-29T12:00:00Z,21.2,40,0
6401512.058,2026-09-29T13:00:00Z,21.1,39,0
6401512.058,2026-09-29T14:00:00Z,20.5,39,0
6401512.058,2026-09-29T15:00:00Z,19.3,44,0
6401512.058,2026-09-29T16:00:00Z,17.9,48,0
6401512.058,2026-09-29T17:00:00Z,16.2,56,0
6401512.058,2026-09-29T18:00:00Z,14.9,57,0
6401512.058,2026-09-29T19:00:00Z,13.9,61,0
6401512.058,2026-09-29T20:00:00Z,13.0,66,0
6401512.058,2026-09-29T21:00:00Z,12.0,70,0
6401512.058,2026-09-29T22:00:00Z,11.2,76,0
6401512.058,2026-09-29T23:00:00Z,10.9,79,0
6401512.058,2026-09-30T00:00:00Z,10.5,78,0
6401512.058,2026-09-30T01:00:00Z,10.0,81,0
6401512.058,2026-09-30T02:00:00Z,9.4,84,0
6401512.058,2026-09-30T03:00:00Z,8.8,87,0
6401512.058,2026-09-30T04:00:00Z,8.2,89,0
6401512.058,2026-09-30T05:00:00Z,9.4,85,0
6401512.058,2026-09-30T06:00:00Z,11.2,76,0
6401512.058,2026-09-30T07:00:00Z,13.6,67,0
6401512.058,2026-09-30T08:00:00Z,15.8,58,0
6401512.058,2026-09-30T09:00:00Z,16.9,50,0
6401512.058,2026-09-30T10:00:00Z,17.8,45,0
6401512.058,2026-09-30T11:00:00Z,18.4,42,0
6401512.058,2026-09-30T12:00:00Z,19.7,35,0
6401512.058,2026-09-30T13:00:00Z,19.4,35,0
6401512.058,2026-09-30T14:00:00Z,18.9,36,0
6401512.058,2026-09-30T15:00:00Z,17.6,41,0
6401512.058,2026-09-30T16:00:00Z,14.9,49,0
6401512.058,2026-09-30T17:00:00Z,13.7,54,0
6401512.058,2026-09-30T18:00:00Z,12.8,54,0
6401512.058,2026-09-30T19:00:00Z,12.1,58,0
6401512.058,2026-09-30T20:00:00Z,11.4,62,0
6401512.058,2026-09-30T21:00:00Z,10.8,66,0
6401512.058,2026-09-30T22:00:00Z,9.9,70,0
6401512.058,2026-09-30T23:00:00Z,9.3,73,0
6401512.058,2026-10-01T00:00:00Z,8.1,74,0
6401512.058,2026-10-01T01:00:00Z,7.5,77,0
6401512.058,2026-10-01T02:00:00Z,7.2,80,0
6401512.058,2026-10-01T03:00:00Z,7.0,82,0
6401512.058,2026-10-01T04:00:00Z,6.9,84,0
6401512.058,2026-10-01T05:00:00Z,8.2,79,0
6401512.058,2026-10-01T06:00:00Z,10.4,71,0
6401512.058,2026-10-01T07:00:00Z,12.9,63,0
6401512.058,2026-10-01T08:00:00Z,15.3,56,0
6401512.058,2026-10-01T09:00:00Z,17.1,50,0
6401512.058,2026-10-01T10:00:00Z,18.0,46,0
6401512.058,2026-10-01T11:00:00Z,18.7,41,0
6401512.058,2026-10-01T12:00:00Z,20.0,33,0
6401512.058,2026-10-01T13:00:00Z,19.8,31,0
6401512.058,2026-10-01T14:00:00Z,19.2,31,0
6401512.058,2026-10-01T15:00:00Z,17.7,37,0
6401512.058,2026-10-01T16:00:00Z,14.9,45,0
6401512.058,2026-10-01T17:00:00Z,13.6,49,0
6401512.058,2026-10-01T18:00:00Z,13.0,50,0
6401512.058,2026-10-01T19:00:00Z,12.1,55,0
6401512.058,2026-10-01T20:00:00Z,11.4,60,0
6401512.058,2026-10-01T21:00:00Z,10.9,65,0
6401512.058,2026-10-01T22:00:00Z,10.0,72,0
6401512.058,2026-10-01T23:00:00Z,9.4,77,0
6401512.058,2026-10-02T00:00:00Z,8.8,77,0
6401512.058,2026-10-02T01:00:00Z,8.1,82,0
6401512.058,2026-10-02T02:00:00Z,7.6,85,0
6401512.058,2026-10-02T03:00:00Z,7.5,86,0
6401512.058,2026-10-02T04:00:00Z,7.7,86,0
6401512.058,2026-10-02T05:00:00Z,9.0,80,0
6401512.058,2026-10-02T06:00:00Z,10.8,72,0
6401512.058,2026-10-02T07:00:00Z,13.0,64,0
6401512.058,2026-10-02T08:00:00Z,15.2,56,0
6401512.058,2026-10-02T09:00:00Z,16.9,46,0
6401512.058,2026-10-02T10:00:00Z,17.6,41,0
6401512.058,2026-10-02T11:00:00Z,18.0,38,0
6401512.058,2026-10-02T12:00:00Z,19.1,31,0
6401512.058,2026-10-02T13:00:00Z,18.8,31,0
6401512.058,2026-10-02T14:00:00Z,18.2,32,0
6401512.058,2026-10-02T15:00:00Z,16.7,37,0
6401512.058,2026-10-02T16:00:00Z,13.7,48,0
6401512.058,2026-10-02T17:00:00Z,12.3,53,0
6401512.058,2026-10-02T18:00:00Z,11.3,54,0
6401512.058,2026-10-02T19:00:00Z,10.2,59,0
6401512.058,2026-10-02T20:00:00Z,9.2,64,0
6401512.058,2026-10-02T21:00:00Z,8.3,69,0
6401512.058,2026-10-02T22:00:00Z,7.6,73,0
6401512.058,2026-10-02T23:00:00Z,7.1,76,0
6401512.058,2026-10-03T00:00:00Z,5.5,80,0
6401512.058,2026-10-03T01:00:00Z,4.9,82,0
6401512.058,2026-10-03T02:00:00Z,4.4,84,0
6401512.058,2026-10-03T03:00:00Z,4.1,86,0
6401512.058,2026-10-03T04:00:00Z,3.8,87,0
6401512.058,2026-10-03T05:00:00Z,5.2,80,0
6401512.058,2026-10-03T06:00:00Z,8.3,67,0
6401512.058,2026-10-03T07:00:00Z,11.7,54,0
6401512.058,2026-10-03T08:00:00Z,14.5,44,0
6401512.058,2026-10-03T09:00:00Z,16.3,38,0
6401512.058,2026-10-03T10:00:00Z,17.6,36,0
6401512.058,2026-10-03T11:00:00Z,18.5,34,0
6401512.058,2026-10-03T12:00:00Z,20.2,28,0
6401512.058,2026-10-03T13:00:00Z,20.1,27,0
6401512.058,2026-10-03T14:00:00Z,19.5,28,0
6401512.058,2026-10-03T15:00:00Z,17.5,36,0
6401512.058,2026-10-03T16:00:00Z,14.6,42,0
6401512.058,2026-10-03T17:00:00Z,13.4,46,0
6401512.058,2026-10-03T18:00:00Z,12.0,51,0
6401512.058,2026-10-03T19:00:00Z,10.8,55,0
6401512.058,2026-10-03T20:00:00Z,9.9,59,0
